{"sorts": ["object", "label"], "predicates": {"has_label": ["object", "label"], "shaved": ["object"], "black": ["object"], "maroon": ["object"], "silk": ["object"], "red": ["object"], "decorative": ["object"], "closed": ["object"], "of": ["object", "object"], "filled_with": ["object", "object"], "to_the_right_of": ["object", "object"], "to_the_left_of": ["object", "object"], "on": ["object", "object"], "wearing": ["object", "object"]}, "elements": {"object": ["4239898", "4490860", "4239897", "4239894", "4490863", "4490828", "4239900", "4239909", "4490855", "4490856", "4490851", "4490850", "4239940", "4490837", "4490831", "4490830", "4239889", "4490839", "4239910", "4239935", "4490843", "4490840", "4490844", "4490848"], "label": ["clothes", "necklace", "basket", "sofa", "shirt", "tie", "nose", "poster", "eye", "eye", "dress", "woman", "bed", "pillow", "frame", "eye_glasses", "earring", "head", "wall", "lipstick", "door", "belt", "hand", "lips"]}, "interpretation": {"has_label": [["4239898", "clothes"], ["4490860", "necklace"], ["4239897", "basket"], ["4239894", "sofa"], ["4490863", "shirt"], ["4490828", "tie"], ["4239900", "nose"], ["4239909", "poster"], ["4490855", "eye"], ["4490856", "eye"], ["4490851", "dress"], ["4490850", "woman"], ["4239940", "bed"], ["4490837", "pillow"], ["4490831", "frame"], ["4490830", "eye_glasses"], ["4239889", "earring"], ["4490839", "head"], ["4239910", "wall"], ["4239935", "lipstick"], ["4490843", "door"], ["4490840", "belt"], ["4490844", "hand"], ["4490848", "lips"]], "shaved": [["4490839"]], "black": [["4490828"], ["4490831"]], "maroon": [["4239935"]], "silk": [["4490828"]], "red": [["4239897"], ["4490863"], ["4490851"]], "decorative": [["4239897"]], "closed": [["4490843"]], "of": [["4490855", "4490850"], ["4490856", "4490850"]], "filled_with": [["4239897", "4239898"]], "to_the_right_of": [["4490860", "4490844"], ["4239894", "4490844"], ["4490828", "4490840"], ["4490828", "4490844"], ["4239909", "4239910"], ["4490856", "4490855"], ["4490837", "4490844"], ["4490837", "4490840"], ["4490831", "4490843"], ["4490830", "4490855"], ["4490839", "4239897"], ["4490839", "4239898"], ["4490839", "4239910"]], "to_the_left_of": [["4239898", "4490839"], ["4239897", "4490839"], ["4490855", "4490856"], ["4490855", "4490830"], ["4239910", "4239909"], ["4239910", "4490839"], ["4490843", "4490831"], ["4490840", "4490837"], ["4490840", "4490828"], ["4490844", "4490837"], ["4490844", "4490828"], ["4490844", "4239894"], ["4490844", "4490860"]], "on": [["4239909", "4239910"], ["4490850", "4239940"]], "wearing": [["4490850", "4490863"], ["4490850", "4490851"]]}}