{"sorts": ["object", "label"], "predicates": {"facing": ["object", "object"], "has_label": ["object", "label"], "ON": ["object", "object"], "clear": ["object"], "calm": ["object"], "white": ["object"], "from": ["object", "object"], "blue": ["object"], "IN": ["object", "object"], "black": ["object"], "turbulent": ["object"], "male": ["object"], "long": ["object"], "above": ["object", "object"], "pure white": ["object"]}, "interpretation": {"facing": [["4513356_300_161", "4513358_2_51"], ["4513357_146_163", "4513358_2_51"]], "has_label": [["4513356_300_161", "person"], ["4513358_2_51", "waves"], ["4513357_146_163", "person"], ["4513360_263_275", "sea foam"], ["4513345_6_48", "water"], ["4513363_163_225", "cord"], ["4513364_170_204", "surf board"], ["4513365_145_162", "person"], ["4513367_146_186", "wetsuit"], ["4513366_296_162", "person"], ["4513368_303_180", "wetsuit"], ["4513369_5_66", "waves"], ["4513370_0_50", "ocean"], ["4513372_304_164", "hair"], ["4513373_290_160", "surfer"], ["4513374_3_5", "sky"]], "ON": [["4513360_263_275", "4513345_6_48"], ["4513372_304_164", "4513373_290_160"]], "clear": [["4513345_6_48"]], "calm": [["4513345_6_48"]], "white": [["4513360_263_275"], ["4513364_170_204"]], "from": [["4513363_163_225", "4513364_170_204"]], "blue": [["4513363_163_225"]], "IN": [["4513365_145_162", "4513367_146_186"], ["4513366_296_162", "4513368_303_180"], ["4513369_5_66", "4513370_0_50"]], "black": [["4513367_146_186"], ["4513368_303_180"]], "turbulent": [["4513369_5_66"]], "male": [["4513373_290_160"]], "long": [["4513372_304_164"]], "above": [["4513374_3_5", "4513370_0_50"]], "pure white": [["4513374_3_5"]]}, "elements": {"object": ["4513357_146_163", "4513369_5_66", "4513370_0_50", "4513358_2_51", "4513360_263_275", "4513373_290_160", "4513365_145_162", "4513364_170_204", "4513356_300_161", "4513367_146_186", "4513372_304_164", "4513374_3_5", "4513368_303_180", "4513363_163_225", "4513366_296_162", "4513345_6_48"], "label": ["water", "ocean", "person", "cord", "surf board", "sky", "waves", "surfer", "hair", "wetsuit", "sea foam"]}, "image": {"id": 2388524, "url": "https://cs.stanford.edu/people/rak248/VG_100K_2/2388524.jpg", "width": 500, "height": 333, "coco_id": null, "flickr_id": 5680346195}}