{"sorts": ["object", "label"], "predicates": {"watching": ["object", "object"], "with  whiteboard": ["object"], "has_label": ["object", "label"], "OF": ["object", "object"], "indoor": ["object"], "ON": ["object", "object"], "black": ["object"]}, "interpretation": {"watching": [["4360896_381_40", "4360897_219_122"]], "with  whiteboard": [["4360896_381_40"]], "has_label": [["4360896_381_40", "surfer"], ["4360897_219_122", "man"], ["4360898_4_105", "floor"], ["4360899_6_9", "surf building"], ["4360900_240_157", "wet suit"], ["4360901_208_126", "surfer"]], "OF": [["4360898_4_105", "4360899_6_9"]], "indoor": [["4360899_6_9"]], "ON": [["4360900_240_157", "4360901_208_126"]], "black": [["4360900_240_157"]]}, "elements": {"object": ["4360899_6_9", "4360898_4_105", "4360897_219_122", "4360896_381_40", "4360900_240_157", "4360901_208_126"], "label": ["man", "wet suit", "surfer", "floor", "surf building"]}, "image": {"id": 2396225, "url": "https://cs.stanford.edu/people/rak248/VG_100K_2/2396225.jpg", "width": 500, "height": 333, "coco_id": 225682, "flickr_id": 5048564048}}