{"sorts": ["object", "label"], "predicates": {"have": ["object", "object"], "standing": ["object"], "three": ["object"], "looking": ["object"], "preparing": ["object"], "staring": ["object"], "has_label": ["object", "label"], "has": ["object", "object"], "young": ["object"], "black": ["object"], "wooden": ["object"], "line": ["object"], "log": ["object"], "brown": ["object"], "check out": ["object", "object"], "blue": ["object"], "awesome": ["object"], "calm": ["object"], "white": ["object"], "are checking": ["object", "object"], "holds": ["object", "object"], "holding": ["object", "object"], "are holding": ["object", "object"], "small": ["object"], "ON": ["object", "object"], "IN": ["object", "object"]}, "interpretation": {"have": [["323948_92_114", "323949_99_190"]], "standing": [["323948_92_114"]], "three": [["323948_92_114"]], "looking": [["323948_92_114"]], "preparing": [["323948_92_114"]], "staring": [["323948_92_114"]], "has_label": [["323948_92_114", "surfers"], ["323949_99_190", "surfboards"], ["323954_320_123", "man"], ["323955_329_262", "no shoes"], ["323957_18_302", "beach"], ["323950_8_184", "posts"], ["323951_29_32", "water"], ["323958_209_117", "surfer"], ["323959_237_205", "surfboard"], ["3811725_215_110", "surfer"], ["3811727_212_125", "surfboard"], ["3811726_312_116", "surfer"], ["3811728_318_138", "surfboard"], ["323961_360_162", "right elbow"], ["323964_226_311", "sand"], ["323952_243_327", "divots"], ["323965_109_133", "surfer"], ["323966_11_7", "left"], ["323967_194_5", "middle"], ["323968_302_7", "right"]], "has": [["323954_320_123", "323955_329_262"], ["323957_18_302", "323950_8_184"], ["323954_320_123", "323961_360_162"], ["323957_18_302", "323950_8_184"], ["323964_226_311", "323952_243_327"]], "young": [["323954_320_123"]], "black": [["323954_320_123"]], "wooden": [["323950_8_184"]], "line": [["323950_8_184"]], "log": [["323950_8_184"]], "brown": [["323950_8_184"]], "check out": [["323948_92_114", "323951_29_32"], ["323948_92_114", "323951_29_32"]], "blue": [["323951_29_32"]], "awesome": [["323951_29_32"]], "calm": [["323951_29_32"]], "white": [["323951_29_32"]], "are checking": [["323948_92_114", "323951_29_32"]], "holds": [["323958_209_117", "323959_237_205"]], "holding": [["3811725_215_110", "3811727_212_125"], ["3811726_312_116", "3811728_318_138"]], "are holding": [["323948_92_114", "323949_99_190"]], "small": [["323952_243_327"]], "ON": [["323965_109_133", "323966_11_7"], ["323954_320_123", "323968_302_7"]], "IN": [["323958_209_117", "323967_194_5"]]}, "elements": {"object": ["3811727_212_125", "323964_226_311", "323949_99_190", "323961_360_162", "323968_302_7", "323958_209_117", "323950_8_184", "323948_92_114", "323967_194_5", "323954_320_123", "323959_237_205", "3811725_215_110", "3811728_318_138", "323951_29_32", "323966_11_7", "323955_329_262", "3811726_312_116", "323965_109_133", "323952_243_327", "323957_18_302"], "label": ["water", "beach", "surfboard", "man", "surfers", "no shoes", "surfer", "right", "sand", "left", "surfboards", "posts", "right elbow", "divots", "middle"]}, "image": {"id": 2406511, "url": "https://cs.stanford.edu/people/rak248/VG_100K_2/2406511.jpg", "width": 500, "height": 375, "coco_id": 371651, "flickr_id": 5300608219}}