{"sorts": ["object", "label"], "predicates": {"has_label": ["object", "label"], "young": ["object"], "black": ["object"], "checkered": ["object"], "brown": ["object"], "white": ["object"], "short": ["object"], "tall": ["object"], "green": ["object"], "of": ["object", "object"], "to_the_right_of": ["object", "object"], "to_the_left_of": ["object", "object"], "on": ["object", "object"], "holding": ["object", "object"]}, "elements": {"object": ["4126499", "3967303", "4126492", "4126491", "4126497", "3967293", "3967301", "4126508", "4126486", "4126501", "4126500", "4126502", "4126504"], "label": ["shoes", "hair", "baby", "grass", "arm", "blanket", "tree", "bench", "hand", "leaves", "ground", "person", "phone"]}, "interpretation": {"has_label": [["4126499", "shoes"], ["3967303", "hair"], ["4126492", "baby"], ["4126491", "grass"], ["4126497", "arm"], ["3967293", "blanket"], ["3967301", "tree"], ["4126508", "bench"], ["4126486", "hand"], ["4126501", "leaves"], ["4126500", "ground"], ["4126502", "person"], ["4126504", "phone"]], "young": [["4126492"]], "black": [["4126504"]], "checkered": [["3967293"]], "brown": [["4126499"], ["3967303"]], "white": [["3967293"]], "short": [["4126491"]], "tall": [["3967301"]], "green": [["4126491"], ["3967301"], ["4126501"]], "of": [["4126486", "4126492"]], "to_the_right_of": [["4126499", "4126497"], ["4126499", "4126492"], ["4126499", "4126504"], ["4126499", "4126486"], ["4126492", "4126508"], ["4126497", "4126486"], ["4126497", "4126504"], ["3967301", "4126492"], ["3967301", "3967303"], ["4126501", "3967303"], ["4126501", "4126492"]], "to_the_left_of": [["3967303", "3967301"], ["3967303", "4126501"], ["4126492", "4126501"], ["4126492", "4126499"], ["4126492", "3967301"], ["4126497", "4126499"], ["4126508", "4126492"], ["4126486", "4126499"], ["4126486", "4126497"], ["4126504", "4126497"], ["4126504", "4126499"]], "on": [["4126499", "4126500"], ["4126502", "4126508"]], "holding": [["4126492", "4126504"]]}}