{"sorts": ["object", "label"], "predicates": {"has_label": ["object", "label"], "shiny": ["object"], "blue": ["object"], "black": ["object"], "brown": ["object"], "white": ["object"], "wood": ["object"], "red": ["object"], "plaid": ["object"], "beautiful": ["object"], "green": ["object"], "of": ["object", "object"], "to_the_right_of": ["object", "object"], "on_top_of": ["object", "object"], "to_the_left_of": ["object", "object"], "in_front_of": ["object", "object"], "leaning_on": ["object", "object"], "running_on": ["object", "object"], "wearing": ["object", "object"]}, "elements": {"object": ["812290", "812293", "812276", "812277", "812274", "812288", "812298", "812286", "812285", "812284", "812283", "812281", "812280", "812287", "812299", "812294", "812278", "812300", "812297"], "label": ["shirt", "blanket", "person", "boot", "horns", "belt", "outfit", "pants", "field", "head", "helmet", "sign", "pole", "glove", "eye", "head", "pole", "nose", "hurdle"]}, "interpretation": {"has_label": [["812290", "shirt"], ["812293", "blanket"], ["812276", "person"], ["812277", "boot"], ["812274", "horns"], ["812288", "belt"], ["812298", "outfit"], ["812286", "pants"], ["812285", "field"], ["812284", "head"], ["812283", "helmet"], ["812281", "sign"], ["812280", "pole"], ["812287", "glove"], ["812299", "eye"], ["812294", "head"], ["812278", "pole"], ["812300", "nose"], ["812297", "hurdle"]], "shiny": [["812277"]], "blue": [["812280"]], "black": [["812277"], ["812288"], ["812283"]], "brown": [["812274"]], "white": [["812293"], ["812298"], ["812286"]], "wood": [["812281"]], "red": [["812278"]], "plaid": [["812290"]], "beautiful": [["812274"]], "green": [["812285"], ["812281"]], "of": [["812274", "812274"], ["812284", "812276"], ["812280", "812297"], ["812299", "812274"], ["812294", "812274"], ["812300", "812274"]], "to_the_right_of": [["812293", "812278"], ["812276", "812278"], ["812298", "812278"], ["812286", "812278"], ["812281", "812294"], ["812281", "812297"], ["812281", "812280"], ["812281", "812274"], ["812287", "812286"], ["812287", "812288"], ["812299", "812276"], ["812299", "812298"], ["812294", "812276"], ["812294", "812290"], ["812294", "812293"], ["812294", "812287"], ["812294", "812298"], ["812300", "812276"]], "on_top_of": [["812276", "812274"], ["812274", "812274"], ["812283", "812284"]], "to_the_left_of": [["812290", "812294"], ["812293", "812294"], ["812276", "812299"], ["812276", "812300"], ["812276", "812294"], ["812274", "812281"], ["812288", "812287"], ["812298", "812299"], ["812298", "812294"], ["812286", "812287"], ["812280", "812281"], ["812287", "812294"], ["812294", "812281"], ["812278", "812286"], ["812278", "812293"], ["812278", "812298"], ["812278", "812276"], ["812297", "812281"]], "in_front_of": [["812274", "812278"]], "leaning_on": [["812276", "812274"]], "running_on": [["812274", "812285"]], "wearing": [["812276", "812283"], ["812276", "812286"], ["812276", "812288"], ["812276", "812287"], ["812276", "812298"], ["812276", "812277"], ["812274", "812274"]]}}