{"sorts": ["object", "label"], "predicates": {"has_label": ["object", "label"], "straight": ["object"], "black": ["object"], "small": ["object"], "brown": ["object"], "full": ["object"], "white": ["object"], "standing": ["object"], "tall": ["object"], "leafy": ["object"], "metal": ["object"], "running": ["object"], "large": ["object"], "down": ["object"], "behind": ["object", "object"], "in_front_of": ["object", "object"], "chasing": ["object", "object"], "herding": ["object", "object"]}, "elements": {"object": ["495835", "495834", "495836", "495831", "495833", "495832", "495839", "495829"], "label": ["bench", "trees", "tree_trunk", "dog", "fence", "dirt", "ground", "sheep"]}, "interpretation": {"has_label": [["495835", "bench"], ["495834", "trees"], ["495836", "tree_trunk"], ["495831", "dog"], ["495833", "fence"], ["495832", "dirt"], ["495839", "ground"], ["495829", "sheep"]], "straight": [["495836"]], "black": [["495831"]], "small": [["495833"]], "brown": [["495834"]], "full": [["495834"]], "white": [["495835"], ["495833"], ["495829"]], "standing": [["495829"]], "tall": [["495834"]], "leafy": [["495834"]], "metal": [["495833"]], "running": [["495831"], ["495829"]], "large": [["495834"]], "down": [["495835"]], "behind": [["495834", "495833"]], "in_front_of": [["495833", "495834"]], "chasing": [["495831", "495829"]], "herding": [["495831", "495829"]]}}