{"sorts": ["object", "label"], "predicates": {"has_label": ["object", "label"], "brick": ["object"], "orange": ["object"], "gray": ["object"], "clear": ["object"], "black": ["object"], "white": ["object"], "wood": ["object"], "red": ["object"], "green": ["object"], "to_the_left_of": ["object", "object"], "to_the_right_of": ["object", "object"]}, "elements": {"object": ["3451434", "3355199", "3355198", "2880227", "2880228", "3486982", "2937793", "2975952", "3499489", "3255538", "3400932", "2791945", "3255537", "3027149"], "label": ["fence", "leaves", "branches", "leaf", "ground", "plants", "trees", "bench", "window", "sky", "wall", "floor", "clouds", "grass"]}, "interpretation": {"has_label": [["3451434", "fence"], ["3355199", "leaves"], ["3355198", "branches"], ["2880227", "leaf"], ["2880228", "ground"], ["3486982", "plants"], ["2937793", "trees"], ["2975952", "bench"], ["3499489", "window"], ["3255538", "sky"], ["3400932", "wall"], ["2791945", "floor"], ["3255537", "clouds"], ["3027149", "grass"]], "brick": [["3400932"]], "orange": [["2880227"]], "gray": [["3499489"]], "clear": [["3255538"]], "black": [["3451434"]], "white": [["2975952"]], "wood": [["2975952"]], "red": [["2791945"]], "green": [["3027149"]], "to_the_left_of": [["2975952", "3486982"], ["3027149", "2975952"]], "to_the_right_of": [["3486982", "2975952"], ["2975952", "3027149"]]}}