{"sorts": ["object", "label"], "predicates": {"has_label": ["object", "label"], "blue": ["object"], "small": ["object"], "brown": ["object"], "white": ["object"], "wood": ["object"], "tall": ["object"], "leafy": ["object"], "large": ["object"], "hardwood": ["object"], "behind": ["object", "object"], "to_the_right_of": ["object", "object"], "sitting_on": ["object", "object"], "in_front_of": ["object", "object"], "on": ["object", "object"], "to_the_left_of": ["object", "object"]}, "elements": {"object": ["2630967", "3919254", "3919256", "2645850", "2445415", "2445414", "2586864", "2617810", "2187635", "2070464", "2389204", "2582717", "3648154", "2635973", "2297861", "2309751", "2621058", "3648155"], "label": ["wall", "plant", "room", "chair", "chair", "pillow", "chair", "couch", "floor", "chandelier", "frame", "window", "ceiling", "lamp", "coffee_table", "rug", "bookshelf", "table"]}, "interpretation": {"has_label": [["2630967", "wall"], ["3919254", "plant"], ["3919256", "room"], ["2645850", "chair"], ["2445415", "chair"], ["2445414", "pillow"], ["2586864", "chair"], ["2617810", "couch"], ["2187635", "floor"], ["2070464", "chandelier"], ["2389204", "frame"], ["2582717", "window"], ["3648154", "ceiling"], ["2635973", "lamp"], ["2297861", "coffee_table"], ["2309751", "rug"], ["2621058", "bookshelf"], ["3648155", "table"]], "blue": [["2645850"], ["2445414"]], "small": [["2070464"]], "brown": [["2187635"], ["2297861"], ["2309751"]], "white": [["2630967"], ["2617810"]], "wood": [["2586864"]], "tall": [["3919254"]], "leafy": [["2582717"]], "large": [["2389204"]], "hardwood": [["2187635"]], "behind": [["2582717", "3919254"]], "to_the_right_of": [["2630967", "2582717"], ["3919254", "2635973"], ["2445414", "2635973"], ["2586864", "2645850"], ["2586864", "2635973"], ["2586864", "2445414"], ["2586864", "2445415"], ["2617810", "2187635"], ["2617810", "2586864"], ["2617810", "2309751"], ["2617810", "2297861"], ["2187635", "2645850"], ["2389204", "2582717"], ["2297861", "3648155"], ["2297861", "2645850"], ["2309751", "2645850"], ["2309751", "3648155"], ["2621058", "2389204"]], "sitting_on": [["2635973", "3648155"]], "in_front_of": [["3919254", "2582717"]], "on": [["2445414", "2445415"]], "to_the_left_of": [["2645850", "2297861"], ["2645850", "2586864"], ["2645850", "2187635"], ["2645850", "2309751"], ["2445415", "2586864"], ["2445414", "2586864"], ["2586864", "2617810"], ["2187635", "2617810"], ["2389204", "2621058"], ["2582717", "2389204"], ["2582717", "2630967"], ["2635973", "2445414"], ["2635973", "2586864"], ["2635973", "3919254"], ["2297861", "2617810"], ["2309751", "2617810"], ["3648155", "2309751"], ["3648155", "2297861"]]}}