{"sorts": ["object", "label"], "predicates": {"has_label": ["object", "label"], "small": ["object"], "brown": ["object"], "white": ["object"], "on": ["object", "object"], "wood": ["object"], "beige": ["object"], "round": ["object"], "long": ["object"], "square": ["object"], "large": ["object"], "decorative": ["object"], "to_the_right_of": ["object", "object"], "near": ["object", "object"], "to_the_left_of": ["object", "object"]}, "elements": {"object": ["171645", "171660", "171655", "171656", "171647", "171646", "171652", "171653", "171650", "171649", "171648", "171658", "171659", "171651"], "label": ["lamp", "outlet", "nightstand", "nightstand", "door", "door", "headboard", "bed", "pillow", "pillow", "pillow", "phone", "wall", "pillow"]}, "interpretation": {"has_label": [["171645", "lamp"], ["171660", "outlet"], ["171655", "nightstand"], ["171656", "nightstand"], ["171647", "door"], ["171646", "door"], ["171652", "headboard"], ["171653", "bed"], ["171650", "pillow"], ["171649", "pillow"], ["171648", "pillow"], ["171658", "phone"], ["171659", "wall"], ["171651", "pillow"]], "small": [["171655"], ["171656"]], "brown": [["171652"]], "white": [["171650"], ["171649"], ["171648"], ["171651"]], "on": [["171645"], ["171645", "171655"], ["171650", "171653"], ["171649", "171653"], ["171648", "171653"], ["171658", "171655"], ["171651", "171653"]], "wood": [["171655"], ["171656"], ["171647"], ["171646"]], "beige": [["171660"]], "round": [["171648"]], "long": [["171648"]], "square": [["171650"], ["171649"], ["171651"]], "large": [["171647"], ["171646"], ["171650"], ["171649"], ["171651"]], "decorative": [["171648"]], "to_the_right_of": [["171645", "171651"], ["171645", "171652"], ["171660", "171653"], ["171656", "171648"], ["171656", "171649"], ["171656", "171651"], ["171656", "171652"], ["171647", "171659"], ["171647", "171646"], ["171647", "171656"], ["171647", "171651"], ["171647", "171645"], ["171646", "171645"], ["171646", "171656"], ["171646", "171652"], ["171646", "171649"], ["171646", "171659"], ["171646", "171651"], ["171648", "171650"], ["171648", "171649"], ["171651", "171649"]], "near": [["171655", "171653"], ["171656", "171653"], ["171653", "171655"], ["171653", "171656"]], "to_the_left_of": [["171645", "171646"], ["171645", "171647"], ["171656", "171647"], ["171656", "171646"], ["171646", "171647"], ["171652", "171645"], ["171652", "171656"], ["171652", "171646"], ["171653", "171660"], ["171650", "171648"], ["171649", "171656"], ["171649", "171651"], ["171649", "171648"], ["171649", "171646"], ["171648", "171656"], ["171659", "171646"], ["171659", "171647"], ["171651", "171645"], ["171651", "171646"], ["171651", "171656"], ["171651", "171647"]]}}