{"sorts": ["object", "label"], "predicates": {"of a": ["object", "object"], "large": ["object"], "wide": ["object"], "white": ["object"], "driving": ["object"], "black": ["object"], "has_label": ["object", "label"], "tinted": ["object"], "ON": ["object", "object"], "skinny": ["object"], "driving on": ["object", "object"], "grey": ["object"], "long": ["object"], "near": ["object", "object"], "light": ["object"], "short": ["object"]}, "interpretation": {"of a": [["1125893_89_218", "3815913_89_6"], ["1125892_118_153", "3815913_89_6"], ["1125893_89_218", "3815913_89_6"], ["1125896_92_157", "3815913_89_6"], ["1125896_92_157", "3815913_89_6"]], "large": [["3815913_89_6"], ["1125892_118_153"]], "wide": [["3815913_89_6"]], "white": [["3815913_89_6"], ["1125898_81_253"]], "driving": [["3815913_89_6"]], "black": [["1125893_89_218"]], "has_label": [["1125893_89_218", "tire"], ["3815913_89_6", "truck"], ["1125892_118_153", "window"], ["1125896_92_157", "mirror"], ["1125897_2_205", "road"], ["1125898_81_253", "line"]], "tinted": [["1125892_118_153"]], "ON": [["1125896_92_157", "3815913_89_6"]], "skinny": [["1125896_92_157"]], "driving on": [["3815913_89_6", "1125897_2_205"]], "grey": [["1125897_2_205"]], "long": [["1125897_2_205"]], "near": [["3815913_89_6", "1125898_81_253"]], "light": [["1125898_81_253"]], "short": [["1125898_81_253"]]}, "elements": {"object": ["1125898_81_253", "3815913_89_6", "1125896_92_157", "1125892_118_153", "1125897_2_205", "1125893_89_218"], "label": ["line", "window", "truck", "mirror", "tire", "road"]}, "image": {"id": 2403322, "url": "https://cs.stanford.edu/people/rak248/VG_100K_2/2403322.jpg", "width": 500, "height": 375, "coco_id": 285649, "flickr_id": 9805025293}}