{"sorts": ["object", "label"], "predicates": {"has_label": ["object", "label"], "black": ["object"], "paved": ["object"], "orange": ["object"], "gray": ["object"], "to_the_right_of": ["object", "object"], "to_the_left_of": ["object", "object"], "on": ["object", "object"], "beside": ["object", "object"], "riding": ["object", "object"], "wearing": ["object", "object"]}, "elements": {"object": ["882614", "882606", "882607", "882617", "882605", "882610", "882613", "882612", "882609"], "label": ["wheels", "road", "man", "arm", "motorcycle", "ground", "tire", "uniform", "helmet"]}, "interpretation": {"has_label": [["882614", "wheels"], ["882606", "road"], ["882607", "man"], ["882617", "arm"], ["882605", "motorcycle"], ["882610", "ground"], ["882613", "tire"], ["882612", "uniform"], ["882609", "helmet"]], "black": [["882614"], ["882613"]], "paved": [["882606"]], "orange": [["882605"], ["882609"]], "gray": [["882606"], ["882612"]], "to_the_right_of": [["882617", "882609"], ["882617", "882614"], ["882613", "882612"], ["882613", "882607"]], "to_the_left_of": [["882614", "882617"], ["882607", "882613"], ["882612", "882613"], ["882609", "882617"]], "on": [["882607", "882605"], ["882605", "882606"]], "beside": [["882610", "882606"]], "riding": [["882607", "882605"]], "wearing": [["882607", "882612"], ["882607", "882609"]]}}