{"sorts": ["object", "label"], "predicates": {"has_label": ["object", "label"], "parked": ["object"], "blue": ["object"], "black": ["object"], "yellow": ["object"], "white": ["object"], "painted": ["object"], "wood": ["object"], "tall": ["object"], "long": ["object"], "light": ["object"], "large": ["object"], "green": ["object"], "empty": ["object"], "behind": ["object", "object"], "of": ["object", "object"], "to_the_right_of": ["object", "object"], "in_front_of": ["object", "object"], "to_the_left_of": ["object", "object"], "near": ["object", "object"]}, "elements": {"object": ["448770", "448771", "448772", "448782", "448775", "448776", "448768", "448778", "448779", "448765", "448757", "448760", "448767", "448788", "448784"], "label": ["arrow", "tire", "bushes", "telephone_pole", "pole", "trailer", "street_light", "wheels", "river", "dock", "truck", "trees", "grass", "door", "tractor"]}, "interpretation": {"has_label": [["448770", "arrow"], ["448771", "tire"], ["448772", "bushes"], ["448782", "telephone_pole"], ["448775", "pole"], ["448776", "trailer"], ["448768", "street_light"], ["448778", "wheels"], ["448779", "river"], ["448765", "dock"], ["448757", "truck"], ["448760", "trees"], ["448767", "grass"], ["448788", "door"], ["448784", "tractor"]], "parked": [["448757"]], "blue": [["448757"], ["448788"]], "black": [["448771"], ["448778"]], "yellow": [["448784"]], "white": [["448770"]], "painted": [["448770"]], "wood": [["448782"]], "tall": [["448768"]], "long": [["448776"]], "light": [["448775"]], "large": [["448757"]], "green": [["448772"], ["448760"], ["448767"]], "empty": [["448776"]], "behind": [["448760", "448779"]], "of": [["448771", "448757"]], "to_the_right_of": [["448771", "448778"], ["448771", "448776"], ["448788", "448776"], ["448788", "448778"], ["448784", "448768"], ["448784", "448775"]], "in_front_of": [["448779", "448760"]], "to_the_left_of": [["448775", "448784"], ["448776", "448771"], ["448776", "448788"], ["448768", "448784"], ["448778", "448788"], ["448778", "448771"]], "near": [["448782", "448779"], ["448779", "448782"]]}}