{"sorts": ["object", "label"], "predicates": {"has_label": ["object", "label"], "closed": ["object"], "gray": ["object"], "black": ["object"], "brown": ["object"], "made": ["object"], "white": ["object"], "wood": ["object"], "light": ["object"], "tan": ["object"], "to_the_right_of": ["object", "object"], "to_the_left_of": ["object", "object"], "on": ["object", "object"], "by": ["object", "object"], "near": ["object", "object"]}, "elements": {"object": ["480244", "480245", "480246", "480247", "480257", "480256", "480242", "480254", "480252", "480243", "480248", "480258", "480249", "480253", "480255", "480261", "480251"], "label": ["desk", "computer", "bed", "computer", "blinds", "keyboard", "bedroom", "chair", "lamp", "door", "floor", "glass", "rug", "pillow", "remote_control", "paper", "wall"]}, "interpretation": {"has_label": [["480244", "desk"], ["480245", "computer"], ["480246", "bed"], ["480247", "computer"], ["480257", "blinds"], ["480256", "keyboard"], ["480242", "bedroom"], ["480254", "chair"], ["480252", "lamp"], ["480243", "door"], ["480248", "floor"], ["480258", "glass"], ["480249", "rug"], ["480253", "pillow"], ["480255", "remote_control"], ["480261", "paper"], ["480251", "wall"]], "closed": [["480257"]], "gray": [["480249"]], "black": [["480252"], ["480255"]], "brown": [["480254"]], "made": [["480246"]], "white": [["480245"], ["480257"], ["480256"], ["480253"]], "wood": [["480254"], ["480248"]], "light": [["480249"]], "tan": [["480246"]], "to_the_right_of": [["480244", "480251"], ["480245", "480251"], ["480245", "480261"], ["480245", "480252"], ["480247", "480251"], ["480247", "480243"], ["480256", "480251"], ["480256", "480261"], ["480254", "480247"], ["480254", "480251"], ["480252", "480251"], ["480258", "480251"], ["480253", "480247"], ["480253", "480251"], ["480261", "480251"], ["480251", "480243"], ["480251", "480257"]], "to_the_left_of": [["480247", "480254"], ["480247", "480253"], ["480257", "480251"], ["480252", "480245"], ["480243", "480247"], ["480243", "480251"], ["480261", "480245"], ["480261", "480256"], ["480251", "480252"], ["480251", "480256"], ["480251", "480247"], ["480251", "480261"], ["480251", "480258"], ["480251", "480253"], ["480251", "480245"], ["480251", "480244"], ["480251", "480254"]], "on": [["480245", "480244"], ["480247", "480248"], ["480257", "480243"], ["480252", "480244"], ["480258", "480244"], ["480249", "480248"], ["480253", "480254"], ["480255", "480246"], ["480261", "480244"]], "by": [["480249", "480243"]], "near": [["480244", "480254"], ["480254", "480244"]]}}