{"sorts": ["object", "label"], "predicates": {"has_label": ["object", "label"], "decorated": ["object"], "torn": ["object"], "sitting": ["object"], "lying": ["object"], "brown": ["object"], "white": ["object"], "old": ["object"], "wood": ["object"], "round": ["object"], "pink": ["object"], "striped": ["object"], "lined": ["object"], "empty": ["object"], "below": ["object", "object"], "behind": ["object", "object"], "underneath": ["object", "object"], "under": ["object", "object"], "to_the_right_of": ["object", "object"], "on_top_of": ["object", "object"], "to_the_left_of": ["object", "object"], "in_front_of": ["object", "object"], "on": ["object", "object"], "near": ["object", "object"], "above": ["object", "object"]}, "elements": {"object": ["1164879", "1164889", "1164888", "1164885", "1164891", "1164890", "1164882", "1164881", "1164880", "1164887", "1164886", "1164878", "1164884"], "label": ["paper", "shelf", "book", "mouth", "ears", "container", "head", "milk", "sticker", "keyboard", "table", "cat", "nose"]}, "interpretation": {"has_label": [["1164879", "paper"], ["1164889", "shelf"], ["1164888", "book"], ["1164885", "mouth"], ["1164891", "ears"], ["1164890", "container"], ["1164882", "head"], ["1164881", "milk"], ["1164880", "sticker"], ["1164887", "keyboard"], ["1164886", "table"], ["1164878", "cat"], ["1164884", "nose"]], "decorated": [["1164881"]], "torn": [["1164879"]], "sitting": [["1164878"]], "lying": [["1164888"]], "brown": [["1164886"], ["1164878"]], "white": [["1164879"]], "old": [["1164882"]], "wood": [["1164889"]], "round": [["1164881"]], "pink": [["1164880"]], "striped": [["1164878"]], "lined": [["1164879"]], "empty": [["1164881"]], "below": [["1164879", "1164878"], ["1164886", "1164878"]], "behind": [["1164881", "1164879"]], "underneath": [["1164879", "1164878"]], "under": [["1164879", "1164878"], ["1164886", "1164878"]], "to_the_right_of": [["1164889", "1164878"], ["1164888", "1164878"], ["1164891", "1164881"], ["1164882", "1164890"], ["1164880", "1164878"], ["1164887", "1164878"], ["1164887", "1164884"], ["1164887", "1164879"], ["1164878", "1164881"]], "on_top_of": [["1164878", "1164879"]], "to_the_left_of": [["1164879", "1164887"], ["1164890", "1164882"], ["1164881", "1164891"], ["1164881", "1164878"], ["1164878", "1164880"], ["1164878", "1164889"], ["1164878", "1164888"], ["1164878", "1164887"], ["1164884", "1164887"]], "in_front_of": [["1164879", "1164881"]], "on": [["1164888", "1164889"], ["1164890", "1164889"], ["1164878", "1164879"]], "near": [["1164882", "1164878"], ["1164881", "1164878"], ["1164880", "1164878"], ["1164887", "1164878"], ["1164878", "1164881"], ["1164878", "1164880"], ["1164878", "1164882"], ["1164878", "1164887"]], "above": [["1164878", "1164879"], ["1164878", "1164886"]]}}