{"sorts": ["object", "label"], "predicates": {"man at beach": ["object", "object"], "blue and green": ["object"], "has_label": ["object", "label"], "stripes are curved": ["object", "object"], "white and orange": ["object"], "orange and white": ["object"], "pole white": ["object", "object"], "feet are on sand": ["object", "object"], "man wearing shorts": ["object", "object"], "bent forward": ["object"], "handle long": ["object", "object"], "umbrella has blue": ["object", "object"], "stripes are on short": ["object", "object"]}, "interpretation": {"man at beach": [["162729_93_91", "162730_219_92"]], "blue and green": [["162730_219_92"]], "has_label": [["162729_93_91", "man with umbrella"], ["162730_219_92", "umbrella at beach"], ["162733_111_141", "shorts have stripes"], ["162734_131_178", "stripes are white"], ["162736_95_94", "umbrella has pole"], ["162737_95_91", "pole is extending"], ["162738_154_301", "feet are bare"], ["162739_0_241", "sand is on beach"], ["162731_111_100", "man with curved back"], ["162742_231_180", "umbrella has handle"], ["162748_231_252", "umbrella has green"], ["162749_240_290", "umbrella has green"]], "stripes are curved": [["162733_111_141", "162734_131_178"]], "white and orange": [["162733_111_141"]], "orange and white": [["162733_111_141"]], "pole white": [["162736_95_94", "162737_95_91"]], "feet are on sand": [["162738_154_301", "162739_0_241"]], "man wearing shorts": [["162731_111_100", "162733_111_141"]], "bent forward": [["162731_111_100"]], "handle long": [["162736_95_94", "162742_231_180"]], "umbrella has blue": [["162748_231_252", "162749_240_290"]], "stripes are on short": [["162734_131_178", "162733_111_141"]]}, "elements": {"object": ["162736_95_94", "162734_131_178", "162749_240_290", "162733_111_141", "162730_219_92", "162738_154_301", "162742_231_180", "162748_231_252", "162737_95_91", "162739_0_241", "162729_93_91", "162731_111_100"], "label": ["umbrella at beach", "pole is extending", "sand is on beach", "man with curved back", "feet are bare", "umbrella has handle", "umbrella has pole", "shorts have stripes", "stripes are white", "umbrella has green", "man with umbrella"]}, "image": {"id": 2413956, "url": "https://cs.stanford.edu/people/rak248/VG_100K_2/2413956.jpg", "width": 500, "height": 375, "coco_id": 290147, "flickr_id": 5945730369}}