{"sorts": ["object", "label"], "predicates": {"using": ["object", "object"], "clay": ["object"], "pizza": ["object"], "stone": ["object"], "reddish-brown": ["object"], "large": ["object"], "outdoor": ["object"], "red clay": ["object"], "has_label": ["object", "label"], "put something into": ["object", "object"], "dark skinned": ["object"], "WEARING": ["object", "object"], "white": ["object"], "wrinkled": ["object"], "has": ["object", "object"], "inside": ["object", "object"], "IN": ["object", "object"], "wooden": ["object"], "besides": ["object", "object"], "making": ["object", "object"], "baking": ["object", "object"], "OF": ["object", "object"], "tan": ["object"], "bubbly": ["object"], "ON": ["object", "object"], "under": ["object", "object"], "stacked": ["object"], "stacks": ["object"], "at": ["object", "object"], "uses": ["object", "object"], "open": ["object"], "orange": ["object"], "yellow": ["object"], "giant": ["object"], "holds": ["object", "object"], "cooking": ["object"], "hanging": ["object"], "long": ["object"], "dark": ["object"], "holding": ["object", "object"], "left of": ["object", "object"], "black": ["object"], "brown": ["object"], "with": ["object", "object"], "next to": ["object", "object"]}, "interpretation": {"using": [["765276_311_41", "765277_6_4"], ["765278_305_35", "765279_117_173"]], "clay": [["765277_6_4"], ["765294_79_148"]], "pizza": [["765277_6_4"]], "stone": [["765277_6_4"]], "reddish-brown": [["765277_6_4"]], "large": [["765277_6_4"], ["765279_117_173"]], "outdoor": [["765277_6_4"]], "red clay": [["765277_6_4"]], "has_label": [["765276_311_41", "person"], ["765277_6_4", "oven"], ["765278_305_35", "woman"], ["765279_117_173", "paddle"], ["765280_349_137", "shirt"], ["765281_39_148", "cracks"], ["765282_91_148", "fire"], ["765283_264_116", "table"], ["765284_246_2", "background"], ["765285_344_47", "lady"], ["765286_123_196", "pizza"], ["765287_122_203", "dough"], ["765288_117_179", "pan"], ["765289_271_312", "plates"], ["765290_258_245", "table"], ["765291_10_14", "restaurant"], ["765292_270_96", "candle"], ["765293_342_97", "chair"], ["765294_79_148", "flame"], ["765295_124_201", "tortilla"], ["765296_240_7", "lights"], ["765297_213_8", "ceiling"], ["765298_240_258", "tortilla"], ["765299_135_181", "pole"], ["765300_356_63", "face"], ["765301_363_96", "nose"], ["765302_260_253", "dough"], ["765303_341_216", "belly"], ["765304_269_116", "table cloth"], ["765305_350_288", "pants"], ["765306_334_201", "hand"], ["765307_135_184", "stick"], ["765308_363_41", "hair"]], "put something into": [["765278_305_35", "765277_6_4"]], "dark skinned": [["765278_305_35"]], "WEARING": [["765276_311_41", "765280_349_137"], ["765278_305_35", "765280_349_137"], ["765278_305_35", "765280_349_137"]], "white": [["765280_349_137"], ["765304_269_116"]], "wrinkled": [["765280_349_137"]], "has": [["765277_6_4", "765281_39_148"]], "inside": [["765282_91_148", "765277_6_4"], ["765295_124_201", "765277_6_4"]], "IN": [["765283_264_116", "765284_246_2"], ["765286_123_196", "765277_6_4"], ["765282_91_148", "765277_6_4"], ["765299_135_181", "765277_6_4"], ["765282_91_148", "765277_6_4"], ["765287_122_203", "765277_6_4"], ["765294_79_148", "765277_6_4"]], "wooden": [["765283_264_116"], ["765290_258_245"], ["765307_135_184"]], "besides": [["765283_264_116", "765285_344_47"]], "making": [["765276_311_41", "765286_123_196"]], "baking": [["765278_305_35", "765286_123_196"]], "OF": [["765287_122_203", "765286_123_196"], ["765300_356_63", "765278_305_35"], ["765303_341_216", "765278_305_35"], ["765306_334_201", "765278_305_35"]], "tan": [["765287_122_203"]], "bubbly": [["765287_122_203"]], "ON": [["765287_122_203", "765288_117_179"], ["765292_270_96", "765283_264_116"], ["765296_240_7", "765297_213_8"], ["765298_240_258", "765290_258_245"], ["765301_363_96", "765300_356_63"], ["765305_350_288", "765278_305_35"], ["765280_349_137", "765278_305_35"]], "under": [["765289_271_312", "765290_258_245"], ["765289_271_312", "765290_258_245"]], "stacked": [["765289_271_312"]], "stacks": [["765289_271_312"]], "at": [["765283_264_116", "765291_10_14"], ["765293_342_97", "765283_264_116"]], "uses": [["765277_6_4", "765294_79_148"]], "open": [["765294_79_148"]], "orange": [["765294_79_148"]], "yellow": [["765294_79_148"]], "giant": [["765294_79_148"]], "holds": [["765278_305_35", "765279_117_173"]], "cooking": [["765295_124_201"]], "hanging": [["765296_240_7"]], "long": [["765299_135_181"], ["765307_135_184"]], "dark": [["765299_135_181"]], "holding": [["765276_311_41", "765299_135_181"], ["765278_305_35", "765307_135_184"]], "left of": [["765302_260_253", "765303_341_216"], ["765304_269_116", "765278_305_35"], ["765289_271_312", "765278_305_35"]], "black": [["765305_350_288"], ["765308_363_41"]], "brown": [["765307_135_184"]], "with": [["765278_305_35", "765308_363_41"]], "next to": [["765278_305_35", "765277_6_4"]]}, "elements": {"object": ["765296_240_7", "765290_258_245", "765294_79_148", "765292_270_96", "765306_334_201", "765285_344_47", "765287_122_203", "765289_271_312", "765278_305_35", "765308_363_41", "765298_240_258", "765277_6_4", "765286_123_196", "765288_117_179", "765280_349_137", "765279_117_173", "765276_311_41", "765303_341_216", "765305_350_288", "765304_269_116", "765295_124_201", "765297_213_8", "765293_342_97", "765307_135_184", "765281_39_148", "765299_135_181", "765300_356_63", "765282_91_148", "765284_246_2", "765291_10_14", "765283_264_116", "765302_260_253", "765301_363_96"], "label": ["face", "pan", "flame", "plates", "shirt", "hand", "dough", "pizza", "cracks", "lady", "pants", "stick", "candle", "nose", "restaurant", "tortilla", "oven", "chair", "fire", "woman", "table cloth", "table", "ceiling", "person", "paddle", "lights", "pole", "hair", "belly", "background"]}, "image": {"id": 2363405, "url": "https://cs.stanford.edu/people/rak248/VG_100K/2363405.jpg", "width": 500, "height": 333, "coco_id": null, "flickr_id": 4810327922}}