{"sorts": ["object", "label"], "predicates": {"IN": ["object", "object"], "round": ["object"], "smoke blackenedd": ["object"], "brick": ["object"], "soot covered": ["object"], "long": ["object"], "wooden": ["object"], "metal": ["object"], "has_label": ["object", "label"], "are on": ["object", "object"], "uncooked": ["object"], "entry of": ["object", "object"], "hot": ["object"], "wood burning": ["object"], "pizza oven": ["object"], "cooking inside of": ["object", "object"], "to take out": ["object", "object"], "are inside of": ["object", "object"], "glowing": ["object"], "gray": ["object"], "white": ["object"], "red": ["object"], "yellow": ["object"], "burning": ["object"], "in a pile": ["object"], "has": ["object", "object"], "inside of": ["object", "object"], "are on top of": ["object", "object"], "at back of th": ["object", "object"], "in back of": ["object", "object"], "ON": ["object", "object"], "black": ["object"], "warped metal": ["object"], "square": ["object"], "under": ["object", "object"]}, "interpretation": {"IN": [["1206044_331_203", "1206045_22_23"], ["1206039_178_174", "1206047_0_2"], ["1206044_331_203", "1206047_0_2"]], "round": [["1206045_22_23"]], "smoke blackenedd": [["1206045_22_23"]], "brick": [["1206045_22_23"], ["1206047_0_2"], ["1206043_2_181"]], "soot covered": [["1206045_22_23"]], "long": [["1206044_331_203"]], "wooden": [["1206044_331_203"], ["1206040_170_170"]], "metal": [["1206044_331_203"]], "has_label": [["1206044_331_203", "pole"], ["1206045_22_23", "archway"], ["1206041_183_179", "toppings"], ["1206039_178_174", "pizza"], ["1206047_0_2", "oven"], ["1206042_109_103", "embers"], ["1206048_21_21", "trim"], ["1206049_204_77", "brick"], ["1206043_2_181", "floor"], ["1206040_170_170", "tray"]], "are on": [["1206041_183_179", "1206039_178_174"], ["1206041_183_179", "1206039_178_174"], ["1206042_109_103", "1206043_2_181"]], "uncooked": [["1206039_178_174"]], "entry of": [["1206045_22_23", "1206047_0_2"]], "hot": [["1206047_0_2"]], "wood burning": [["1206047_0_2"]], "pizza oven": [["1206047_0_2"]], "cooking inside of": [["1206039_178_174", "1206047_0_2"]], "to take out": [["1206044_331_203", "1206039_178_174"]], "are inside of": [["1206042_109_103", "1206047_0_2"], ["1206042_109_103", "1206047_0_2"]], "glowing": [["1206042_109_103"]], "gray": [["1206042_109_103"]], "white": [["1206042_109_103"], ["1206048_21_21"], ["1206043_2_181"]], "red": [["1206042_109_103"]], "yellow": [["1206042_109_103"]], "burning": [["1206042_109_103"]], "in a pile": [["1206042_109_103"]], "has": [["1206045_22_23", "1206048_21_21"]], "inside of": [["1206049_204_77", "1206047_0_2"], ["1206039_178_174", "1206047_0_2"]], "are on top of": [["1206041_183_179", "1206039_178_174"]], "at back of th": [["1206049_204_77", "1206047_0_2"]], "in back of": [["1206049_204_77", "1206047_0_2"]], "ON": [["1206039_178_174", "1206040_170_170"]], "black": [["1206040_170_170"]], "warped metal": [["1206040_170_170"]], "square": [["1206040_170_170"]], "under": [["1206040_170_170", "1206039_178_174"]]}, "elements": {"object": ["1206047_0_2", "1206043_2_181", "1206045_22_23", "1206048_21_21", "1206040_170_170", "1206044_331_203", "1206042_109_103", "1206049_204_77", "1206039_178_174", "1206041_183_179"], "label": ["brick", "oven", "tray", "embers", "toppings", "pizza", "archway", "pole", "floor", "trim"]}, "image": {"id": 2395341, "url": "https://cs.stanford.edu/people/rak248/VG_100K_2/2395341.jpg", "width": 500, "height": 375, "coco_id": 23588, "flickr_id": 2625127094}}