{"sorts": ["object", "label"], "predicates": {"has_label": ["object", "label"], "brick": ["object"], "orange": ["object"], "concrete": ["object"], "short": ["object"], "tall": ["object"], "pink": ["object"], "green": ["object"], "to_the_right_of": ["object", "object"], "to_the_left_of": ["object", "object"], "on": ["object", "object"], "lying_on": ["object", "object"], "at": ["object", "object"]}, "elements": {"object": ["4490481", "4239239", "4239228", "4239224", "4490480", "4490500", "4490486", "4490478", "4490492", "4239246", "4239257", "4239243", "4239242", "4239240"], "label": ["flowers", "flowers", "bed", "umbrella", "wall", "flower", "ground", "street_light", "flower", "staircase", "trees", "fence", "garden", "grass"]}, "interpretation": {"has_label": [["4490481", "flowers"], ["4239239", "flowers"], ["4239228", "bed"], ["4239224", "umbrella"], ["4490480", "wall"], ["4490500", "flower"], ["4490486", "ground"], ["4490478", "street_light"], ["4490492", "flower"], ["4239246", "staircase"], ["4239257", "trees"], ["4239243", "fence"], ["4239242", "garden"], ["4239240", "grass"]], "brick": [["4490480"]], "orange": [["4490481"]], "concrete": [["4239246"]], "short": [["4490480"]], "tall": [["4239257"]], "pink": [["4490492"]], "green": [["4239224"], ["4239257"]], "to_the_right_of": [["4490481", "4239257"], ["4239239", "4239257"], ["4239239", "4239243"], ["4239224", "4239228"], ["4239224", "4490480"], ["4239224", "4239243"], ["4490500", "4490492"], ["4490500", "4239243"], ["4490478", "4490500"], ["4490478", "4239239"], ["4490478", "4239257"], ["4490478", "4490481"], ["4490492", "4239243"], ["4239242", "4239228"], ["4239242", "4239243"], ["4239240", "4239243"], ["4239240", "4239228"]], "to_the_left_of": [["4490481", "4490478"], ["4239239", "4490478"], ["4239228", "4239242"], ["4239228", "4239224"], ["4239228", "4239240"], ["4490480", "4239224"], ["4490500", "4490478"], ["4490492", "4490500"], ["4239257", "4239239"], ["4239257", "4490478"], ["4239257", "4490481"], ["4239243", "4239224"], ["4239243", "4239242"], ["4239243", "4239240"], ["4239243", "4490500"], ["4239243", "4239239"], ["4239243", "4490492"]], "on": [["4239224", "4239246"]], "lying_on": [["4239224", "4490486"]], "at": [["4239243", "4239246"]]}}