{"sorts": ["object", "label"], "predicates": {"has_label": ["object", "label"], "brown": ["object"], "wood": ["object"], "beige": ["object"], "red": ["object"], "metal": ["object"], "green": ["object"], "on": ["object", "object"], "of": ["object", "object"], "to_the_left_of": ["object", "object"], "to_the_right_of": ["object", "object"]}, "elements": {"object": ["314718", "314719", "314716", "314714", "314715", "314710", "314711", "314727", "314730", "314724", "314723", "314722", "314721", "314720", "314728"], "label": ["coffee_table", "lamp", "pan", "comforter", "door", "floor", "room", "counter", "alarm_clock", "shelves", "lamp_shade", "wall", "bed", "pillow", "rice_cooker"]}, "interpretation": {"has_label": [["314718", "coffee_table"], ["314719", "lamp"], ["314716", "pan"], ["314714", "comforter"], ["314715", "door"], ["314710", "floor"], ["314711", "room"], ["314727", "counter"], ["314730", "alarm_clock"], ["314724", "shelves"], ["314723", "lamp_shade"], ["314722", "wall"], ["314721", "bed"], ["314720", "pillow"], ["314728", "rice_cooker"]], "brown": [["314718"]], "wood": [["314718"]], "beige": [["314714"]], "red": [["314720"]], "metal": [["314719"], ["314716"]], "green": [["314723"]], "on": [["314716", "314722"], ["314720", "314721"], ["314728", "314727"]], "of": [["314710", "314711"], ["314724", "314718"]], "to_the_left_of": [["314719", "314730"], ["314716", "314715"], ["314727", "314715"], ["314722", "314715"], ["314721", "314730"], ["314720", "314723"], ["314720", "314730"], ["314720", "314719"]], "to_the_right_of": [["314719", "314720"], ["314715", "314722"], ["314715", "314716"], ["314715", "314727"], ["314730", "314721"], ["314730", "314719"], ["314730", "314720"], ["314723", "314720"]]}}