{"sorts": ["object", "label"], "predicates": {"has_label": ["object", "label"], "orange": ["object"], "black": ["object"], "white": ["object"], "silver": ["object"], "pink": ["object"], "rainbow_colored": ["object"], "purple": ["object"], "wood": ["object"], "open": ["object"], "striped": ["object"], "green": ["object"], "in": ["object", "object"], "to_the_right_of": ["object", "object"], "to_the_left_of": ["object", "object"], "on": ["object", "object"], "watching": ["object", "object"], "near": ["object", "object"]}, "elements": {"object": ["612618", "612619", "612612", "612613", "612611", "612616", "612617", "612614", "612615"], "label": ["pillow", "plant", "knife", "window", "cat", "wall", "table", "bed", "picture"]}, "interpretation": {"has_label": [["612618", "pillow"], ["612619", "plant"], ["612612", "knife"], ["612613", "window"], ["612611", "cat"], ["612616", "wall"], ["612617", "table"], ["612614", "bed"], ["612615", "picture"]], "orange": [["612618"]], "black": [["612611"]], "white": [["612616"]], "silver": [["612612"]], "pink": [["612615"]], "rainbow_colored": [["612615"]], "purple": [["612614"]], "wood": [["612617"], ["612614"]], "open": [["612613"]], "striped": [["612611"]], "green": [["612619"]], "in": [["612619", "612613"]], "to_the_right_of": [["612616", "612613"], ["612616", "612619"], ["612614", "612611"], ["612615", "612613"]], "to_the_left_of": [["612619", "612616"], ["612613", "612616"], ["612613", "612615"], ["612611", "612614"]], "on": [["612612", "612617"], ["612615", "612616"]], "watching": [["612611", "612612"]], "near": [["612619", "612613"], ["612613", "612619"]]}}