{"sorts": ["object", "label"], "predicates": {"has_label": ["object", "label"], "gray": ["object"], "small": ["object"], "black": ["object"], "blue": ["object"], "collared": ["object"], "white": ["object"], "wood": ["object"], "rectangular": ["object"], "red": ["object"], "modern": ["object"], "to_the_right_of": ["object", "object"], "reflected_in": ["object", "object"], "hanging_on": ["object", "object"], "using": ["object", "object"], "on_top_of": ["object", "object"], "to_the_left_of": ["object", "object"], "on": ["object", "object"], "holding": ["object", "object"], "wearing": ["object", "object"]}, "elements": {"object": ["704556", "704559", "704548", "704549", "704555", "704561", "704562", "704563", "704564", "704550", "704553", "704552", "704560", "704554", "704557"], "label": ["picture", "curtains", "man", "cell_phone", "tie", "bag", "bed", "box", "floor", "mirror", "sweater", "ceiling", "window", "shirt", "wall"]}, "interpretation": {"has_label": [["704556", "picture"], ["704559", "curtains"], ["704548", "man"], ["704549", "cell_phone"], ["704555", "tie"], ["704561", "bag"], ["704562", "bed"], ["704563", "box"], ["704564", "floor"], ["704550", "mirror"], ["704553", "sweater"], ["704552", "ceiling"], ["704560", "window"], ["704554", "shirt"], ["704557", "wall"]], "gray": [["704559"], ["704553"]], "small": [["704549"]], "black": [["704549"]], "blue": [["704561"]], "collared": [["704554"]], "white": [["704554"]], "wood": [["704564"]], "rectangular": [["704549"]], "red": [["704555"]], "modern": [["704549"]], "to_the_right_of": [["704559", "704553"], ["704559", "704549"], ["704559", "704548"], ["704549", "704557"], ["704549", "704554"], ["704549", "704555"], ["704561", "704548"], ["704561", "704553"], ["704563", "704548"], ["704563", "704553"], ["704560", "704559"], ["704560", "704548"], ["704560", "704553"], ["704554", "704556"]], "reflected_in": [["704548", "704550"]], "hanging_on": [["704556", "704557"]], "using": [["704548", "704549"]], "on_top_of": [["704561", "704562"], ["704563", "704562"]], "to_the_left_of": [["704556", "704554"], ["704559", "704560"], ["704548", "704559"], ["704548", "704563"], ["704548", "704561"], ["704548", "704560"], ["704549", "704559"], ["704555", "704549"], ["704553", "704560"], ["704553", "704559"], ["704553", "704561"], ["704553", "704563"], ["704554", "704549"], ["704557", "704549"]], "on": [["704556", "704557"], ["704559", "704560"]], "holding": [["704548", "704549"]], "wearing": [["704548", "704554"], ["704548", "704553"], ["704548", "704555"]]}}