{
    "name": "allteddysonsofas_12",
    "train": [
        "./data/images/teddy2.jpg",
        "./data/images/teddy4.jpg",
        "./data/images/teddy7.jpg",
        "./data/images/teddy10.jpg"
    ],
    "test": [
        "./data/images/teddy8.jpg",
        "./data/images/teddy6.jpg",
        "./data/images/teddy9.jpg",
        "./data/images/teddy13.jpg"
    ],
    "candidate": "teddy8.jpg",
    "concept": "Forall q0: teddy bear!0. Exists q1: sofa!1. And(sitting_on!0!1)",
    "intended": "Every teddy bear is sitting on a sofa."
}