{
    "name": "allteddysonsofas_5",
    "train": [
        "./data/images/teddy2.jpg",
        "./data/images/teddy7.jpg",
        "./data/images/teddy10.jpg",
        "./data/images/teddy12.jpg"
    ],
    "test": [
        "./data/images/teddy11.jpg",
        "./data/images/teddy5.jpg",
        "./data/images/teddy6.jpg",
        "./data/images/teddy13.jpg"
    ],
    "candidate": "teddy11.jpg",
    "concept": "Exists q0: sofa!0. Forall q1: teddy bear!1. And(sitting_on!1!0)",
    "intended": "Every teddy bear is sitting on a sofa."
}