{
    "name": "allteddysonsofas_4",
    "train": [
        "./data/images/teddy3.jpg",
        "./data/images/teddy7.jpg",
        "./data/images/teddy11.jpg",
        "./data/images/teddy12.jpg"
    ],
    "test": [
        "./data/images/teddy10.jpg",
        "./data/images/teddy6.jpg",
        "./data/images/teddy9.jpg",
        "./data/images/teddy13.jpg"
    ],
    "candidate": "teddy10.jpg",
    "concept": "Forall q0: teddy bear!0. Forall q1: sofa!1. And(sitting_on!0!1)",
    "intended": "Every teddy bear is sitting on a sofa."
}