{
    "name": "allteddysonsofas_9",
    "train": [
        "./data/images/teddy2.jpg",
        "./data/images/teddy3.jpg",
        "./data/images/teddy4.jpg",
        "./data/images/teddy7.jpg"
    ],
    "test": [
        "./data/images/teddy11.jpg",
        "./data/images/teddy5.jpg",
        "./data/images/teddy6.jpg",
        "./data/images/teddy13.jpg"
    ],
    "candidate": "teddy13.jpg",
    "concept": "Exists q0: teddy bear!0. Exists q1: sofa!1. And(left!0!1)",
    "intended": "Every teddy bear is sitting on a sofa."
}