{
    "name": "allteddysonsofas_18",
    "train": [
        "./data/images/teddy1.jpg",
        "./data/images/teddy2.jpg",
        "./data/images/teddy3.jpg",
        "./data/images/teddy8.jpg"
    ],
    "test": [
        "./data/images/teddy11.jpg",
        "./data/images/teddy5.jpg",
        "./data/images/teddy9.jpg",
        "./data/images/teddy13.jpg"
    ],
    "candidate": "teddy13.jpg",
    "concept": "Exists q0: teddy bear!0. Forall q1: sofa!1. And(left!0!1)",
    "intended": "Every teddy bear is sitting on a sofa."
}