{
    "name": "allteddysonsofas_7",
    "train": [
        "./data/images/teddy1.jpg",
        "./data/images/teddy3.jpg",
        "./data/images/teddy10.jpg",
        "./data/images/teddy11.jpg"
    ],
    "test": [
        "./data/images/teddy12.jpg",
        "./data/images/teddy6.jpg",
        "./data/images/teddy9.jpg",
        "./data/images/teddy13.jpg"
    ],
    "candidate": "teddy12.jpg",
    "concept": "Forall q0: teddy bear!0. Exists q1: sofa!1. And(sitting_on!0!1)",
    "intended": "Every teddy bear is sitting on a sofa."
}