{
    "name": "allteddysonsofas_16",
    "train": [
        "./data/images/teddy1.jpg",
        "./data/images/teddy8.jpg",
        "./data/images/teddy10.jpg",
        "./data/images/teddy11.jpg"
    ],
    "test": [
        "./data/images/teddy4.jpg",
        "./data/images/teddy5.jpg",
        "./data/images/teddy9.jpg",
        "./data/images/teddy13.jpg"
    ],
    "candidate": "teddy4.jpg",
    "concept": "Forall q0: sofa!0. Forall q1: teddy bear!1. And(sitting_on!1!0)",
    "intended": "Every teddy bear is sitting on a sofa."
}