{
    "name": "allteddysonsofas_13",
    "train": [
        "./data/images/teddy2.jpg",
        "./data/images/teddy3.jpg",
        "./data/images/teddy4.jpg",
        "./data/images/teddy11.jpg"
    ],
    "test": [
        "./data/images/teddy7.jpg",
        "./data/images/teddy6.jpg",
        "./data/images/teddy9.jpg",
        "./data/images/teddy13.jpg"
    ],
    "candidate": "teddy7.jpg",
    "concept": "Exists q0: sofa!0. Forall q1: teddy bear!1. And(sitting_on!1!0)",
    "intended": "Every teddy bear is sitting on a sofa."
}