{
    "name": "middleball_1",
    "train": [
        "./data/images/middleball1.jpg",
        "./data/images/middleball3.jpg",
        "./data/images/middleball4.jpg"
    ],
    "test": [
        "./data/images/middleball2.jpg",
        "./data/images/middleball7.jpg",
        "./data/images/middleball8.jpg",
        "./data/images/middleball9.jpg"
    ],
    "candidate": "middleball2.jpg",
    "concept": "Exists q0: sports ball!0. Exists q1: person!1. Exists q2: person!2. And(left!0!2 left!1!0)",
    "intended": "There is a football in between two people (kickoff position)."
}