{
    "name": "middleball_11",
    "train": [
        "./data/images/middleball1.jpg",
        "./data/images/middleball2.jpg",
        "./data/images/middleball3.jpg"
    ],
    "test": [
        "./data/images/middleball4.jpg",
        "./data/images/middleball6.jpg",
        "./data/images/middleball7.jpg",
        "./data/images/middleball8.jpg"
    ],
    "candidate": "middleball4.jpg",
    "concept": "Exists q0: person!0. Forall q1: sports ball!1. Exists q2: person!2. And(left!1!0 right!1!2)",
    "intended": "There is a football in between two people (kickoff position)."
}