{
    "name": "middleball_7",
    "train": [
        "./data/images/middleball1.jpg",
        "./data/images/middleball3.jpg",
        "./data/images/middleball4.jpg"
    ],
    "test": [
        "./data/images/middleball2.jpg",
        "./data/images/middleball5.jpg",
        "./data/images/middleball7.jpg",
        "./data/images/middleball8.jpg"
    ],
    "candidate": "middleball2.jpg",
    "concept": "Exists q0: person!0. Forall q1: sports ball!1. Exists q2: person!2. And(left!0!1 right!2!1)",
    "intended": "There is a football in between two people (kickoff position)."
}