{
    "name": "middleball_3",
    "train": [
        "./data/images/middleball1.jpg",
        "./data/images/middleball2.jpg",
        "./data/images/middleball3.jpg"
    ],
    "test": [
        "./data/images/middleball4.jpg",
        "./data/images/middleball5.jpg",
        "./data/images/middleball8.jpg",
        "./data/images/middleball9.jpg"
    ],
    "candidate": "middleball4.jpg",
    "concept": "Exists q0: person!0. Exists q1: person!1. Forall q2: sports ball!2. And(left!1!2 left!2!0)",
    "intended": "There is a football in between two people (kickoff position)."
}