{
    "name": "middleball_20",
    "train": [
        "./data/images/middleball1.jpg",
        "./data/images/middleball3.jpg",
        "./data/images/middleball4.jpg"
    ],
    "test": [
        "./data/images/middleball2.jpg",
        "./data/images/middleball5.jpg",
        "./data/images/middleball7.jpg",
        "./data/images/middleball9.jpg"
    ],
    "candidate": "middleball2.jpg",
    "concept": "Exists q0: person!0. Exists q1: sports ball!1. And(right!0!1 left!1!0)",
    "intended": "There is a football in between two people (kickoff position)."
}