{
    "name": "middleball_12",
    "train": [
        "./data/images/middleball1.jpg",
        "./data/images/middleball2.jpg",
        "./data/images/middleball4.jpg"
    ],
    "test": [
        "./data/images/middleball3.jpg",
        "./data/images/middleball5.jpg",
        "./data/images/middleball7.jpg",
        "./data/images/middleball8.jpg"
    ],
    "candidate": "middleball3.jpg",
    "concept": "Exists q0: person!0. Exists q1: person!1. Forall q2: sports ball!2. And(left!0!2 left!2!1)"
}