{
    "name": "middleball_5",
    "train": [
        "./data/images/middleball1.jpg",
        "./data/images/middleball2.jpg",
        "./data/images/middleball4.jpg"
    ],
    "test": [
        "./data/images/middleball3.jpg",
        "./data/images/middleball5.jpg",
        "./data/images/middleball8.jpg",
        "./data/images/middleball9.jpg"
    ],
    "candidate": "middleball3.jpg",
    "concept": "Exists q0: person!0. Forall q1: sports ball!1. Exists q2: person!2. And(right!1!0 left!1!2)"
}