{
    "name": "middleball_17",
    "train": [
        "./data/images/middleball2.jpg",
        "./data/images/middleball3.jpg",
        "./data/images/middleball4.jpg"
    ],
    "test": [
        "./data/images/middleball1.jpg",
        "./data/images/middleball6.jpg",
        "./data/images/middleball7.jpg",
        "./data/images/middleball9.jpg"
    ],
    "candidate": "middleball1.jpg",
    "concept": "Exists q0: person!0. Forall q1: sports ball!1. Exists q2: person!2. And(left!1!2 right!1!0)"
}