{
    "name": "middleball_16",
    "train": [
        "./data/images/middleball1.jpg",
        "./data/images/middleball2.jpg",
        "./data/images/middleball3.jpg"
    ],
    "test": [
        "./data/images/middleball4.jpg",
        "./data/images/middleball5.jpg",
        "./data/images/middleball6.jpg",
        "./data/images/middleball9.jpg"
    ],
    "candidate": "middleball4.jpg",
    "concept": "Exists q0: person!0. Exists q1: person!1. Forall q2: sports ball!2. And(left!0!1 right!1!2)"
}