{
    "name": "middleball_2",
    "train": [
        "./data/images/middleball1.jpg",
        "./data/images/middleball2.jpg",
        "./data/images/middleball4.jpg"
    ],
    "test": [
        "./data/images/middleball3.jpg",
        "./data/images/middleball6.jpg",
        "./data/images/middleball8.jpg",
        "./data/images/middleball9.jpg"
    ],
    "candidate": "middleball3.jpg",
    "concept": "Exists q0: person!0. Exists q1: person!1. Forall q2: sports ball!2. And(right!1!2 left!0!2)",
    "intended": "There is a football in between two people (kickoff position)."
}