{
    "name": "separatepiles_20",
    "train": [
        "./data/images/apple1.jpg",
        "./data/images/apple2.jpg",
        "./data/images/apple3.jpg",
        "./data/images/apple5.jpg"
    ],
    "test": [
        "./data/images/apple4.jpg",
        "./data/images/apple7.jpg",
        "./data/images/apple8.jpg",
        "./data/images/apple9.jpg"
    ],
    "candidate": "apple4.jpg",
    "concept": "Forall q0: apple!0. Forall q1: orange!1. And(right!1!0)",
    "intended": "Oranges and apples are kept in clearly separate piles."
}