{
    "name": "separatepiles_5",
    "train": [
        "./data/images/apple1.jpg",
        "./data/images/apple2.jpg",
        "./data/images/apple4.jpg",
        "./data/images/apple5.jpg"
    ],
    "test": [
        "./data/images/apple3.jpg",
        "./data/images/apple6.jpg",
        "./data/images/apple7.jpg",
        "./data/images/apple8.jpg"
    ],
    "candidate": "apple3.jpg",
    "concept": "Exists q0: orange!0. Forall q1: apple!1. And(left!1!0)",
    "intended": "Oranges and apples are kept in clearly separate piles."
}