{
    "name": "setplates_8",
    "train": [
        "./data/images/fork1.jpg",
        "./data/images/fork2.jpg",
        "./data/images/fork4.jpg"
    ],
    "test": [
        "./data/images/fork3.jpg",
        "./data/images/fork16.jpg",
        "./data/images/fork17.jpg",
        "./data/images/fork18.jpg"
    ],
    "candidate": "fork17.jpg",
    "concept": "Exists q0: diningtable!0. Exists q1: fork!1. Exists q2: fork!2. And(placed_on!2!0 left!2!1)",
    "intended": "Neatly arranged place settings (complete with cutlery and wine glasses)."
}