{
    "name": "setplates_12",
    "train": [
        "./data/images/fork1.jpg",
        "./data/images/fork2.jpg",
        "./data/images/fork3.jpg"
    ],
    "test": [
        "./data/images/fork4.jpg",
        "./data/images/fork11.jpg",
        "./data/images/fork16.jpg",
        "./data/images/fork19.jpg"
    ],
    "candidate": "fork4.jpg",
    "concept": "Exists q0: knife!0. Forall q1: spoon!1. True",
    "intended": "Neatly arranged place settings (complete with cutlery and wine glasses)."
}