{
    "name": "setplates_3",
    "train": [
        "./data/images/fork1.jpg",
        "./data/images/fork2.jpg",
        "./data/images/fork3.jpg"
    ],
    "test": [
        "./data/images/fork4.jpg",
        "./data/images/fork12.jpg",
        "./data/images/fork16.jpg",
        "./data/images/fork18.jpg"
    ],
    "candidate": "fork12.jpg",
    "concept": "Exists q0: fork!0. Forall q1: knife!1. And(right!1!0)",
    "intended": "Neatly arranged place settings (complete with cutlery and wine glasses)."
}