{
    "name": "setplates_11",
    "train": [
        "./data/images/fork1.jpg",
        "./data/images/fork2.jpg",
        "./data/images/fork4.jpg"
    ],
    "test": [
        "./data/images/fork3.jpg",
        "./data/images/fork13.jpg",
        "./data/images/fork16.jpg",
        "./data/images/fork18.jpg"
    ],
    "candidate": "fork3.jpg",
    "concept": "Exists q0: knife!0. Forall q1: diningtable!1. Exists q2: fork!2. And(left!2!0 placed_on!2!1)",
    "intended": "Neatly arranged place settings (complete with cutlery and wine glasses)."
}