{
    "name": "setplates_15",
    "train": [
        "./data/images/fork1.jpg",
        "./data/images/fork2.jpg",
        "./data/images/fork3.jpg"
    ],
    "test": [
        "./data/images/fork4.jpg",
        "./data/images/fork16.jpg",
        "./data/images/fork17.jpg",
        "./data/images/fork19.jpg"
    ],
    "candidate": "fork4.jpg",
    "concept": "Forall q0: spoon!0. Forall q1: fork!1. And(left!1!0)",
    "intended": "Neatly arranged place settings (complete with cutlery and wine glasses)."
}