{
    "name": "setplates_1",
    "train": [
        "./data/images/fork2.jpg",
        "./data/images/fork3.jpg",
        "./data/images/fork4.jpg"
    ],
    "test": [
        "./data/images/fork1.jpg",
        "./data/images/fork13.jpg",
        "./data/images/fork16.jpg",
        "./data/images/fork18.jpg"
    ],
    "candidate": "fork18.jpg",
    "concept": "Forall q0: spoon!0. Forall q1: wine glass!1. And(left!1!0)",
    "intended": "Neatly arranged place settings (complete with cutlery and wine glasses)."
}