{
    "name": "setplates_5",
    "train": [
        "./data/images/fork1.jpg",
        "./data/images/fork2.jpg",
        "./data/images/fork3.jpg"
    ],
    "test": [
        "./data/images/fork4.jpg",
        "./data/images/fork13.jpg",
        "./data/images/fork16.jpg",
        "./data/images/fork18.jpg"
    ],
    "candidate": "fork4.jpg",
    "concept": "Forall q0: diningtable!0. Exists q1: knife!1. Exists q2: fork!2. And(placed_on!2!0 left!2!1)",
    "intended": "Neatly arranged place settings (complete with cutlery and wine glasses)."
}