{
    "name": "setplates_6",
    "train": [
        "./data/images/fork1.jpg",
        "./data/images/fork2.jpg",
        "./data/images/fork4.jpg"
    ],
    "test": [
        "./data/images/fork3.jpg",
        "./data/images/fork10.jpg",
        "./data/images/fork16.jpg",
        "./data/images/fork18.jpg"
    ],
    "candidate": "fork3.jpg",
    "concept": "Exists q0: fork!0. Exists q1: knife!1. Forall q2: diningtable!2. And(placed_on!0!2 left!0!1)",
    "intended": "Neatly arranged place settings (complete with cutlery and wine glasses)."
}