{
    "name": "setplates_14",
    "train": [
        "./data/images/fork1.jpg",
        "./data/images/fork3.jpg",
        "./data/images/fork4.jpg"
    ],
    "test": [
        "./data/images/fork2.jpg",
        "./data/images/fork12.jpg",
        "./data/images/fork16.jpg",
        "./data/images/fork17.jpg"
    ],
    "candidate": "fork2.jpg",
    "concept": "Exists q0: knife!0. Forall q1: spoon!1. And(left!0!1)",
    "intended": "Neatly arranged place settings (complete with cutlery and wine glasses)."
}