{
    "name": "setplates_10",
    "train": [
        "./data/images/fork1.jpg",
        "./data/images/fork3.jpg",
        "./data/images/fork4.jpg"
    ],
    "test": [
        "./data/images/fork2.jpg",
        "./data/images/fork10.jpg",
        "./data/images/fork16.jpg",
        "./data/images/fork18.jpg"
    ],
    "candidate": "fork2.jpg",
    "concept": "Exists q0: fork!0. Forall q1: diningtable!1. Exists q2: knife!2. And(left!0!2 placed_on!0!1)",
    "intended": "Neatly arranged place settings (complete with cutlery and wine glasses)."
}