{
    "name": "setplates_20",
    "train": [
        "./data/images/fork1.jpg",
        "./data/images/fork2.jpg",
        "./data/images/fork4.jpg"
    ],
    "test": [
        "./data/images/fork3.jpg",
        "./data/images/fork12.jpg",
        "./data/images/fork16.jpg",
        "./data/images/fork17.jpg"
    ],
    "candidate": "fork3.jpg",
    "concept": "Exists q0: spoon!0. Forall q1: fork!1. And(right!0!1)",
    "intended": "Neatly arranged place settings (complete with cutlery and wine glasses)."
}