{
    "name": "setplates_2",
    "train": [
        "./data/images/fork1.jpg",
        "./data/images/fork2.jpg",
        "./data/images/fork4.jpg"
    ],
    "test": [
        "./data/images/fork3.jpg",
        "./data/images/fork10.jpg",
        "./data/images/fork16.jpg",
        "./data/images/fork19.jpg"
    ],
    "candidate": "fork3.jpg",
    "concept": "Forall q0: spoon!0. Forall q1: knife!1. And(right!0!1)",
    "intended": "Neatly arranged place settings (complete with cutlery and wine glasses)."
}