{"sorts": ["object", "label"], "predicates": {"ON": ["object", "object"], "gray": ["object"], "ready for lunch": ["object"], "folded": ["object"], "black": ["object"], "has_label": ["object", "label"], "red": ["object"], "under": ["object", "object"], "white": ["object"], "square": ["object"], "cooked": ["object"], "large": ["object"], "slice": ["object"], "homemade-style": ["object"], "with vegetables": ["object"], "sitting on": ["object", "object"], "IN": ["object", "object"], "pink": ["object"], "in a": ["object", "object"], "on next": ["object", "object"], "on a": ["object", "object"], "with a": ["object", "object"]}, "interpretation": {"ON": [["4295620_112_177", "4295608_0_166"], ["4295593_32_165", "4295608_0_166"], ["4295605_57_241", "4295612_0_243"], ["4295605_57_241", "4295612_0_243"], ["4295612_0_243", "4295608_0_166"], ["4295623_147_104", "4295608_0_166"], ["4295627_271_39", "4295626_267_24"]], "gray": [["4295608_0_166"]], "ready for lunch": [["4295608_0_166"]], "folded": [["4295620_112_177"]], "black": [["4295620_112_177"]], "has_label": [["4295620_112_177", "sunglasses"], ["4295608_0_166", "table"], ["4295593_32_165", "cup"], ["4295617_0_250", "fork"], ["4295612_0_243", "plate"], ["4295605_57_241", "pizza"], ["4295622_177_0", "flowers"], ["4295623_147_104", "pot"], ["4295627_271_39", "delicate"], ["4295626_267_24", "sign"], ["4295629_82_11", "pink flowers"], ["4295630_90_82", "black pot"], ["4295631_23_58", "table"], ["4295634_67_105", "basket"], ["4295636_1_241", "white plate"], ["4295637_62_234", "square pizza"], ["4295640_78_9", "red/flower plant"], ["4295641_28_89", "table"], ["4295642_172_0", "pink flowers"], ["4295643_140_102", "white pot"]], "red": [["4295593_32_165"], ["4295627_271_39"]], "under": [["4295617_0_250", "4295612_0_243"], ["4295617_0_250", "4295612_0_243"]], "white": [["4295612_0_243"], ["4295623_147_104"], ["4295626_267_24"]], "square": [["4295605_57_241"]], "cooked": [["4295605_57_241"]], "large": [["4295605_57_241"]], "slice": [["4295605_57_241"]], "homemade-style": [["4295605_57_241"]], "with vegetables": [["4295605_57_241"]], "sitting on": [["4295620_112_177", "4295608_0_166"]], "IN": [["4295622_177_0", "4295623_147_104"]], "pink": [["4295622_177_0"]], "in a": [["4295629_82_11", "4295630_90_82"], ["4295642_172_0", "4295643_140_102"]], "on next": [["4295629_82_11", "4295631_23_58"]], "on a": [["4295634_67_105", "4295608_0_166"], ["4295640_78_9", "4295641_28_89"], ["4295605_57_241", "4295612_0_243"]], "with a": [["4295636_1_241", "4295637_62_234"]]}, "elements": {"object": ["4295642_172_0", "4295636_1_241", "4295620_112_177", "4295634_67_105", "4295629_82_11", "4295612_0_243", "4295626_267_24", "4295630_90_82", "4295637_62_234", "4295617_0_250", "4295640_78_9", "4295641_28_89", "4295593_32_165", "4295643_140_102", "4295608_0_166", "4295622_177_0", "4295605_57_241", "4295631_23_58", "4295623_147_104", "4295627_271_39"], "label": ["sign", "square pizza", "sunglasses", "flowers", "pizza", "pink flowers", "black pot", "white plate", "table", "basket", "white pot", "delicate", "cup", "fork", "pot", "plate", "red/flower plant"]}, "image": {"id": 2400012, "url": "https://cs.stanford.edu/people/rak248/VG_100K_2/2400012.jpg", "width": 375, "height": 500, "coco_id": null, "flickr_id": 6010931774}}