{"sorts": ["object", "label"], "predicates": {"has_label": ["object", "label"], "black": ["object"], "maroon": ["object"], "gray": ["object"], "white": ["object"], "on": ["object", "object"], "to_the_right_of": ["object", "object"], "to_the_left_of": ["object", "object"]}, "elements": {"object": ["1599374", "1599376", "1599372", "1599384", "1599385", "1599365", "1599380", "1599382", "1599383"], "label": ["hat", "clock", "headphones", "desk", "computer_mouse", "keyboard", "calculator", "phone", "cup"]}, "interpretation": {"has_label": [["1599374", "hat"], ["1599376", "clock"], ["1599372", "headphones"], ["1599384", "desk"], ["1599385", "computer_mouse"], ["1599365", "keyboard"], ["1599380", "calculator"], ["1599382", "phone"], ["1599383", "cup"]], "black": [["1599365"], ["1599380"]], "maroon": [["1599374"]], "gray": [["1599382"]], "white": [["1599372"]], "on": [["1599376", "1599384"], ["1599380", "1599384"], ["1599383", "1599384"]], "to_the_right_of": [["1599374", "1599382"], ["1599376", "1599374"], ["1599372", "1599380"], ["1599372", "1599383"], ["1599385", "1599372"], ["1599365", "1599383"], ["1599383", "1599382"]], "to_the_left_of": [["1599374", "1599376"], ["1599372", "1599385"], ["1599380", "1599372"], ["1599382", "1599374"], ["1599382", "1599383"], ["1599383", "1599372"], ["1599383", "1599365"]]}}