{"sorts": ["object", "label"], "predicates": {"has_label": ["object", "label"], "black": ["object"], "connected": ["object"], "white": ["object"], "on": ["object", "object"], "to_the_right_of": ["object", "object"], "to_the_left_of": ["object", "object"]}, "elements": {"object": ["2913103", "3428009", "2722494", "3329339", "2765976", "2979676"], "label": ["wire", "keyboard", "keyboard", "desk", "computer", "wire"]}, "interpretation": {"has_label": [["2913103", "wire"], ["3428009", "keyboard"], ["2722494", "keyboard"], ["3329339", "desk"], ["2765976", "computer"], ["2979676", "wire"]], "black": [["2722494"], ["3329339"]], "connected": [["2979676"]], "white": [["2913103"], ["3428009"]], "on": [["2765976", "3329339"]], "to_the_right_of": [["2765976", "2913103"]], "to_the_left_of": [["2913103", "2765976"]]}}