{"sorts": ["object", "label"], "predicates": {"a": ["object", "object"], "on": ["object"], "black": ["object"], "purple": ["object"], "turned on": ["object"], "has_label": ["object", "label"], "ON": ["object", "object"], "poorly lit": ["object"], "dark": ["object"], "WEARING": ["object", "object"], "green": ["object"], "brown": ["object"], "looking": ["object", "object"], "screen": ["object", "object"], "holding": ["object", "object"], "has": ["object", "object"], "indoor": ["object", "object"], "open": ["object"], "on her": ["object", "object"], "using": ["object", "object"], "white": ["object"], "IN": ["object", "object"], "wears": ["object", "object"], "OF": ["object", "object"], "chair": ["object", "object"], "electronic": ["object"], "into": ["object", "object"], "light": ["object", "object"]}, "interpretation": {"a": [["191551_56_12", "191552_151_82"]], "on": [["191551_56_12"], ["191556_258_107"], ["191560_190_127"], ["191562_171_73"]], "black": [["191551_56_12"], ["191554_46_86"], ["191559_176_145"], ["191560_190_127"]], "purple": [["191551_56_12"]], "turned on": [["191551_56_12"]], "has_label": [["191551_56_12", "holding"], ["191552_151_82", "cellphone"], ["191553_24_14", "table"], ["191555_136_57", "woman"], ["191554_46_86", "shirt"], ["191556_258_107", "sceen"], ["191558_152_126", "band"], ["191559_176_145", "hand"], ["191560_190_127", "phone"], ["191561_7_13", "long hair"], ["191562_171_73", "computer"], ["191563_258_241", "blue light"], ["191564_304_153", "background"], ["3804139_42_85", "shirt"], ["191568_7_90", "green shirt"], ["191569_19_217", "the"], ["191570_22_201", "is black"], ["3804140_250_162", "device"], ["3804141_210_162", "hand"], ["191572_272_209", "usb cord"], ["191573_257_137", "laptop"]], "ON": [["191551_56_12", "191553_24_14"], ["191563_258_241", "191562_171_73"], ["191555_136_57", "191554_46_86"]], "poorly lit": [["191553_24_14"]], "dark": [["191553_24_14"]], "WEARING": [["191555_136_57", "191554_46_86"], ["191555_136_57", "191551_56_12"]], "green": [["191554_46_86"], ["3804139_42_85"]], "brown": [["191554_46_86"]], "looking": [["191555_136_57", "191551_56_12"]], "screen": [["191551_56_12", "191553_24_14"]], "holding": [["191555_136_57", "191551_56_12"]], "has": [["191555_136_57", "191553_24_14"], ["191551_56_12", "191561_7_13"], ["191556_258_107", "191564_304_153"]], "indoor": [["191553_24_14", "191556_258_107"]], "open": [["191556_258_107"]], "on her": [["191558_152_126", "191559_176_145"], ["191562_171_73", "191560_190_127"]], "using": [["191555_136_57", "191560_190_127"]], "white": [["191560_190_127"]], "IN": [["191551_56_12", "191553_24_14"], ["191555_136_57", "191568_7_90"], ["3804140_250_162", "3804141_210_162"]], "wears": [["191554_46_86", "3804139_42_85"]], "OF": [["191554_46_86", "191555_136_57"]], "chair": [["191569_19_217", "191570_22_201"]], "electronic": [["3804140_250_162"]], "into": [["191572_272_209", "191573_257_137"]], "light": [["191569_19_217", "191563_258_241"]]}, "elements": {"object": ["3804140_250_162", "3804141_210_162", "191569_19_217", "3804139_42_85", "191559_176_145", "191572_272_209", "191553_24_14", "191573_257_137", "191562_171_73", "191561_7_13", "191555_136_57", "191564_304_153", "191570_22_201", "191552_151_82", "191560_190_127", "191558_152_126", "191568_7_90", "191563_258_241", "191556_258_107", "191551_56_12", "191554_46_86"], "label": ["the", "is black", "long hair", "cellphone", "device", "hand", "holding", "shirt", "phone", "usb cord", "laptop", "band", "green shirt", "computer", "sceen", "woman", "table", "blue light", "background"]}, "image": {"id": 2412566, "url": "https://cs.stanford.edu/people/rak248/VG_100K_2/2412566.jpg", "width": 500, "height": 333, "coco_id": null, "flickr_id": 3722202912}}