{"sorts": ["object", "label"], "predicates": {"has_label": ["object", "label"], "small": ["object"], "black": ["object"], "gray": ["object"], "gold": ["object"], "on": ["object", "object"], "around": ["object", "object"], "to_the_left_of": ["object", "object"], "to_the_right_of": ["object", "object"]}, "elements": {"object": ["2383452", "2059610", "2507016", "2466592", "2476044", "2673567", "2431270", "3928432", "2353642", "2586584", "2413216", "2026092", "2367043", "2423484"], "label": ["fence", "clock", "clock", "hands", "figurine", "number", "clock", "ring", "number", "figurine", "woman", "number", "statue", "wall"]}, "interpretation": {"has_label": [["2383452", "fence"], ["2059610", "clock"], ["2507016", "clock"], ["2466592", "hands"], ["2476044", "figurine"], ["2673567", "number"], ["2431270", "clock"], ["3928432", "ring"], ["2353642", "number"], ["2586584", "figurine"], ["2413216", "woman"], ["2026092", "number"], ["2367043", "statue"], ["2423484", "wall"]], "small": [["2476044"], ["2586584"], ["2367043"]], "black": [["2383452"]], "gray": [["2059610"]], "gold": [["3928432"]], "on": [["2673567", "2507016"]], "around": [["3928432", "2431270"]], "to_the_left_of": [["2476044", "2586584"], ["2476044", "2413216"], ["2673567", "2466592"], ["2673567", "3928432"], ["2353642", "2466592"], ["2586584", "2367043"], ["2413216", "2367043"]], "to_the_right_of": [["2466592", "2353642"], ["2466592", "2673567"], ["3928432", "2673567"], ["2586584", "2476044"], ["2413216", "2476044"], ["2367043", "2586584"], ["2367043", "2413216"]]}}