{"sorts": ["object", "label"], "predicates": {"has_label": ["object", "label"], "brass": ["object"], "framed": ["object"], "analog": ["object"], "small": ["object"], "black": ["object"], "glass": ["object"], "white": ["object"], "below": ["object", "object"], "behind": ["object", "object"], "underneath": ["object", "object"], "under": ["object", "object"], "to_the_right_of": ["object", "object"], "to_the_left_of": ["object", "object"], "on": ["object", "object"], "in_front_of": ["object", "object"], "above": ["object", "object"]}, "elements": {"object": ["850614", "850624", "850623", "850622", "850621", "850620", "850632", "850609", "850618", "850619", "850605", "850604", "850607", "850606", "850634", "850635", "850615"], "label": ["clock", "minute_hand", "hand", "hand", "face", "card", "words", "clock", "hour_hand", "sign", "wall", "clock", "hand", "hand", "frame", "face", "card"]}, "interpretation": {"has_label": [["850614", "clock"], ["850624", "minute_hand"], ["850623", "hand"], ["850622", "hand"], ["850621", "face"], ["850620", "card"], ["850632", "words"], ["850609", "clock"], ["850618", "hour_hand"], ["850619", "sign"], ["850605", "wall"], ["850604", "clock"], ["850607", "hand"], ["850606", "hand"], ["850634", "frame"], ["850635", "face"], ["850615", "card"]], "brass": [["850634"]], "framed": [["850604"]], "analog": [["850604"]], "small": [["850620"], ["850619"], ["850615"]], "black": [["850624"], ["850618"], ["850607"]], "glass": [["850621"]], "white": [["850620"], ["850619"], ["850635"], ["850615"]], "below": [["850615", "850604"]], "behind": [["850605", "850604"], ["850605", "850609"], ["850605", "850614"]], "underneath": [["850619", "850609"], ["850615", "850604"]], "under": [["850619", "850609"], ["850615", "850604"]], "to_the_right_of": [["850624", "850618"], ["850623", "850622"], ["850621", "850609"], ["850621", "850624"], ["850621", "850635"], ["850604", "850618"], ["850604", "850609"], ["850604", "850635"], ["850604", "850624"], ["850607", "850609"], ["850607", "850606"], ["850606", "850609"]], "to_the_left_of": [["850624", "850621"], ["850624", "850604"], ["850622", "850623"], ["850609", "850607"], ["850609", "850606"], ["850609", "850621"], ["850609", "850604"], ["850618", "850604"], ["850618", "850624"], ["850606", "850607"], ["850635", "850621"], ["850635", "850604"]], "on": [["850614", "850605"], ["850609", "850605"], ["850604", "850605"]], "in_front_of": [["850614", "850605"], ["850609", "850605"], ["850604", "850605"]], "above": [["850609", "850619"], ["850604", "850615"]]}}