{"sorts": ["object", "label"], "predicates": {"has_label": ["object", "label"], "orange": ["object"], "small": ["object"], "blue": ["object"], "white": ["object"], "purple": ["object"], "patterned": ["object"], "floral": ["object"], "trimmed": ["object"], "mounted": ["object"], "green": ["object"], "gold": ["object"], "below": ["object", "object"], "under": ["object", "object"], "to_the_right_of": ["object", "object"], "to_the_left_of": ["object", "object"], "on": ["object", "object"], "above": ["object", "object"]}, "elements": {"object": ["624549", "624554", "624555", "624556", "624557", "624552", "624553", "624543", "624529", "624545", "624538", "624539", "624536", "624534", "624544", "624532", "624530", "624531"], "label": ["cup", "saucer", "saucer", "saucer", "wall", "cup", "saucer", "cup", "cup", "cups", "cup", "rose", "clock", "cup", "saucer", "cup", "cup", "cup"]}, "interpretation": {"has_label": [["624549", "cup"], ["624554", "saucer"], ["624555", "saucer"], ["624556", "saucer"], ["624557", "wall"], ["624552", "cup"], ["624553", "saucer"], ["624543", "cup"], ["624529", "cup"], ["624545", "cups"], ["624538", "cup"], ["624539", "rose"], ["624536", "clock"], ["624534", "cup"], ["624544", "saucer"], ["624532", "cup"], ["624530", "cup"], ["624531", "cup"]], "orange": [["624557"]], "small": [["624544"], ["624532"]], "blue": [["624532"]], "white": [["624536"]], "purple": [["624554"]], "patterned": [["624538"]], "floral": [["624555"], ["624538"]], "trimmed": [["624543"], ["624544"], ["624532"]], "mounted": [["624529"], ["624534"], ["624532"], ["624530"], ["624531"]], "green": [["624553"]], "gold": [["624543"], ["624544"]], "below": [["624554", "624532"]], "under": [["624554", "624532"]], "to_the_right_of": [["624554", "624552"], ["624556", "624529"], ["624543", "624552"], ["624543", "624554"], ["624534", "624552"]], "to_the_left_of": [["624554", "624543"], ["624552", "624543"], ["624552", "624534"], ["624552", "624554"], ["624529", "624556"]], "on": [["624554", "624536"], ["624555", "624536"], ["624556", "624536"], ["624552", "624553"], ["624552", "624536"], ["624553", "624536"], ["624543", "624544"], ["624543", "624536"], ["624529", "624536"], ["624538", "624536"], ["624536", "624557"], ["624534", "624536"], ["624544", "624536"], ["624532", "624536"], ["624532", "624554"], ["624530", "624536"], ["624531", "624536"]], "above": [["624532", "624554"]]}}