{"sorts": ["object", "label"], "predicates": {"has_label": ["object", "label"], "cluttered": ["object"], "blue": ["object"], "black": ["object"], "white": ["object"], "flat": ["object"], "large": ["object"], "green": ["object"], "to_the_right_of": ["object", "object"], "sitting_on": ["object", "object"], "to_the_left_of": ["object", "object"], "on": ["object", "object"], "near": ["object", "object"]}, "elements": {"object": ["785417", "785416", "785419", "785418", "785429", "785434", "785439", "785441", "785428", "785443", "785430", "785431", "785423", "785420", "785432", "785435", "785427", "785424", "785425"], "label": ["screen", "tray", "mug", "laptop", "man", "lamp", "window", "fries", "nose", "feet", "hair", "head", "chair", "table", "shirt", "keyboard", "screen", "arm", "toy"]}, "interpretation": {"has_label": [["785417", "screen"], ["785416", "tray"], ["785419", "mug"], ["785418", "laptop"], ["785429", "man"], ["785434", "lamp"], ["785439", "window"], ["785441", "fries"], ["785428", "nose"], ["785443", "feet"], ["785430", "hair"], ["785431", "head"], ["785423", "chair"], ["785420", "table"], ["785432", "shirt"], ["785435", "keyboard"], ["785427", "screen"], ["785424", "arm"], ["785425", "toy"]], "cluttered": [["785420"]], "blue": [["785434"]], "black": [["785416"], ["785418"], ["785435"], ["785424"]], "white": [["785419"]], "flat": [["785427"]], "large": [["785439"]], "green": [["785432"]], "to_the_right_of": [["785434", "785419"], ["785434", "785439"], ["785435", "785443"], ["785435", "785417"], ["785435", "785418"], ["785427", "785439"], ["785427", "785429"], ["785427", "785434"], ["785424", "785428"], ["785424", "785416"], ["785424", "785418"], ["785424", "785432"], ["785425", "785443"], ["785425", "785419"], ["785425", "785434"]], "sitting_on": [["785416", "785418"]], "to_the_left_of": [["785417", "785435"], ["785416", "785424"], ["785419", "785434"], ["785419", "785425"], ["785418", "785435"], ["785418", "785424"], ["785429", "785427"], ["785434", "785425"], ["785434", "785427"], ["785439", "785427"], ["785439", "785434"], ["785428", "785424"], ["785443", "785435"], ["785443", "785425"], ["785432", "785424"]], "on": [["785419", "785420"], ["785434", "785420"], ["785441", "785416"], ["785427", "785420"], ["785425", "785420"]], "near": [["785423", "785420"], ["785420", "785423"]]}}