{"sorts": ["object", "label"], "predicates": {"has": ["object", "object"], "white": ["object"], "dome": ["object"], "black": ["object"], "has_label": ["object", "label"], "IN": ["object", "object"], "lit up": ["object"]}, "interpretation": {"has": [["2812265_44_29", "3561634_56_138"]], "white": [["3561634_56_138"]], "dome": [["2812265_44_29"]], "black": [["2812265_44_29"]], "has_label": [["2812265_44_29", "awning"], ["3561634_56_138", "trim"], ["2973383_43_154", "window"], ["2973384_1_1", "pizza restaurant"]], "IN": [["2973383_43_154", "2973384_1_1"]], "lit up": [["2973383_43_154"]]}, "elements": {"object": ["2973384_1_1", "2973383_43_154", "2812265_44_29", "3561634_56_138"], "label": ["pizza restaurant", "trim", "window", "awning"]}, "image": {"id": 2332764, "url": "https://cs.stanford.edu/people/rak248/VG_100K/2332764.jpg", "width": 375, "height": 500, "coco_id": null, "flickr_id": 8689136609}}