{"sorts": ["object", "label"], "predicates": {"IN": ["object", "object"], "here": ["object"], "green": ["object"], "present": ["object"], "palm": ["object"], "coconut": ["object"], "has_label": ["object", "label"], "has": ["object", "object"], "ON": ["object", "object"], "brick": ["object"], "white": ["object"], "large": ["object"], "round": ["object"], "above": ["object", "object"], "arched": ["object"], "OF": ["object", "object"], "by": ["object", "object"], "behind": ["object", "object"]}, "interpretation": {"IN": [["1266551_267_355", "1266550_196_244"]], "here": [["1266550_196_244"]], "green": [["1266550_196_244"]], "present": [["1266550_196_244"], ["1266551_267_355"]], "palm": [["1266550_196_244"]], "coconut": [["1266550_196_244"]], "has_label": [["1266551_267_355", "coconut"], ["1266550_196_244", "tree"], ["1266553_214_127", "clock"], ["1266552_140_53", "tower"], ["1266554_184_96", "window"], ["1266555_151_48", "top"], ["1266556_170_395", "grass"], ["1266560_65_256", "leaves"], ["1266561_105_52", "building"]], "has": [["1266550_196_244", "1266551_267_355"]], "ON": [["1266553_214_127", "1266552_140_53"]], "brick": [["1266552_140_53"]], "white": [["1266552_140_53"], ["1266553_214_127"]], "large": [["1266553_214_127"]], "round": [["1266553_214_127"]], "above": [["1266554_184_96", "1266553_214_127"]], "arched": [["1266554_184_96"]], "OF": [["1266555_151_48", "1266552_140_53"], ["1266560_65_256", "1266550_196_244"], ["1266553_214_127", "1266561_105_52"]], "by": [["1266556_170_395", "1266552_140_53"]], "behind": [["1266550_196_244", "1266552_140_53"]]}, "elements": {"object": ["1266553_214_127", "1266550_196_244", "1266556_170_395", "1266561_105_52", "1266552_140_53", "1266555_151_48", "1266554_184_96", "1266560_65_256", "1266551_267_355"], "label": ["clock", "tower", "window", "tree", "coconut", "top", "building", "grass", "leaves"]}, "image": {"id": 2388830, "url": "https://cs.stanford.edu/people/rak248/VG_100K_2/2388830.jpg", "width": 423, "height": 500, "coco_id": 506388, "flickr_id": 8158953645}}