{"sorts": ["object", "label"], "predicates": {"IN": ["object", "object"], "orange": ["object"], "has_label": ["object", "label"], "ON": ["object", "object"], "side": ["object"]}, "interpretation": {"IN": [["3194944_39_65", "3194945_0_200"]], "orange": [["3194944_39_65"]], "has_label": [["3194944_39_65", "truck"], ["3194945_0_200", "driveway"], ["3099504_368_39", "wall"], ["3670287_279_35", "building"]], "ON": [["3099504_368_39", "3670287_279_35"]], "side": [["3670287_279_35"]]}, "elements": {"object": ["3194944_39_65", "3099504_368_39", "3670287_279_35", "3194945_0_200"], "label": ["truck", "driveway", "building", "wall"]}, "image": {"id": 2417517, "url": "https://cs.stanford.edu/people/rak248/VG_100K_2/2417517.jpg", "width": 500, "height": 333, "coco_id": null, "flickr_id": 7502571540}}