{"sorts": ["object", "label"], "predicates": {"has_label": ["object", "label"], "turned": ["object"], "paper": ["object"], "black": ["object"], "brown": ["object"], "white": ["object"], "crooked": ["object"], "tall": ["object"], "parked": ["object"], "large": ["object"], "green": ["object"], "of": ["object", "object"], "carrying": ["object", "object"], "to_the_right_of": ["object", "object"], "to_the_left_of": ["object", "object"], "walking_with": ["object", "object"], "wearing": ["object", "object"]}, "elements": {"object": ["4646662", "4646661", "4632173", "4646649", "4632184", "4646676", "4646644", "4632169", "4646651", "4646641", "4646657", "4632187", "4646639", "4646638", "4646631", "4646633"], "label": ["clothes", "man", "road", "roof", "window", "tree_branch", "sign", "bag", "windows", "trees", "car", "door", "tire", "tire", "sky", "building"]}, "interpretation": {"has_label": [["4646662", "clothes"], ["4646661", "man"], ["4632173", "road"], ["4646649", "roof"], ["4632184", "window"], ["4646676", "tree_branch"], ["4646644", "sign"], ["4632169", "bag"], ["4646651", "windows"], ["4646641", "trees"], ["4646657", "car"], ["4632187", "door"], ["4646639", "tire"], ["4646638", "tire"], ["4646631", "sky"], ["4646633", "building"]], "turned": [["4646639"]], "paper": [["4632169"]], "black": [["4646638"]], "brown": [["4632169"]], "white": [["4646662"]], "crooked": [["4646639"]], "tall": [["4646676"]], "parked": [["4646657"]], "large": [["4646657"]], "green": [["4646676"]], "of": [["4646649", "4646633"]], "carrying": [["4646661", "4632169"]], "to_the_right_of": [["4646662", "4646657"], ["4646661", "4646657"], ["4632184", "4646644"], ["4646676", "4646649"], ["4646676", "4646633"], ["4646676", "4646641"], ["4632169", "4646651"], ["4632169", "4646657"], ["4646651", "4646633"], ["4646651", "4632187"], ["4646651", "4632184"], ["4646641", "4646649"], ["4646641", "4646633"], ["4646657", "4646644"], ["4646657", "4646633"], ["4632187", "4646644"], ["4646638", "4646639"], ["4646631", "4646633"], ["4646631", "4646649"]], "to_the_left_of": [["4646649", "4646631"], ["4646649", "4646641"], ["4646649", "4646676"], ["4632184", "4646651"], ["4646644", "4632187"], ["4646644", "4632184"], ["4646644", "4646657"], ["4646651", "4632169"], ["4646641", "4646676"], ["4646657", "4646661"], ["4646657", "4632169"], ["4646657", "4646662"], ["4632187", "4646651"], ["4646639", "4646638"], ["4646633", "4646631"], ["4646633", "4646676"], ["4646633", "4646657"], ["4646633", "4646651"], ["4646633", "4646641"]], "walking_with": [["4646661", "4632169"]], "wearing": [["4646661", "4646662"]]}}