{"sorts": ["object", "label"], "predicates": {"has_label": ["object", "label"], "brick": ["object"], "brown": ["object"], "white": ["object"], "up": ["object"], "to_the_left_of": ["object", "object"], "to_the_right_of": ["object", "object"]}, "elements": {"object": ["1817424", "1748532", "1817426", "2303189", "2125618", "2125619", "2498134", "1934630", "2693391", "2045125", "3612819", "1777299", "1782561", "3908624", "1817425", "2485403"], "label": ["tire", "building", "bike", "shirt", "bricks", "bricks", "shirt", "bag", "sidewalk", "barrier", "road", "bridge", "woman", "arm", "tire", "windows"]}, "interpretation": {"has_label": [["1817424", "tire"], ["1748532", "building"], ["1817426", "bike"], ["2303189", "shirt"], ["2125618", "bricks"], ["2125619", "bricks"], ["2498134", "shirt"], ["1934630", "bag"], ["2693391", "sidewalk"], ["2045125", "barrier"], ["3612819", "road"], ["1777299", "bridge"], ["1782561", "woman"], ["3908624", "arm"], ["1817425", "tire"], ["2485403", "windows"]], "brick": [["3612819"]], "brown": [["1934630"]], "white": [["2045125"]], "up": [["3908624"]], "to_the_left_of": [["1817424", "1817425"], ["2125618", "1817424"], ["2125618", "1782561"], ["2125618", "1817426"], ["2125619", "1817426"], ["2125619", "1817424"], ["1782561", "1817425"]], "to_the_right_of": [["1817424", "2125619"], ["1817424", "2125618"], ["1817426", "2125619"], ["1817426", "2125618"], ["1782561", "2125618"], ["1817425", "1817424"], ["1817425", "1782561"]]}}