{"sorts": ["object", "label"], "predicates": {"ON": ["object", "object"], "american": ["object"], "has_label": ["object", "label"], "with": ["object", "object"], "yellow": ["object"], "has": ["object", "object"], "red": ["object"], "are on": ["object", "object"], "three": ["object"], "are in": ["object", "object"], "IN": ["object", "object"], "green": ["object"]}, "interpretation": {"ON": [["3665508_73_38", "2017107_32_42"], ["2017106_42_123", "2017107_32_42"], ["2604935_270_174", "3878658_268_175"]], "american": [["3665508_73_38"]], "has_label": [["3665508_73_38", "flag"], ["2017107_32_42", "pole"], ["2017106_42_123", "flag"], ["2616036_251_177", "man"], ["2616037_253_194", "jacket"], ["3878657_249_175", "man"], ["3878658_268_175", "head"], ["2604935_270_174", "hat"], ["1841015_173_168", "men"], ["1841016_190_267", "skis"], ["1703752_30_35", "two flags"], ["1703753_2_198", "ground"], ["1904192_310_306", "green rope"], ["1904193_295_243", "ground"]], "with": [["2616036_251_177", "2616037_253_194"]], "yellow": [["2616037_253_194"]], "has": [["3878657_249_175", "3878658_268_175"]], "red": [["2604935_270_174"]], "are on": [["1841015_173_168", "1841016_190_267"]], "three": [["1841015_173_168"]], "are in": [["1703752_30_35", "1703753_2_198"]], "IN": [["1904192_310_306", "1904193_295_243"]], "green": [["1904192_310_306"]]}, "elements": {"object": ["2017106_42_123", "3878658_268_175", "1841015_173_168", "3878657_249_175", "1904192_310_306", "2604935_270_174", "2616036_251_177", "2017107_32_42", "3665508_73_38", "1703752_30_35", "1904193_295_243", "2616037_253_194", "1703753_2_198", "1841016_190_267"], "label": ["flag", "skis", "man", "men", "two flags", "jacket", "hat", "ground", "pole", "green rope", "head"]}, "image": {"id": 2366519, "url": "https://cs.stanford.edu/people/rak248/VG_100K/2366519.jpg", "width": 500, "height": 375, "coco_id": null, "flickr_id": 6671098591}}