{"sorts": ["object", "label"], "predicates": {"of a": ["object", "object"], "adult": ["object"], "has_label": ["object", "label"], "ON": ["object", "object"], "yellow": ["object"], "blue": ["object"], "on": ["object", "object"], "OF": ["object", "object"], "shining in": ["object", "object"], "round": ["object"], "holding": ["object", "object"]}, "interpretation": {"of a": [["3041184_147_229", "3291195_13_0"]], "adult": [["3291195_13_0"]], "has_label": [["3041184_147_229", "chin"], ["3291195_13_0", "man"], ["3291194_147_187", "hair"], ["3307049_102_297", "star"], ["2802086_7_60", "uniform"], ["3431590_75_272", "yellow stripe"], ["2948551_332_1", "plane image"], ["2948552_192_0", "fabric"], ["2802084_103_199", "badge"], ["2802085_80_226", "shoulder"], ["3028997_278_156", "cuff"], ["3681313_86_57", "cuff"], ["3039649_44_74", "sun"], ["3039650_1_2", "sky"], ["3667035_9_5", "soldier"], ["3058066_261_5", "kite"]], "ON": [["3291194_147_187", "3291195_13_0"], ["3307049_102_297", "2802086_7_60"], ["3431590_75_272", "2802086_7_60"], ["2948551_332_1", "2948552_192_0"]], "yellow": [["3307049_102_297"], ["3431590_75_272"]], "blue": [["2948551_332_1"]], "on": [["2802084_103_199", "2802085_80_226"], ["2802084_103_199", "2802086_7_60"]], "OF": [["3028997_278_156", "2802086_7_60"], ["3681313_86_57", "2802086_7_60"]], "shining in": [["3039649_44_74", "3039650_1_2"]], "round": [["3039649_44_74"]], "holding": [["3667035_9_5", "3058066_261_5"]]}, "elements": {"object": ["2802086_7_60", "2802084_103_199", "3039650_1_2", "3058066_261_5", "3028997_278_156", "3681313_86_57", "3431590_75_272", "3291194_147_187", "2948552_192_0", "3307049_102_297", "2802085_80_226", "3041184_147_229", "3291195_13_0", "3667035_9_5", "3039649_44_74", "2948551_332_1"], "label": ["uniform", "plane image", "fabric", "badge", "shoulder", "sky", "sun", "soldier", "man", "cuff", "star", "chin", "hair", "yellow stripe", "kite"]}, "image": {"id": 2333945, "url": "https://cs.stanford.edu/people/rak248/VG_100K/2333945.jpg", "width": 500, "height": 333, "coco_id": null, "flickr_id": 5092364021}}