{"sorts": ["object", "label"], "predicates": {"flying in air": ["object", "object"], "brown": ["object"], "has_label": ["object", "label"], "flying in": ["object", "object"], "IN": ["object", "object"], "blue": ["object"], "mostly cloudy": ["object"], "ON": ["object", "object"], "long": ["object"], "floating in": ["object", "object"], "in both": ["object", "object"], "taken during": ["object", "object"], "OF": ["object", "object"], "with": ["object", "object"], "attached to": ["object", "object"], "with no": ["object", "object"], "fluffy": ["object"], "white": ["object"], "mostly": ["object", "object"], "of cow head on": ["object", "object"], "has": ["object", "object"], "against": ["object", "object"]}, "interpretation": {"flying in air": [["268163_58_35", "268164_92_41"]], "brown": [["268163_58_35"]], "has_label": [["268163_58_35", "kite"], ["268164_92_41", "with cow"], ["268165_268_20", "air"], ["268168_256_13", "fluffy clouds"], ["268167_151_79", "sky"], ["268169_403_9", "white clouds"], ["268170_151_84", "blue sky"], ["268171_116_144", "tail"], ["268172_59_27", "kites"], ["268173_7_8", "pictures"], ["268174_7_8", "day"], ["268175_6_8", "left picture"], ["268176_58_40", "picture of bull"], ["268177_254_8", "right photo"], ["268178_159_14", "less clouds"], ["268180_9_13", "more sky"], ["268182_90_38", "white horns"], ["268183_310_57", "white kite"], ["268184_349_151", "tails"], ["268185_360_147", "knots"], ["268186_333_58", "brown and white cow"], ["268188_7_15", "patch"], ["268166_408_19", "clouds"], ["268189_100_85", "black nose"], ["268190_294_55", "another kite"], ["268191_164_72", "clear"], ["268192_54_40", "image"], ["268194_130_5", "some clouds"], ["268196_55_100", "white string"], ["268197_37_104", "kite string"], ["268198_5_80", "cloudy background"]], "flying in": [["268163_58_35", "268165_268_20"], ["268163_58_35", "268165_268_20"], ["268190_294_55", "268165_268_20"], ["268163_58_35", "268167_151_79"]], "IN": [["268168_256_13", "268167_151_79"], ["268169_403_9", "268170_151_84"], ["268168_256_13", "268167_151_79"], ["268169_403_9", "268170_151_84"], ["268172_59_27", "268165_268_20"], ["268170_151_84", "268173_7_8"], ["268163_58_35", "268175_6_8"], ["268178_159_14", "268175_6_8"], ["268180_9_13", "268175_6_8"], ["268166_408_19", "268167_151_79"]], "blue": [["268167_151_79"]], "mostly cloudy": [["268168_256_13"]], "ON": [["268171_116_144", "268163_58_35"], ["268176_58_40", "268172_59_27"], ["268168_256_13", "268177_254_8"], ["268189_100_85", "268176_58_40"], ["268184_349_151", "268177_254_8"], ["268186_333_58", "268190_294_55"]], "long": [["268171_116_144"]], "floating in": [["268171_116_144", "268165_268_20"], ["268171_116_144", "268165_268_20"]], "in both": [["268172_59_27", "268173_7_8"], ["268168_256_13", "268173_7_8"]], "taken during": [["268173_7_8", "268174_7_8"]], "OF": [["268175_6_8", "268182_90_38"], ["268177_254_8", "268186_333_58"], ["268182_90_38", "268164_92_41"], ["268171_116_144", "268163_58_35"]], "with": [["268183_310_57", "268184_349_151"], ["268184_349_151", "268185_360_147"], ["268164_92_41", "268182_90_38"], ["268170_151_84", "268194_130_5"], ["268164_92_41", "268182_90_38"], ["268190_294_55", "268186_333_58"]], "attached to": [["268171_116_144", "268163_58_35"]], "with no": [["268188_7_15", "268166_408_19"]], "fluffy": [["268166_408_19"]], "white": [["268166_408_19"]], "mostly": [["268170_151_84", "268191_164_72"]], "of cow head on": [["268192_54_40", "268163_58_35"]], "has": [["268163_58_35", "268196_55_100"]], "against": [["268197_37_104", "268198_5_80"]]}, "elements": {"object": ["268170_151_84", "268171_116_144", "268165_268_20", "268164_92_41", "268163_58_35", "268189_100_85", "268175_6_8", "268167_151_79", "268176_58_40", "268166_408_19", "268182_90_38", "268188_7_15", "268169_403_9", "268191_164_72", "268168_256_13", "268197_37_104", "268185_360_147", "268173_7_8", "268177_254_8", "268180_9_13", "268198_5_80", "268178_159_14", "268172_59_27", "268190_294_55", "268183_310_57", "268192_54_40", "268174_7_8", "268184_349_151", "268186_333_58", "268194_130_5", "268196_55_100"], "label": ["air", "right photo", "left picture", "sky", "white horns", "image", "white string", "with cow", "tail", "tails", "blue sky", "knots", "kites", "patch", "black nose", "clouds", "white clouds", "kite string", "another kite", "fluffy clouds", "picture of bull", "white kite", "cloudy background", "pictures", "brown and white cow", "day", "less clouds", "clear", "more sky", "some clouds", "kite"]}, "image": {"id": 2408102, "url": "https://cs.stanford.edu/people/rak248/VG_100K_2/2408102.jpg", "width": 500, "height": 252, "coco_id": 426912, "flickr_id": 4938195130}}