{"sorts": ["object", "label"], "predicates": {"IN": ["object", "object"], "green": ["object"], "brown": ["object"], "grouped": ["object"], "various kinds": ["object"], "has_label": ["object", "label"], "ON": ["object", "object"], "has": ["object", "object"], "black": ["object"], "laying down": ["object"], "white": ["object"], "standing": ["object"], "alert": ["object"], "behind": ["object", "object"]}, "interpretation": {"IN": [["665952_14_272", "665953_2_212"], ["665952_14_272", "665953_2_212"], ["665952_14_272", "665953_2_212"], ["665952_14_272", "665953_2_212"], ["665952_14_272", "665953_2_212"], ["665952_14_272", "665953_2_212"], ["665952_14_272", "665953_2_212"], ["665968_348_319", "665953_2_212"], ["665952_14_272", "665953_2_212"]], "green": [["665953_2_212"], ["665969_1_1"]], "brown": [["665953_2_212"]], "grouped": [["665952_14_272"]], "various kinds": [["665952_14_272"]], "has_label": [["665952_14_272", "cows"], ["665953_2_212", "field"], ["665961_40_233", "stick"], ["665962_170_292", "cow"], ["665963_184_297", "collar"], ["665955_15_272", "cow"], ["665964_81_281", "tail"], ["665968_348_319", "cow"], ["665969_1_1", "trees"]], "ON": [["665961_40_233", "665953_2_212"], ["665962_170_292", "665953_2_212"]], "has": [["665962_170_292", "665963_184_297"], ["665955_15_272", "665964_81_281"]], "black": [["665962_170_292"], ["665955_15_272"]], "laying down": [["665962_170_292"]], "white": [["665964_81_281"], ["665955_15_272"]], "standing": [["665955_15_272"]], "alert": [["665955_15_272"]], "behind": [["665969_1_1", "665952_14_272"]]}, "elements": {"object": ["665968_348_319", "665955_15_272", "665963_184_297", "665964_81_281", "665969_1_1", "665952_14_272", "665962_170_292", "665961_40_233", "665953_2_212"], "label": ["trees", "collar", "stick", "cows", "cow", "tail", "field"]}, "image": {"id": 2395505, "url": "https://cs.stanford.edu/people/rak248/VG_100K_2/2395505.jpg", "width": 375, "height": 500, "coco_id": 472864, "flickr_id": 4553771143}}