{"sorts": ["object", "label"], "predicates": {"has_label": ["object", "label"], "black": ["object"], "colorful": ["object"], "wood": ["object"], "brown": ["object"], "on": ["object", "object"], "sitting_on": ["object", "object"], "to_the_left_of": ["object", "object"], "to_the_right_of": ["object", "object"]}, "elements": {"object": ["2929590", "3387937", "3199821", "2937844", "3945251", "3344848", "2727633", "3424280", "2919187", "2811122", "3945249", "3455116", "3945246", "3945250", "3945244", "2747014"], "label": ["table", "burner", "counter", "wall", "burner", "chair", "cabinet", "cabinet", "counter", "microwave", "outlet", "wallet", "burner", "burner", "kitchen", "wall"]}, "interpretation": {"has_label": [["2929590", "table"], ["3387937", "burner"], ["3199821", "counter"], ["2937844", "wall"], ["3945251", "burner"], ["3344848", "chair"], ["2727633", "cabinet"], ["3424280", "cabinet"], ["2919187", "counter"], ["2811122", "microwave"], ["3945249", "outlet"], ["3455116", "wallet"], ["3945246", "burner"], ["3945250", "burner"], ["3945244", "kitchen"], ["2747014", "wall"]], "black": [["2811122"]], "colorful": [["3455116"]], "wood": [["2929590"], ["3344848"], ["3424280"]], "brown": [["2727633"]], "on": [["2811122", "3199821"], ["3455116", "2919187"]], "sitting_on": [["3455116", "2919187"]], "to_the_left_of": [["3387937", "2919187"], ["2937844", "3344848"], ["2937844", "2929590"], ["2727633", "3387937"], ["2727633", "3945246"], ["2727633", "2919187"], ["3424280", "2937844"], ["3945249", "2929590"], ["3945249", "3344848"], ["3455116", "3344848"], ["3945250", "2937844"], ["2747014", "2937844"]], "to_the_right_of": [["2929590", "2937844"], ["2929590", "3945249"], ["3387937", "2727633"], ["2937844", "3424280"], ["2937844", "3945250"], ["2937844", "2747014"], ["3344848", "3455116"], ["3344848", "2937844"], ["3344848", "3945249"], ["2919187", "2727633"], ["2919187", "3387937"], ["3945246", "2727633"]]}}