{"sorts": ["object", "label"], "predicates": {"has_label": ["object", "label"], "hanging": ["object"], "black": ["object"], "chrome": ["object"], "white": ["object"], "wood": ["object"], "to_the_right_of": ["object", "object"], "to_the_left_of": ["object", "object"], "beside": ["object", "object"], "by": ["object", "object"], "on": ["object", "object"]}, "elements": {"object": ["153077", "153080", "153071", "153069", "153068", "153078", "153079", "153063", "153062", "153076", "153060", "153067", "153061", "153072", "153073"], "label": ["shelf", "dishwasher", "sink", "window", "outlet", "cabinets", "doors", "outlet", "counter", "shelf", "blender", "outlet", "microwave", "faucet", "ceiling"]}, "interpretation": {"has_label": [["153077", "shelf"], ["153080", "dishwasher"], ["153071", "sink"], ["153069", "window"], ["153068", "outlet"], ["153078", "cabinets"], ["153079", "doors"], ["153063", "outlet"], ["153062", "counter"], ["153076", "shelf"], ["153060", "blender"], ["153067", "outlet"], ["153061", "microwave"], ["153072", "faucet"], ["153073", "ceiling"]], "hanging": [["153078"]], "black": [["153060"], ["153061"]], "chrome": [["153071"], ["153072"]], "white": [["153080"]], "wood": [["153078"]], "to_the_right_of": [["153077", "153069"], ["153071", "153062"], ["153069", "153060"], ["153069", "153068"], ["153069", "153076"], ["153068", "153060"], ["153079", "153078"], ["153076", "153079"], ["153060", "153067"], ["153067", "153061"], ["153061", "153063"], ["153072", "153068"], ["153072", "153060"]], "to_the_left_of": [["153069", "153077"], ["153068", "153072"], ["153068", "153069"], ["153078", "153079"], ["153079", "153076"], ["153063", "153061"], ["153062", "153071"], ["153076", "153069"], ["153060", "153068"], ["153060", "153072"], ["153060", "153069"], ["153067", "153060"], ["153061", "153067"]], "beside": [["153077", "153069"], ["153068", "153069"], ["153076", "153069"]], "by": [["153063", "153061"]], "on": [["153061", "153062"]]}}