{"sorts": ["object", "label"], "predicates": {"has_label": ["object", "label"], "yellow": ["object"], "white": ["object"], "filled": ["object"], "open": ["object"], "industrial": ["object"], "plastic": ["object"], "tiled": ["object"], "in": ["object", "object"], "to_the_right_of": ["object", "object"], "to_the_left_of": ["object", "object"], "on": ["object", "object"], "next_to": ["object", "object"], "near": ["object", "object"]}, "elements": {"object": ["753194", "753183", "753192", "753188", "753189", "753205", "753207", "753206", "753201", "753190"], "label": ["oven", "bottle", "patio", "floor", "bottles", "wall", "liquid", "bottle", "refrigerator", "window"]}, "interpretation": {"has_label": [["753194", "oven"], ["753183", "bottle"], ["753192", "patio"], ["753188", "floor"], ["753189", "bottles"], ["753205", "wall"], ["753207", "liquid"], ["753206", "bottle"], ["753201", "refrigerator"], ["753190", "window"]], "yellow": [["753183"]], "white": [["753207"]], "filled": [["753183"]], "open": [["753190"]], "industrial": [["753194"]], "plastic": [["753183"], ["753206"]], "tiled": [["753188"]], "in": [["753207", "753206"]], "to_the_right_of": [["753183", "753189"], ["753183", "753201"], ["753189", "753201"], ["753207", "753183"], ["753207", "753205"], ["753207", "753201"], ["753207", "753189"], ["753206", "753183"], ["753206", "753189"], ["753206", "753205"], ["753206", "753201"], ["753190", "753205"]], "to_the_left_of": [["753183", "753206"], ["753183", "753207"], ["753189", "753183"], ["753189", "753206"], ["753189", "753207"], ["753205", "753190"], ["753205", "753206"], ["753205", "753207"], ["753201", "753206"], ["753201", "753207"], ["753201", "753189"], ["753201", "753183"]], "on": [["753194", "753192"]], "next_to": [["753183", "753194"], ["753188", "753194"]], "near": [["753194", "753183"], ["753194", "753188"], ["753183", "753194"], ["753188", "753194"]]}}