{"sorts": ["object", "label"], "predicates": {"has_label": ["object", "label"], "clear": ["object"], "black": ["object"], "white": ["object"], "silver": ["object"], "tan": ["object"], "red": ["object"], "stacked": ["object"], "open": ["object"], "plastic": ["object"], "green": ["object"], "on_the_front_of": ["object", "object"], "to_the_right_of": ["object", "object"], "sitting_on": ["object", "object"], "on_top_of": ["object", "object"], "to_the_left_of": ["object", "object"], "on": ["object", "object"]}, "elements": {"object": ["555568", "555569", "555556", "555559", "555555", "555562", "555563", "555564", "555550", "555566", "555567", "555560", "555572", "555571", "555570", "555552", "555557", "555553"], "label": ["window", "sticker", "floor", "wall", "bucket", "door", "dryer", "hose", "basket", "bottles", "counter", "wire", "trash", "sink", "room", "wheels", "container", "refrigerator"]}, "interpretation": {"has_label": [["555568", "window"], ["555569", "sticker"], ["555556", "floor"], ["555559", "wall"], ["555555", "bucket"], ["555562", "door"], ["555563", "dryer"], ["555564", "hose"], ["555550", "basket"], ["555566", "bottles"], ["555567", "counter"], ["555560", "wire"], ["555572", "trash"], ["555571", "sink"], ["555570", "room"], ["555552", "wheels"], ["555557", "container"], ["555553", "refrigerator"]], "clear": [["555557"]], "black": [["555552"]], "white": [["555563"]], "silver": [["555564"]], "tan": [["555553"]], "red": [["555555"]], "stacked": [["555563"]], "open": [["555568"], ["555562"]], "plastic": [["555555"]], "green": [["555550"]], "on_the_front_of": [["555569", "555557"]], "to_the_right_of": [["555568", "555563"], ["555569", "555552"], ["555556", "555555"], ["555559", "555556"], ["555559", "555569"], ["555559", "555557"], ["555559", "555572"], ["555559", "555553"], ["555562", "555571"], ["555564", "555562"], ["555560", "555564"], ["555560", "555562"], ["555572", "555552"], ["555557", "555552"], ["555553", "555568"], ["555553", "555560"], ["555553", "555563"], ["555553", "555564"]], "sitting_on": [["555555", "555556"]], "on_top_of": [["555550", "555563"], ["555566", "555567"]], "to_the_left_of": [["555568", "555553"], ["555569", "555559"], ["555556", "555559"], ["555555", "555556"], ["555562", "555564"], ["555562", "555560"], ["555563", "555568"], ["555563", "555553"], ["555564", "555553"], ["555564", "555560"], ["555560", "555553"], ["555572", "555559"], ["555571", "555562"], ["555552", "555569"], ["555552", "555557"], ["555552", "555572"], ["555557", "555559"], ["555553", "555559"]], "on": [["555555", "555556"], ["555557", "555556"]]}}