{"sorts": ["object", "label"], "predicates": {"has_label": ["object", "label"], "brick": ["object"], "bright": ["object"], "orange": ["object"], "black": ["object"], "silver": ["object"], "dark": ["object"], "open": ["object"], "parked": ["object"], "large": ["object"], "riding": ["object", "object"], "to_the_right_of": ["object", "object"], "covered_in": ["object", "object"], "to_the_left_of": ["object", "object"]}, "elements": {"object": ["4272522", "4272521", "4272520", "4511329", "4272525", "4511327", "4511330", "4511324", "4272516", "4272492", "4272503", "4511316", "4511314", "4511323", "4511340", "4511318", "4511319"], "label": ["bread", "tray", "plant", "bicycle", "man", "oranges", "vest", "window", "car", "letter", "cone", "car", "wheel", "arm", "wall", "tire", "man"]}, "interpretation": {"has_label": [["4272522", "bread"], ["4272521", "tray"], ["4272520", "plant"], ["4511329", "bicycle"], ["4272525", "man"], ["4511327", "oranges"], ["4511330", "vest"], ["4511324", "window"], ["4272516", "car"], ["4272492", "letter"], ["4272503", "cone"], ["4511316", "car"], ["4511314", "wheel"], ["4511323", "arm"], ["4511340", "wall"], ["4511318", "tire"], ["4511319", "man"]], "brick": [["4511340"]], "bright": [["4272503"]], "orange": [["4272503"]], "black": [["4511330"], ["4511314"], ["4511318"]], "silver": [["4511316"]], "dark": [["4511323"]], "open": [["4511324"]], "parked": [["4511316"]], "large": [["4272521"]], "riding": [["4272525", "4511329"]], "to_the_right_of": [["4272520", "4511330"], ["4272520", "4511318"], ["4272520", "4272525"], ["4511327", "4511340"], ["4272516", "4511318"], ["4272516", "4511330"], ["4272516", "4511314"], ["4272516", "4511329"], ["4272516", "4272525"], ["4272503", "4272520"], ["4511316", "4511330"], ["4511316", "4272525"], ["4511340", "4272522"], ["4511318", "4511330"], ["4511318", "4272525"], ["4511319", "4511324"], ["4511319", "4272503"]], "covered_in": [["4272521", "4272522"]], "to_the_left_of": [["4272522", "4511340"], ["4272520", "4272503"], ["4511329", "4272516"], ["4272525", "4511316"], ["4272525", "4272520"], ["4272525", "4272516"], ["4272525", "4511318"], ["4511330", "4511318"], ["4511330", "4272516"], ["4511330", "4272520"], ["4511330", "4511316"], ["4511324", "4511319"], ["4272503", "4511319"], ["4511314", "4272516"], ["4511340", "4511327"], ["4511318", "4272520"], ["4511318", "4272516"]]}}