{"sorts": ["object", "label"], "predicates": {"ON": ["object", "object"], "has_label": ["object", "label"], "black": ["object"], "around": ["object", "object"], "white": ["object"], "OF": ["object", "object"], "holding": ["object", "object"], "receiving comfort from": ["object", "object"], "forlorn": ["object"], "loose": ["object"], "blond": ["object"]}, "interpretation": {"ON": [["2384761_377_249", "3850645_188_19"], ["2683208_259_109", "2683209_208_70"], ["2650928_248_254", "3850647_249_242"], ["2098689_187_10", "2098688_153_10"]], "has_label": [["2384761_377_249", "foot"], ["3850645_188_19", "human"], ["2683208_259_109", "nose"], ["2683209_208_70", "teddy bear"], ["1872744_223_97", "arm"], ["1872746_194_79", "teddy bear"], ["1746996_194_10", "hair"], ["1746995_164_12", "woman"], ["1665385_148_28", "woman"], ["1665384_220_67", "teddy bear"], ["1695525_154_12", "girl bear"], ["3724490_216_74", "bear"], ["2650928_248_254", "knot"], ["3850647_249_242", "knee"], ["2098689_187_10", "blond hair"], ["2098688_153_10", "girl"], ["1659024_60_14", "reflection"], ["3724491_194_10", "girl"]], "black": [["2683208_259_109"]], "around": [["1872744_223_97", "1872746_194_79"]], "white": [["1872746_194_79"]], "OF": [["1746996_194_10", "1746995_164_12"], ["1659024_60_14", "3724491_194_10"]], "holding": [["1665385_148_28", "1665384_220_67"]], "receiving comfort from": [["1695525_154_12", "3724490_216_74"]], "forlorn": [["2098688_153_10"]], "loose": [["2098689_187_10"]], "blond": [["2098689_187_10"]]}, "elements": {"object": ["1872746_194_79", "1872744_223_97", "2384761_377_249", "2098688_153_10", "2683209_208_70", "1746995_164_12", "2650928_248_254", "3850647_249_242", "1665384_220_67", "1746996_194_10", "3724491_194_10", "1659024_60_14", "1665385_148_28", "3850645_188_19", "2683208_259_109", "2098689_187_10", "1695525_154_12", "3724490_216_74"], "label": ["knee", "arm", "girl", "hair", "bear", "girl bear", "knot", "nose", "human", "teddy bear", "foot", "reflection", "blond hair", "woman"]}, "image": {"id": 2373798, "url": "https://cs.stanford.edu/people/rak248/VG_100K/2373798.jpg", "width": 500, "height": 333, "coco_id": 554003, "flickr_id": 6992974041}}