{"sorts": ["object", "label"], "predicates": {"IN": ["object", "object"], "white": ["object"], "has_label": ["object", "label"], "near": ["object", "object"], "OF": ["object", "object"], "behind": ["object", "object"], "ON": ["object", "object"]}, "interpretation": {"IN": [["2921859_122_268", "3544124_1_0"], ["3472869_150_422", "3172507_120_293"]], "white": [["2921859_122_268"], ["2921858_182_143"], ["3172506_121_378"]], "has_label": [["2921859_122_268", "toilet"], ["3544124_1_0", "room"], ["2868234_50_364", "toilet paper"], ["2868235_13_0", "wall"], ["3708640_189_421", "tiles"], ["3708641_1_3", "bathroom"], ["2921858_182_143", "towel"], ["3472869_150_422", "water"], ["3172507_120_293", "toilet"], ["3172506_121_378", "seat"]], "near": [["2868234_50_364", "2868235_13_0"]], "OF": [["3708640_189_421", "3708641_1_3"]], "behind": [["2921858_182_143", "2921859_122_268"]], "ON": [["3172506_121_378", "3172507_120_293"]]}, "elements": {"object": ["2921859_122_268", "3472869_150_422", "2868235_13_0", "3172506_121_378", "3708641_1_3", "2868234_50_364", "2921858_182_143", "3544124_1_0", "3708640_189_421", "3172507_120_293"], "label": ["towel", "water", "toilet", "bathroom", "tiles", "seat", "wall", "toilet paper", "room"]}, "image": {"id": 2337300, "url": "https://cs.stanford.edu/people/rak248/VG_100K/2337300.jpg", "width": 333, "height": 500, "coco_id": null, "flickr_id": 7206281992}}