{"sorts": ["object", "label"], "predicates": {"IN": ["object", "object"], "white": ["object"], "clean": ["object"], "has_label": ["object", "label"], "next to": ["object", "object"], "under": ["object", "object"], "tiled": ["object"], "black": ["object"], "by": ["object", "object"], "ON": ["object", "object"], "above": ["object", "object"], "decorative": ["object"], "near": ["object", "object"], "hanging": ["object"], "open": ["object"], "a": ["object", "object"], "has": ["object", "object"], "for": ["object", "object"], "OF": ["object", "object"], "blue": ["object"], "large": ["object"]}, "interpretation": {"IN": [["308307_159_239", "308308_3_1"], ["308312_5_355", "308308_3_1"], ["308314_320_5", "308308_3_1"], ["308314_320_5", "308308_3_1"], ["308310_65_433", "308308_3_1"]], "white": [["308307_159_239"], ["308309_203_173"], ["308311_3_1"], ["308310_65_433"], ["308312_5_355"], ["308324_157_245"]], "clean": [["308307_159_239"]], "has_label": [["308307_159_239", "toilet"], ["308308_3_1", "bathroom"], ["308309_203_173", "bathtub"], ["308310_65_433", "scale"], ["308311_3_1", "cabinet"], ["308312_5_355", "floor"], ["308313_75_1", "baskets"], ["308314_320_5", "window"], ["308315_188_4", "shower curtain"], ["308316_252_110", "image"], ["3813332_248_56", "bird cage"], ["308317_244_54", "bird cage print"], ["308318_160_258", "handle"], ["308320_3_0", "sliding doors"], ["308322_212_1", "rod"], ["308329_174_341", "intake"], ["3813333_158_244", "toilet tank"], ["308324_157_245", "toilet tank"], ["3813335_116_3", "painting"], ["3813334_159_1", "wall"]], "next to": [["308307_159_239", "308309_203_173"], ["308311_3_1", "308307_159_239"]], "under": [["308310_65_433", "308311_3_1"]], "tiled": [["308312_5_355"]], "black": [["308312_5_355"]], "by": [["308307_159_239", "308311_3_1"]], "ON": [["308313_75_1", "308311_3_1"], ["308318_160_258", "308307_159_239"], ["308315_188_4", "308322_212_1"], ["3813335_116_3", "3813334_159_1"]], "above": [["308314_320_5", "308309_203_173"]], "decorative": [["308314_320_5"]], "near": [["308315_188_4", "308314_320_5"]], "hanging": [["308315_188_4"]], "open": [["308315_188_4"]], "a": [["308316_252_110", "3813332_248_56"]], "has": [["308315_188_4", "308317_244_54"], ["308311_3_1", "308320_3_0"]], "for": [["308329_174_341", "3813333_158_244"]], "OF": [["308324_157_245", "308307_159_239"]], "blue": [["3813334_159_1"]], "large": [["3813335_116_3"]]}, "elements": {"object": ["308316_252_110", "3813334_159_1", "308324_157_245", "308313_75_1", "308314_320_5", "308320_3_0", "308329_174_341", "308310_65_433", "308318_160_258", "3813332_248_56", "308311_3_1", "308322_212_1", "308312_5_355", "308309_203_173", "3813335_116_3", "308315_188_4", "308317_244_54", "3813333_158_244", "308308_3_1", "308307_159_239"], "label": ["painting", "shower curtain", "bird cage", "toilet", "toilet tank", "intake", "wall", "sliding doors", "baskets", "bathroom", "window", "bathtub", "scale", "bird cage print", "floor", "cabinet", "handle", "image", "rod"]}, "image": {"id": 2411680, "url": "https://cs.stanford.edu/people/rak248/VG_100K_2/2411680.jpg", "width": 375, "height": 500, "coco_id": null, "flickr_id": 5304326654}}