{"sorts": ["object", "label"], "predicates": {"licking": ["object", "object"], "in captivity": ["object"], "brown": ["object"], "white": ["object"], "has_label": ["object", "label"], "black": ["object"], "of a giraffe": ["object"], "long": ["object"], "dark": ["object"], "has": ["object", "object"], "have": ["object", "object"], "on gifaffe": ["object"], "being licked by": ["object", "object"], "drinking": ["object", "object"], "ON": ["object", "object"], "sticking out of": ["object", "object"], "wood": ["object"], "wooden": ["object"], "vertical": ["object"], "are on": ["object", "object"], "driven": ["object", "object"], "gesturing": ["object", "object"], "of a person": ["object"]}, "interpretation": {"licking": [["814406_69_89", "814407_1_6"], ["814408_68_171", "814407_1_6"], ["814406_69_89", "814407_1_6"], ["814406_69_89", "814407_1_6"]], "in captivity": [["814406_69_89"]], "brown": [["814406_69_89"], ["814409_77_89"], ["814417_279_212"]], "white": [["814406_69_89"], ["814409_77_89"]], "has_label": [["814406_69_89", "giraffe"], ["814407_1_6", "someone"], ["814408_68_171", "tongue"], ["814414_284_89", "horns"], ["814409_77_89", "coat"], ["814423_135_143", "spots"], ["814419_78_159", "mouth"], ["814420_68_89", "head"], ["814416_233_161", "eye"], ["814421_299_195", "an ear"], ["814417_279_212", "neck"], ["814424_77_158", "mouth"], ["814413_1_183", "fence posts"], ["814425_1_275", "corner frame"], ["814426_320_152", "rock face"], ["814427_331_160", "drawing of impalas"], ["814437_243_18", "drawings"], ["814435_28_1", "rock face"], ["814428_262_304", "nail"], ["814429_249_294", "into thick wood"], ["814430_1_223", "jagged top"], ["814432_69_4", "drawing"], ["814433_86_21", "with both hands"]], "black": [["814408_68_171"], ["814416_233_161"]], "of a giraffe": [["814408_68_171"]], "long": [["814408_68_171"]], "dark": [["814408_68_171"]], "has": [["814406_69_89", "814414_284_89"], ["814409_77_89", "814406_69_89"], ["814406_69_89", "814423_135_143"], ["814406_69_89", "814414_284_89"], ["814406_69_89", "814408_68_171"], ["814406_69_89", "814419_78_159"], ["814406_69_89", "814420_68_89"], ["814406_69_89", "814416_233_161"], ["814406_69_89", "814421_299_195"], ["814406_69_89", "814417_279_212"], ["814413_1_183", "814425_1_275"], ["814426_320_152", "814427_331_160"], ["814413_1_183", "814430_1_223"]], "have": [["814409_77_89", "814423_135_143"]], "on gifaffe": [["814423_135_143"]], "being licked by": [["814407_1_6", "814406_69_89"]], "drinking": [["814406_69_89", "814408_68_171"]], "ON": [["814417_279_212", "814406_69_89"], ["814420_68_89", "814406_69_89"]], "sticking out of": [["814408_68_171", "814424_77_158"]], "wood": [["814413_1_183"]], "wooden": [["814413_1_183"]], "vertical": [["814426_320_152"], ["814435_28_1"]], "are on": [["814437_243_18", "814435_28_1"]], "driven": [["814428_262_304", "814429_249_294"]], "gesturing": [["814432_69_4", "814433_86_21"], ["814432_69_4"]], "of a person": [["814432_69_4"]]}, "elements": {"object": ["814423_135_143", "814430_1_223", "814433_86_21", "814425_1_275", "814435_28_1", "814407_1_6", "814421_299_195", "814409_77_89", "814419_78_159", "814437_243_18", "814429_249_294", "814408_68_171", "814432_69_4", "814420_68_89", "814424_77_158", "814417_279_212", "814426_320_152", "814406_69_89", "814414_284_89", "814428_262_304", "814427_331_160", "814416_233_161", "814413_1_183"], "label": ["giraffe", "with both hands", "drawings", "corner frame", "eye", "spots", "mouth", "someone", "drawing", "jagged top", "rock face", "into thick wood", "nail", "head", "coat", "neck", "horns", "an ear", "drawing of impalas", "tongue", "fence posts"]}, "image": {"id": 2357156, "url": "https://cs.stanford.edu/people/rak248/VG_100K/2357156.jpg", "width": 500, "height": 375, "coco_id": 397976, "flickr_id": 3845080532}}