{"sorts": ["object", "label"], "predicates": {"has": ["object", "object"], "short": ["object"], "turned": ["object"], "has_label": ["object", "label"], "lowered": ["object"], "leaning": ["object"], "brown": ["object"], "eating": ["object"], "white": ["object"], "black": ["object"], "long": ["object"], "hollow": ["object"], "flared": ["object"], "ON": ["object", "object"], "green": ["object"], "wooden": ["object"], "OF": ["object", "object"]}, "interpretation": {"has": [["638379_420_9", "638383_441_141"], ["638377_126_58", "638386_210_134"], ["638377_126_58", "638387_235_110"], ["638377_126_58", "638388_244_237"], ["638379_420_9", "638383_441_141"], ["638379_420_9", "638383_441_141"]], "short": [["638383_441_141"]], "turned": [["638379_420_9"]], "has_label": [["638379_420_9", "giraffe"], ["638383_441_141", "tail"], ["638377_126_58", "giraffe"], ["638386_210_134", "head"], ["638387_235_110", "horns"], ["638388_244_237", "nose"], ["638393_10_12", "sticks"], ["638385_11_9", "wall"]], "lowered": [["638386_210_134"]], "leaning": [["638377_126_58"]], "brown": [["638377_126_58"], ["638388_244_237"]], "eating": [["638377_126_58"]], "white": [["638377_126_58"]], "black": [["638387_235_110"]], "long": [["638387_235_110"]], "hollow": [["638388_244_237"]], "flared": [["638388_244_237"]], "ON": [["638393_10_12", "638385_11_9"]], "green": [["638385_11_9"]], "wooden": [["638385_11_9"]], "OF": [["638383_441_141", "638377_126_58"], ["638383_441_141", "638379_420_9"]]}, "elements": {"object": ["638385_11_9", "638383_441_141", "638379_420_9", "638386_210_134", "638388_244_237", "638377_126_58", "638393_10_12", "638387_235_110"], "label": ["giraffe", "horns", "wall", "sticks", "tail", "head", "nose"]}, "image": {"id": 2364844, "url": "https://cs.stanford.edu/people/rak248/VG_100K/2364844.jpg", "width": 500, "height": 333, "coco_id": 192681, "flickr_id": 805920836}}