{"sorts": ["object", "label"], "predicates": {"behind": ["object", "object"], "lying down": ["object"], "tan": ["object"], "baby": ["object"], "brown": ["object"], "on ground": ["object"], "wooden": ["object"], "has_label": ["object", "label"], "near": ["object", "object"], "ON": ["object", "object"], "wire": ["object"], "metal": ["object"], "rope": ["object"], "grey": ["object"], "cable": ["object"], "lying on": ["object", "object"], "on floor": ["object"], "has": ["object", "object"], "long": ["object"], "adult": ["object"], "on right": ["object"], "pointed": ["object"], "horn-like": ["object"]}, "interpretation": {"behind": [["1080634_6_7", "1080632_51_59"]], "lying down": [["1080632_51_59"]], "tan": [["1080632_51_59"]], "baby": [["1080632_51_59"]], "brown": [["1080632_51_59"], ["1080644_90_110"]], "on ground": [["1080632_51_59"]], "wooden": [["1080634_6_7"]], "has_label": [["1080634_6_7", "wall"], ["1080632_51_59", "giraffe"], ["1080635_50_21", "giraffes"], ["1080637_29_209", "hook"], ["1080633_17_58", "fence"], ["1080640_161_444", "sawdust"], ["1080645_122_115", "eye"], ["1080646_72_84", "head"], ["1080647_208_356", "tail"], ["1080636_278_7", "giraffe"], ["1080650_334_90", "tail"], ["1080652_168_382", "leg"], ["1080654_206_148", "nostril"], ["1080651_53_83", "ear"], ["1080648_117_34", "ossicles"], ["1080644_90_110", "neck"]], "near": [["1080635_50_21", "1080634_6_7"]], "ON": [["1080637_29_209", "1080633_17_58"], ["1080645_122_115", "1080646_72_84"], ["1080647_208_356", "1080640_161_444"], ["1080637_29_209", "1080633_17_58"]], "wire": [["1080633_17_58"]], "metal": [["1080633_17_58"]], "rope": [["1080633_17_58"]], "grey": [["1080633_17_58"]], "cable": [["1080633_17_58"]], "lying on": [["1080632_51_59", "1080640_161_444"]], "on floor": [["1080640_161_444"]], "has": [["1080636_278_7", "1080650_334_90"], ["1080632_51_59", "1080645_122_115"], ["1080632_51_59", "1080652_168_382"], ["1080632_51_59", "1080654_206_148"], ["1080632_51_59", "1080651_53_83"], ["1080632_51_59", "1080646_72_84"], ["1080632_51_59", "1080648_117_34"], ["1080632_51_59", "1080644_90_110"]], "long": [["1080650_334_90"], ["1080644_90_110"]], "adult": [["1080636_278_7"]], "on right": [["1080636_278_7"]], "pointed": [["1080651_53_83"]], "horn-like": [["1080648_117_34"]]}, "elements": {"object": ["1080640_161_444", "1080652_168_382", "1080651_53_83", "1080644_90_110", "1080632_51_59", "1080648_117_34", "1080637_29_209", "1080636_278_7", "1080633_17_58", "1080645_122_115", "1080646_72_84", "1080647_208_356", "1080650_334_90", "1080654_206_148", "1080634_6_7", "1080635_50_21"], "label": ["giraffe", "fence", "leg", "ossicles", "hook", "neck", "giraffes", "ear", "wall", "tail", "nostril", "sawdust", "eye", "head"]}, "image": {"id": 2411358, "url": "https://cs.stanford.edu/people/rak248/VG_100K_2/2411358.jpg", "width": 375, "height": 500, "coco_id": 439288, "flickr_id": 2339884204}}