{"sorts": ["object", "label"], "predicates": {"has_label": ["object", "label"], "young": ["object"], "gray": ["object"], "blue": ["object"], "brown": ["object"], "white": ["object"], "wrinkled": ["object"], "grouped": ["object"], "leafy": ["object"], "metal": ["object"], "large": ["object"], "to_the_right_of": ["object", "object"], "floating_in": ["object", "object"], "to_the_left_of": ["object", "object"], "on": ["object", "object"], "near": ["object", "object"]}, "elements": {"object": ["1186296", "1186308", "1186294", "1186295", "1186292", "1186293", "1186291", "1186300", "1186302", "1186303", "1186306", "1186307", "1186288", "1186297"], "label": ["clouds", "grass", "trunk", "fence", "ground", "bush", "boulders", "gate", "wall", "ear", "house", "post", "elephant", "sky"]}, "interpretation": {"has_label": [["1186296", "clouds"], ["1186308", "grass"], ["1186294", "trunk"], ["1186295", "fence"], ["1186292", "ground"], ["1186293", "bush"], ["1186291", "boulders"], ["1186300", "gate"], ["1186302", "wall"], ["1186303", "ear"], ["1186306", "house"], ["1186307", "post"], ["1186288", "elephant"], ["1186297", "sky"]], "young": [["1186288"]], "gray": [["1186295"], ["1186300"]], "blue": [["1186297"]], "brown": [["1186288"]], "white": [["1186296"]], "wrinkled": [["1186294"]], "grouped": [["1186291"]], "leafy": [["1186293"]], "metal": [["1186295"]], "large": [["1186293"]], "to_the_right_of": [["1186296", "1186293"], ["1186294", "1186293"], ["1186291", "1186293"], ["1186300", "1186288"], ["1186303", "1186293"], ["1186288", "1186293"]], "floating_in": [["1186296", "1186297"]], "to_the_left_of": [["1186293", "1186294"], ["1186293", "1186303"], ["1186293", "1186291"], ["1186293", "1186288"], ["1186293", "1186296"], ["1186288", "1186300"]], "on": [["1186308", "1186292"]], "near": [["1186291", "1186288"], ["1186288", "1186291"]]}}