{"sorts": ["object", "label"], "predicates": {"has_label": ["object", "label"], "curled": ["object"], "blue": ["object"], "black": ["object"], "chain-link": ["object"], "bushy": ["object"], "plastic": ["object"], "playing_in": ["object", "object"], "standing_in": ["object", "object"], "to_the_right_of": ["object", "object"], "to_the_left_of": ["object", "object"]}, "elements": {"object": ["1191523", "1191537", "1191525", "1191526", "1191527", "1191533", "1191530"], "label": ["dog", "tail", "head", "hose", "swimming_pool", "puddle", "fence"]}, "interpretation": {"has_label": [["1191523", "dog"], ["1191537", "tail"], ["1191525", "head"], ["1191526", "hose"], ["1191527", "swimming_pool"], ["1191533", "puddle"], ["1191530", "fence"]], "curled": [["1191537"]], "blue": [["1191527"]], "black": [["1191523"]], "chain-link": [["1191530"]], "bushy": [["1191537"]], "plastic": [["1191527"]], "playing_in": [["1191523", "1191527"]], "standing_in": [["1191523", "1191527"]], "to_the_right_of": [["1191523", "1191525"], ["1191537", "1191523"]], "to_the_left_of": [["1191523", "1191537"], ["1191525", "1191523"]]}}