{"sorts": ["object", "label"], "predicates": {"has_label": ["object", "label"], "to_the_right_of": ["object", "object"], "to_the_left_of": ["object", "object"]}, "elements": {"object": ["3138805", "3791542", "3791541", "3445847", "3091107", "3091106", "3091105", "3091104", "3091108", "2758033", "3015404", "3406045"], "label": ["pole", "sky", "fence", "gate", "people", "people", "people", "people", "people", "snow", "ice", "fence"]}, "interpretation": {"has_label": [["3138805", "pole"], ["3791542", "sky"], ["3791541", "fence"], ["3445847", "gate"], ["3091107", "people"], ["3091106", "people"], ["3091105", "people"], ["3091104", "people"], ["3091108", "people"], ["2758033", "snow"], ["3015404", "ice"], ["3406045", "fence"]], "to_the_right_of": [["3091107", "3091106"], ["3091107", "3091105"], ["3091107", "3091104"], ["3091106", "3091104"], ["3091106", "3091105"], ["3091105", "3091104"], ["3091108", "3091104"], ["3091108", "3091106"], ["3091108", "3091107"]], "to_the_left_of": [["3091107", "3091108"], ["3091106", "3091108"], ["3091106", "3091107"], ["3091105", "3091107"], ["3091105", "3091106"], ["3091104", "3091105"], ["3091104", "3091107"], ["3091104", "3091108"], ["3091104", "3091106"]]}}