{"sorts": ["object", "label"], "predicates": {"IN": ["object", "object"], "cloudy": ["object"], "clody": ["object"], "flying": ["object"], "has_label": ["object", "label"], "ON": ["object", "object"], "red": ["object"], "black": ["object"]}, "interpretation": {"IN": [["323412_158_52", "323416_238_32"], ["323412_158_52", "323416_238_32"], ["323412_158_52", "323416_238_32"]], "cloudy": [["323416_238_32"]], "clody": [["323416_238_32"]], "flying": [["323412_158_52"]], "has_label": [["323412_158_52", "birds"], ["323416_238_32", "sky"], ["323413_41_163", "clock"], ["323417_18_134", "wall"]], "ON": [["323413_41_163", "323417_18_134"], ["323413_41_163", "323417_18_134"], ["323413_41_163", "323417_18_134"]], "red": [["323417_18_134"]], "black": [["323413_41_163"]]}, "elements": {"object": ["323412_158_52", "323413_41_163", "323416_238_32", "323417_18_134"], "label": ["birds", "clock", "wall", "sky"]}, "image": {"id": 2407762, "url": "https://cs.stanford.edu/people/rak248/VG_100K_2/2407762.jpg", "width": 500, "height": 333, "coco_id": 134562, "flickr_id": 2437989880}}