{"sorts": ["object", "label"], "predicates": {"has_label": ["object", "label"], "clear": ["object"], "black": ["object"], "light": ["object"], "white": ["object"], "tall": ["object"], "round": ["object"], "pink": ["object"], "beige": ["object"], "square": ["object"], "green": ["object"], "behind": ["object", "object"], "to_the_right_of": ["object", "object"], "on_top_of": ["object", "object"], "in_front_of": ["object", "object"], "to_the_left_of": ["object", "object"], "beside": ["object", "object"], "sitting_next_to": ["object", "object"]}, "elements": {"object": ["1097592", "1097593", "1097590", "1097594", "1097598", "1097599", "1097588", "1097587", "1097586", "1097585", "1097597", "1097583", "1097582", "1097602", "1097580"], "label": ["wall", "carpet", "ottoman", "pillow", "cat", "container", "table", "candle_holder", "roses", "plant", "ottoman", "pillow", "couch", "rose", "living_room"]}, "interpretation": {"has_label": [["1097592", "wall"], ["1097593", "carpet"], ["1097590", "ottoman"], ["1097594", "pillow"], ["1097598", "cat"], ["1097599", "container"], ["1097588", "table"], ["1097587", "candle_holder"], ["1097586", "roses"], ["1097585", "plant"], ["1097597", "ottoman"], ["1097583", "pillow"], ["1097582", "couch"], ["1097602", "rose"], ["1097580", "living_room"]], "clear": [["1097587"]], "black": [["1097594"], ["1097598"], ["1097583"]], "light": [["1097582"]], "white": [["1097593"], ["1097590"], ["1097588"], ["1097597"], ["1097582"]], "tall": [["1097592"]], "round": [["1097587"]], "pink": [["1097586"], ["1097602"]], "beige": [["1097580"]], "square": [["1097588"]], "green": [["1097585"]], "behind": [["1097582", "1097588"]], "to_the_right_of": [["1097590", "1097597"], ["1097598", "1097590"], ["1097599", "1097586"], ["1097587", "1097586"], ["1097587", "1097599"], ["1097585", "1097583"], ["1097602", "1097586"]], "on_top_of": [["1097594", "1097582"], ["1097599", "1097588"], ["1097587", "1097588"], ["1097586", "1097588"], ["1097583", "1097582"]], "in_front_of": [["1097588", "1097582"]], "to_the_left_of": [["1097590", "1097598"], ["1097599", "1097587"], ["1097586", "1097602"], ["1097586", "1097599"], ["1097586", "1097587"], ["1097597", "1097590"], ["1097583", "1097585"]], "beside": [["1097585", "1097582"]], "sitting_next_to": [["1097598", "1097588"]]}}