{"sorts": ["object", "label"], "predicates": {"IN": ["object", "object"], "red": ["object"], "neatly made": ["object"], "has_label": ["object", "label"], "in front of": ["object", "object"], "white": ["object"], "glass": ["object"], "round": ["object"], "ON": ["object", "object"], "has": ["object", "object"], "tall": ["object"], "in corner of": ["object", "object"], "switched on": ["object"], "small": ["object"], "yellow": ["object"], "turned on": ["object"], "over": ["object", "object"], "outside a": ["object", "object"], "in a": ["object", "object"], "blue": ["object"], "decorative": ["object"]}, "interpretation": {"IN": [["1269447_187_277", "1269441_5_241"]], "red": [["1269441_5_241"]], "neatly made": [["1269441_5_241"]], "has_label": [["1269447_187_277", "wrinkles"], ["1269441_5_241", "bed"], ["1269444_37_220", "table"], ["1269443_2_2", "curtains"], ["1269453_403_181", "pillow"], ["1269456_361_5", "wallpaper"], ["1269457_416_11", "design"], ["1269450_294_65", "lamp"], ["1269458_300_241", "floor"], ["1269459_3_9", "window"], ["1269462_9_9", "bedroom"], ["1269449_354_159", "lamp"], ["1269463_15_81", "building"], ["1269455_177_166", "chair"], ["1269461_347_198", "pillow"]], "in front of": [["1269444_37_220", "1269443_2_2"]], "white": [["1269443_2_2"]], "glass": [["1269444_37_220"]], "round": [["1269444_37_220"]], "ON": [["1269453_403_181", "1269441_5_241"], ["1269450_294_65", "1269458_300_241"], ["1269443_2_2", "1269459_3_9"], ["1269443_2_2", "1269459_3_9"], ["1269449_354_159", "1269441_5_241"], ["1269461_347_198", "1269441_5_241"]], "has": [["1269456_361_5", "1269457_416_11"]], "tall": [["1269450_294_65"]], "in corner of": [["1269450_294_65", "1269462_9_9"]], "switched on": [["1269449_354_159"]], "small": [["1269449_354_159"]], "yellow": [["1269449_354_159"]], "turned on": [["1269449_354_159"]], "over": [["1269443_2_2", "1269459_3_9"]], "outside a": [["1269463_15_81", "1269462_9_9"]], "in a": [["1269455_177_166", "1269462_9_9"]], "blue": [["1269455_177_166"]], "decorative": [["1269461_347_198"]]}, "elements": {"object": ["1269450_294_65", "1269453_403_181", "1269443_2_2", "1269456_361_5", "1269463_15_81", "1269457_416_11", "1269462_9_9", "1269441_5_241", "1269459_3_9", "1269461_347_198", "1269455_177_166", "1269449_354_159", "1269447_187_277", "1269444_37_220", "1269458_300_241"], "label": ["bed", "curtains", "window", "pillow", "floor", "bedroom", "design", "table", "wallpaper", "chair", "building", "wrinkles", "lamp"]}, "image": {"id": 2388287, "url": "https://cs.stanford.edu/people/rak248/VG_100K_2/2388287.jpg", "width": 500, "height": 500, "coco_id": null, "flickr_id": 8121829141}}