{"sorts": ["object", "label"], "predicates": {"ON": ["object", "object"], "wooden": ["object"], "big": ["object"], "has_label": ["object", "label"], "white": ["object"], "large": ["object"], "small": ["object"], "hanging above": ["object", "object"], "on": ["object"], "IN": ["object", "object"], "OF": ["object", "object"], "shiny": ["object"], "brown": ["object"], "hard wood": ["object"], "for": ["object", "object"], "has": ["object", "object"], "leather": ["object"], "dark brown": ["object"], "right of": ["object", "object"], "left of": ["object", "object"], "near": ["object", "object"]}, "interpretation": {"ON": [["335304_138_154", "335305_0_35"], ["335306_43_223", "335305_0_35"], ["335307_150_133", "335305_0_35"], ["335309_100_191", "335310_71_209"], ["335311_449_211", "335312_433_226"], ["335307_150_133", "335305_0_35"], ["335307_150_133", "335305_0_35"], ["335311_449_211", "335312_433_226"], ["335309_100_191", "335310_71_209"], ["335307_150_133", "335305_0_35"], ["335306_43_223", "335305_0_35"], ["335322_234_152", "335305_0_35"]], "wooden": [["335305_0_35"], ["335316_12_321"]], "big": [["335305_0_35"]], "has_label": [["335304_138_154", "decorative pillows"], ["335305_0_35", "bed"], ["335306_43_223", "rose petals"], ["335307_150_133", "pillows"], ["335309_100_191", "phone"], ["335310_71_209", "nightstand"], ["335311_449_211", "clock"], ["335312_433_226", "nightstand"], ["335314_75_44", "light"], ["335315_2_1", "room"], ["335316_12_321", "floor"], ["335318_78_41", "lampshade"], ["335313_137_33", "headboard"], ["335320_455_38", "lamp"], ["335321_13_436", "ottoman"], ["335322_234_152", "tan pillow"]], "white": [["335307_150_133"], ["335318_78_41"]], "large": [["335307_150_133"]], "small": [["335311_449_211"]], "hanging above": [["335314_75_44", "335310_71_209"]], "on": [["335314_75_44"]], "IN": [["335305_0_35", "335315_2_1"], ["335305_0_35", "335315_2_1"]], "OF": [["335316_12_321", "335315_2_1"]], "shiny": [["335316_12_321"]], "brown": [["335316_12_321"], ["335313_137_33"]], "hard wood": [["335316_12_321"]], "for": [["335318_78_41", "335314_75_44"]], "has": [["335305_0_35", "335313_137_33"]], "leather": [["335313_137_33"]], "dark brown": [["335313_137_33"]], "right of": [["335312_433_226", "335305_0_35"], ["335320_455_38", "335305_0_35"]], "left of": [["335314_75_44", "335305_0_35"]], "near": [["335321_13_436", "335305_0_35"]]}, "elements": {"object": ["335304_138_154", "335318_78_41", "335322_234_152", "335310_71_209", "335311_449_211", "335320_455_38", "335306_43_223", "335312_433_226", "335321_13_436", "335313_137_33", "335309_100_191", "335305_0_35", "335315_2_1", "335316_12_321", "335314_75_44", "335307_150_133"], "label": ["bed", "decorative pillows", "headboard", "room", "floor", "phone", "rose petals", "tan pillow", "clock", "ottoman", "lamp", "lampshade", "pillows", "nightstand", "light"]}, "image": {"id": 2405060, "url": "https://cs.stanford.edu/people/rak248/VG_100K_2/2405060.jpg", "width": 500, "height": 500, "coco_id": null, "flickr_id": 6972948657}}