{"sorts": ["object", "label"], "predicates": {"WEARING": ["object", "object"], "khaki": ["object"], "khakis": ["object"], "here": ["object"], "light skinned": ["object"], "standing": ["object"], "has_label": ["object", "label"], "blue": ["object"], "ON": ["object", "object"], "wood": ["object"], "hanging on": ["object", "object"], "white": ["object"], "framed": ["object"], "beige": ["object"], "stucco": ["object"], "on": ["object"], "gold": ["object"], "wooden": ["object"], "black": ["object"], "covering": ["object", "object"], "white lace": ["object"], "has": ["object", "object"], "glass": ["object"], "big": ["object"], "standing in": ["object", "object"], "in center of": ["object", "object"], "between": ["object", "object"], "old": ["object"], "large": ["object"], "empty": ["object"], "brown": ["object"], "in middle of": ["object", "object"]}, "interpretation": {"WEARING": [["768319_379_122", "768320_380_201"], ["768319_379_122", "768321_384_146"], ["768319_379_122", "768320_380_201"], ["768319_379_122", "768321_384_146"]], "khaki": [["768320_380_201"]], "khakis": [["768320_380_201"]], "here": [["768319_379_122"], ["768326_190_54"], ["768325_277_100"], ["768332_217_230"], ["768333_213_76"], ["768322_77_178"]], "light skinned": [["768319_379_122"]], "standing": [["768319_379_122"]], "has_label": [["768319_379_122", "man"], ["768320_380_201", "pants"], ["768321_384_146", "shirt"], ["768323_28_182", "lamp"], ["768324_11_246", "end table"], ["768325_277_100", "picture"], ["768326_190_54", "wall"], ["768327_242_0", "light"], ["768328_0_0", "ceiling"], ["768329_41_54", "decoration"], ["768330_0_2", "wall"], ["768331_231_200", "flowers"], ["768332_217_230", "coffee table"], ["768333_213_76", "drapes"], ["768334_215_76", "windows"], ["768338_467_88", "door"], ["768339_472_100", "window"], ["768340_2_2", "room"], ["768341_102_232", "pillow"], ["768322_77_178", "sofa"]], "blue": [["768321_384_146"]], "ON": [["768323_28_182", "768324_11_246"], ["768327_242_0", "768328_0_0"], ["768329_41_54", "768330_0_2"], ["768331_231_200", "768332_217_230"], ["768331_231_200", "768332_217_230"], ["768325_277_100", "768326_190_54"], ["768331_231_200", "768332_217_230"], ["768341_102_232", "768322_77_178"]], "wood": [["768324_11_246"], ["768334_215_76"]], "hanging on": [["768325_277_100", "768326_190_54"]], "white": [["768326_190_54"], ["768322_77_178"]], "framed": [["768325_277_100"]], "beige": [["768328_0_0"]], "stucco": [["768328_0_0"]], "on": [["768327_242_0"]], "gold": [["768329_41_54"]], "wooden": [["768332_217_230"]], "black": [["768332_217_230"]], "covering": [["768333_213_76", "768334_215_76"]], "white lace": [["768333_213_76"]], "has": [["768338_467_88", "768339_472_100"]], "glass": [["768339_472_100"]], "big": [["768339_472_100"]], "standing in": [["768319_379_122", "768340_2_2"]], "in center of": [["768332_217_230", "768340_2_2"]], "between": [["768325_277_100", "768334_215_76"]], "old": [["768322_77_178"]], "large": [["768322_77_178"]], "empty": [["768322_77_178"]], "brown": [["768341_102_232"]], "in middle of": [["768327_242_0", "768328_0_0"]]}, "elements": {"object": ["768326_190_54", "768338_467_88", "768334_215_76", "768339_472_100", "768322_77_178", "768319_379_122", "768331_231_200", "768332_217_230", "768333_213_76", "768328_0_0", "768340_2_2", "768341_102_232", "768325_277_100", "768320_380_201", "768330_0_2", "768329_41_54", "768327_242_0", "768321_384_146", "768324_11_246", "768323_28_182"], "label": ["end table", "windows", "flowers", "room", "wall", "light", "lamp", "window", "coffee table", "picture", "sofa", "decoration", "drapes", "pants", "door", "pillow", "shirt", "man", "ceiling"]}, "image": {"id": 2363096, "url": "https://cs.stanford.edu/people/rak248/VG_100K/2363096.jpg", "width": 500, "height": 332, "coco_id": null, "flickr_id": 5146171120}}