{"sorts": ["object", "label"], "predicates": {"by": ["object", "object"], "brown": ["object"], "tall": ["object"], "has_label": ["object", "label"], "has": ["object", "object"], "black": ["object"], "has a": ["object", "object"], "standing": ["object"], "watching": ["object"], "standing in": ["object", "object"], "IN": ["object", "object"], "dried": ["object"]}, "interpretation": {"by": [["2062525_337_21", "2184728_173_18"]], "brown": [["2184728_173_18"]], "tall": [["2062525_337_21"]], "has_label": [["2062525_337_21", "grass"], ["2184728_173_18", "cow"], ["1929515_202_33", "cow"], ["3568520_217_77", "nose"], ["2019600_185_24", "cow"], ["2399129_192_45", "tag"], ["1668784_207_46", "eyes"], ["2670420_1_175", "road"], ["2663803_2_11", "grass"], ["3568523_0_61", "road"], ["1797448_388_163", "grass"], ["1797449_0_165", "road"], ["2670419_15_69", "dried grass"], ["1846062_32_99", "grass"], ["3568525_11_77", "road"]], "has": [["1929515_202_33", "3568520_217_77"], ["2019600_185_24", "1668784_207_46"]], "black": [["3568520_217_77"]], "has a": [["2019600_185_24", "2399129_192_45"]], "standing": [["2019600_185_24"]], "watching": [["2019600_185_24"]], "standing in": [["2019600_185_24", "2670420_1_175"]], "IN": [["2663803_2_11", "3568523_0_61"], ["1797448_388_163", "1797449_0_165"], ["2670419_15_69", "2670420_1_175"], ["1846062_32_99", "3568525_11_77"]], "dried": [["2663803_2_11"], ["1797448_388_163"], ["2670419_15_69"], ["1846062_32_99"]]}, "elements": {"object": ["2019600_185_24", "1797448_388_163", "1846062_32_99", "2670419_15_69", "3568525_11_77", "1668784_207_46", "2399129_192_45", "1797449_0_165", "1929515_202_33", "2062525_337_21", "2670420_1_175", "3568523_0_61", "2184728_173_18", "2663803_2_11", "3568520_217_77"], "label": ["road", "tag", "dried grass", "grass", "cow", "nose", "eyes"]}, "image": {"id": 2355454, "url": "https://cs.stanford.edu/people/rak248/VG_100K/2355454.jpg", "width": 500, "height": 281, "coco_id": null, "flickr_id": 6172656668}}