{"sorts": ["object", "label"], "predicates": {"driving on": ["object", "object"], "cracked": ["object"], "asphalt": ["object"], "concrete": ["object"], "blueish green": ["object"], "sitting": ["object"], "blue": ["object"], "waiting": ["object"], "has_label": ["object", "label"], "ON": ["object", "object"], "painted": ["object"], "decorated": ["object"], "yellow": ["object"], "inside": ["object", "object"], "has a": ["object", "object"], "near": ["object", "object"], "thick": ["object"], "white": ["object"], "sitting at": ["object", "object"], "has": ["object", "object"], "red": ["object"], "are in": ["object", "object"], "attached to": ["object", "object"], "across": ["object", "object"], "WEARING": ["object", "object"], "green": ["object"], "next to": ["object", "object"]}, "interpretation": {"driving on": [["1173038_179_0", "1173039_1_2"], ["1173038_179_0", "1173039_1_2"]], "cracked": [["1173039_1_2"]], "asphalt": [["1173039_1_2"]], "concrete": [["1173039_1_2"]], "blueish green": [["1173038_179_0"]], "sitting": [["1173038_179_0"]], "blue": [["1173038_179_0"]], "waiting": [["1173038_179_0"], ["1173043_300_2"]], "has_label": [["1173038_179_0", "car"], ["1173039_1_2", "street"], ["1173040_237_117", "hydrant"], ["1173041_221_168", "curb"], ["1173043_300_2", "person"], ["1173045_253_15", "side"], ["1173044_1_32", "lines"], ["1173046_23_0", "structure"], ["1173047_5_7", "corner"], ["1173048_336_157", "tree bark"], ["1173051_1_199", "cracks"], ["1173052_215_34", "tire"], ["1173053_361_31", "tire"], ["1173049_264_117", "cap"], ["1173058_265_253", "bottom"], ["1173059_273_154", "eyes"]], "ON": [["1173040_237_117", "1173041_221_168"]], "painted": [["1173041_221_168"], ["1173040_237_117"]], "decorated": [["1173040_237_117"]], "yellow": [["1173040_237_117"]], "inside": [["1173043_300_2", "1173038_179_0"], ["1173043_300_2", "1173038_179_0"]], "has a": [["1173038_179_0", "1173045_253_15"], ["1173040_237_117", "1173058_265_253"]], "near": [["1173040_237_117", "1173044_1_32"]], "thick": [["1173044_1_32"]], "white": [["1173044_1_32"]], "sitting at": [["1173046_23_0", "1173047_5_7"]], "has": [["1173041_221_168", "1173048_336_157"], ["1173040_237_117", "1173059_273_154"]], "red": [["1173048_336_157"]], "are in": [["1173051_1_199", "1173039_1_2"], ["1173051_1_199", "1173039_1_2"]], "attached to": [["1173052_215_34", "1173038_179_0"], ["1173053_361_31", "1173038_179_0"]], "across": [["1173044_1_32", "1173039_1_2"]], "WEARING": [["1173040_237_117", "1173049_264_117"]], "green": [["1173049_264_117"]], "next to": [["1173048_336_157", "1173040_237_117"]]}, "elements": {"object": ["1173048_336_157", "1173058_265_253", "1173045_253_15", "1173044_1_32", "1173051_1_199", "1173039_1_2", "1173043_300_2", "1173052_215_34", "1173053_361_31", "1173059_273_154", "1173046_23_0", "1173038_179_0", "1173041_221_168", "1173049_264_117", "1173047_5_7", "1173040_237_117"], "label": ["structure", "bottom", "hydrant", "person", "cap", "street", "corner", "tree bark", "cracks", "lines", "tire", "curb", "car", "side", "eyes"]}, "image": {"id": 2399031, "url": "https://cs.stanford.edu/people/rak248/VG_100K_2/2399031.jpg", "width": 500, "height": 349, "coco_id": 376263, "flickr_id": 218910872}}