{"sorts": ["object", "label"], "predicates": {"has": ["object", "object"], "doubledecker": ["object"], "colorful": ["object"], "large": ["object"], "has_label": ["object", "label"], "double": ["object"], "black": ["object"], "red": ["object"], "brown": ["object"], "white": ["object"], "ON": ["object", "object"], "has two": ["object", "object"], "beside": ["object", "object"], "tall": ["object"], "next to": ["object", "object"], "holding": ["object", "object"], "behind": ["object", "object"]}, "interpretation": {"has": [["327754_69_90", "327755_142_89"], ["327761_1_318", "327762_4_319"], ["327754_69_90", "327763_80_206"], ["327754_69_90", "327777_76_194"], ["327765_278_1", "327766_284_0"], ["327754_69_90", "327767_280_102"], ["327769_2_204", "327770_1_208"], ["327765_278_1", "327771_334_23"], ["327754_69_90", "327780_157_266"]], "doubledecker": [["327754_69_90"]], "colorful": [["327754_69_90"]], "large": [["327754_69_90"]], "has_label": [["327754_69_90", "bus"], ["327755_142_89", "colors"], ["327761_1_318", "street"], ["327762_4_319", "markings"], ["327763_80_206", "window"], ["327777_76_194", "doors"], ["327765_278_1", "building"], ["327766_284_0", "windows"], ["327767_280_102", "an advertisement"], ["327758_221_59", "sign"], ["327768_224_68", "pole"], ["327769_2_204", "streetside"], ["327770_1_208", "sign"], ["327756_12_1", "building"], ["327771_334_23", "balconies"], ["327759_249_1", "street lamp"], ["327776_403_215", "hand"], ["327773_385_168", "ipod"], ["327780_157_266", "tire"], ["327781_152_253", "circle"], ["327783_226_71", "pole"], ["327784_4_340", "sidewalk"], ["327787_150_200", "sign"]], "double": [["327777_76_194"]], "black": [["327777_76_194"], ["327758_221_59"], ["327759_249_1"], ["327780_157_266"]], "red": [["327777_76_194"]], "brown": [["327765_278_1"]], "white": [["327765_278_1"]], "ON": [["327754_69_90", "327761_1_318"], ["327758_221_59", "327768_224_68"], ["327781_152_253", "327754_69_90"], ["327783_226_71", "327784_4_340"], ["327787_150_200", "327754_69_90"]], "has two": [["327754_69_90", "327777_76_194"]], "beside": [["327756_12_1", "327754_69_90"], ["327758_221_59", "327754_69_90"]], "tall": [["327756_12_1"]], "next to": [["327759_249_1", "327765_278_1"]], "holding": [["327776_403_215", "327773_385_168"]], "behind": [["327765_278_1", "327754_69_90"]]}, "elements": {"object": ["327777_76_194", "327758_221_59", "327787_150_200", "327780_157_266", "327783_226_71", "327766_284_0", "327784_4_340", "327771_334_23", "327755_142_89", "327768_224_68", "327759_249_1", "327773_385_168", "327756_12_1", "327769_2_204", "327781_152_253", "327767_280_102", "327754_69_90", "327763_80_206", "327770_1_208", "327765_278_1", "327761_1_318", "327762_4_319", "327776_403_215"], "label": ["tire", "hand", "doors", "colors", "street", "building", "sidewalk", "window", "street lamp", "windows", "bus", "balconies", "markings", "ipod", "sign", "an advertisement", "circle", "streetside", "pole"]}, "image": {"id": 2405947, "url": "https://cs.stanford.edu/people/rak248/VG_100K_2/2405947.jpg", "width": 500, "height": 375, "coco_id": 252970, "flickr_id": 8257598463}}