{"sorts": ["object", "label"], "predicates": {"says": ["object", "object"], "green": ["object"], "white": ["object"], "mounted": ["object"], "has_label": ["object", "label"], "reads": ["object", "object"], "are hanging on": ["object", "object"], "metal": ["object"], "hanging": ["object"], "suspended": ["object"], "adult size": ["object"], "has": ["object", "object"], "blue": ["object"], "are holding": ["object", "object"], "are attached to": ["object", "object"], "tall": ["object"], "steel": ["object"], "grey": ["object"], "silver": ["object"], "sturdy": ["object"], "attached to": ["object", "object"], "black": ["object"], "are hanging from": ["object", "object"], "behind": ["object", "object"], "are above": ["object", "object"], "are floating in": ["object", "object"], "under": ["object", "object"], "yellow": ["object"]}, "interpretation": {"says": [["570643_32_192", "570644_31_192"], ["570643_32_192", "570644_31_192"], ["570645_171_202", "570646_183_213"]], "green": [["570643_32_192"]], "white": [["570643_32_192"], ["570648_134_140"], ["570651_13_194"], ["570645_171_202"]], "mounted": [["570643_32_192"]], "has_label": [["570643_32_192", "sign"], ["570644_31_192", "manhattan av"], ["570646_183_213", "one way"], ["570648_134_140", "sneakers"], ["570649_143_62", "post"], ["570650_0_5", "sky"], ["570651_13_194", "clouds"], ["570653_279_288", "rivets"], ["570652_223_88", "post"], ["570645_171_202", "sign"], ["570654_217_324", "back of sign"], ["570647_71_421", "traffic signal"]], "reads": [["570643_32_192", "570646_183_213"]], "are hanging on": [["570648_134_140", "570649_143_62"]], "metal": [["570649_143_62"]], "hanging": [["570648_134_140"]], "suspended": [["570648_134_140"]], "adult size": [["570648_134_140"]], "has": [["570650_0_5", "570651_13_194"], ["570652_223_88", "570643_32_192"], ["570652_223_88", "570645_171_202"], ["570650_0_5", "570651_13_194"], ["570650_0_5", "570651_13_194"]], "blue": [["570650_0_5"]], "are holding": [["570653_279_288", "570643_32_192"]], "are attached to": [["570653_279_288", "570652_223_88"], ["570653_279_288", "570652_223_88"], ["570653_279_288", "570643_32_192"]], "tall": [["570652_223_88"]], "steel": [["570652_223_88"]], "grey": [["570652_223_88"]], "silver": [["570652_223_88"], ["570654_217_324"]], "sturdy": [["570652_223_88"]], "attached to": [["570643_32_192", "570652_223_88"], ["570645_171_202", "570652_223_88"], ["570654_217_324", "570652_223_88"], ["570649_143_62", "570652_223_88"]], "black": [["570645_171_202"]], "are hanging from": [["570648_134_140", "570649_143_62"], ["570648_134_140", "570649_143_62"]], "behind": [["570650_0_5", "570648_134_140"]], "are above": [["570648_134_140", "570645_171_202"], ["570648_134_140", "570643_32_192"], ["570648_134_140", "570643_32_192"]], "are floating in": [["570651_13_194", "570650_0_5"]], "under": [["570647_71_421", "570643_32_192"]], "yellow": [["570647_71_421"]]}, "elements": {"object": ["570647_71_421", "570652_223_88", "570654_217_324", "570644_31_192", "570643_32_192", "570649_143_62", "570650_0_5", "570645_171_202", "570648_134_140", "570646_183_213", "570651_13_194", "570653_279_288"], "label": ["one way", "sneakers", "back of sign", "sky", "traffic signal", "clouds", "rivets", "post", "manhattan av", "sign"]}, "image": {"id": 2376680, "url": "https://cs.stanford.edu/people/rak248/VG_100K/2376680.jpg", "width": 333, "height": 500, "coco_id": null, "flickr_id": 3083715866}}