{"sorts": ["object", "label"], "predicates": {"ON": ["object", "object"], "metal": ["object"], "white": ["object"], "rectangular": ["object"], "green": ["object"], "horizontal": ["object"], "vertical": ["object"], "has_label": ["object", "label"], "supports": ["object", "object"], "behind": ["object", "object"], "brown": ["object"], "says": ["object", "object"], "under": ["object", "object"], "unreadable": ["object"], "supporting": ["object", "object"], "over": ["object", "object"], "across": ["object", "object"], "beneath": ["object", "object"], "IN": ["object", "object"], "blurred": ["object"]}, "interpretation": {"ON": [["151097_99_197", "151086_173_339"], ["151088_97_189", "151086_173_339"], ["151087_107_201", "151097_99_197"], ["151097_99_197", "151097_99_197"], ["151087_107_201", "151097_99_197"]], "metal": [["151086_173_339"]], "white": [["151086_173_339"], ["151087_107_201"]], "rectangular": [["151097_99_197"], ["151088_97_189"]], "green": [["151097_99_197"], ["151088_97_189"], ["151091_189_258"], ["151095_7_7"]], "horizontal": [["151097_99_197"]], "vertical": [["151097_99_197"], ["151091_189_258"]], "has_label": [["151097_99_197", "sign"], ["151086_173_339", "pole"], ["151088_97_189", "signs"], ["151089_43_322", "tree"], ["151090_107_204", "lovers ln"], ["151091_189_258", "sign"], ["151095_7_7", "trees"], ["151087_107_201", "letters"], ["151096_343_211", "shadows"], ["151098_7_11", "sky"], ["151099_7_11", "distance"]], "supports": [["151086_173_339", "151088_97_189"], ["151086_173_339", "151088_97_189"], ["151086_173_339", "151088_97_189"], ["151086_173_339", "151088_97_189"]], "behind": [["151089_43_322", "151086_173_339"], ["151095_7_7", "151088_97_189"]], "brown": [["151089_43_322"]], "says": [["151097_99_197", "151090_107_204"]], "under": [["151091_189_258", "151097_99_197"]], "unreadable": [["151091_189_258"]], "supporting": [["151086_173_339", "151088_97_189"], ["151086_173_339", "151088_97_189"]], "over": [["151088_97_189", "151086_173_339"]], "across": [["151096_343_211", "151097_99_197"]], "beneath": [["151091_189_258", "151097_99_197"]], "IN": [["151098_7_11", "151099_7_11"]], "blurred": [["151098_7_11"]]}, "elements": {"object": ["151097_99_197", "151087_107_201", "151091_189_258", "151090_107_204", "151098_7_11", "151086_173_339", "151096_343_211", "151099_7_11", "151089_43_322", "151095_7_7", "151088_97_189"], "label": ["trees", "tree", "shadows", "sky", "signs", "distance", "pole", "lovers ln", "letters", "sign"]}, "image": {"id": 2414831, "url": "https://cs.stanford.edu/people/rak248/VG_100K_2/2414831.jpg", "width": 500, "height": 500, "coco_id": null, "flickr_id": 5055497675}}