{"sorts": ["object", "label"], "predicates": {"has_label": ["object", "label"], "clear": ["object"], "blue": ["object"], "small": ["object"], "glass": ["object"], "yellow": ["object"], "white": ["object"], "dark": ["object"], "chocolate": ["object"], "wood": ["object"], "stacked": ["object"], "round": ["object"], "red": ["object"], "light": ["object"], "large": ["object"], "square": ["object"], "in": ["object", "object"], "to_the_right_of": ["object", "object"], "sitting_on": ["object", "object"], "to_the_left_of": ["object", "object"], "on": ["object", "object"], "with": ["object", "object"]}, "elements": {"object": ["3790445", "1077622", "1077624", "1077626", "1077627", "1077620", "1077621", "1077617", "1077623", "1077618", "3790446", "3790450"], "label": ["strawberries", "flower", "cup", "chair", "cake", "bowl", "plates", "cake", "plate", "cake", "chocolate", "table"]}, "interpretation": {"has_label": [["3790445", "strawberries"], ["1077622", "flower"], ["1077624", "cup"], ["1077626", "chair"], ["1077627", "cake"], ["1077620", "bowl"], ["1077621", "plates"], ["1077617", "cake"], ["1077623", "plate"], ["1077618", "cake"], ["3790446", "chocolate"], ["3790450", "table"]], "clear": [["1077624"]], "blue": [["1077622"]], "small": [["1077620"]], "glass": [["1077623"]], "yellow": [["1077627"]], "white": [["1077621"], ["1077618"], ["3790450"]], "dark": [["1077617"]], "chocolate": [["1077617"]], "wood": [["1077626"]], "stacked": [["1077621"]], "round": [["1077617"]], "red": [["1077626"]], "light": [["1077618"]], "large": [["3790450"]], "square": [["3790450"]], "in": [["3790446", "1077620"]], "to_the_right_of": [["3790445", "1077620"], ["3790445", "1077618"], ["1077624", "1077627"], ["1077621", "1077627"], ["1077623", "3790446"], ["1077623", "1077620"]], "sitting_on": [["1077621", "3790450"], ["1077617", "3790450"]], "to_the_left_of": [["1077627", "1077624"], ["1077627", "1077621"], ["1077620", "1077623"], ["1077620", "3790445"], ["1077618", "3790445"], ["3790446", "1077623"]], "on": [["3790445", "1077617"]], "with": [["1077617", "3790445"]]}}