{"sorts": ["object", "label"], "predicates": {"has_label": ["object", "label"], "plastic": ["object"], "sliced": ["object"], "white": ["object"], "on": ["object", "object"], "to_the_right_of": ["object", "object"], "to_the_left_of": ["object", "object"]}, "elements": {"object": ["3120702", "2895202", "3406943", "3457508", "2929966", "3054802", "3684501", "3013007", "3684502", "3605498", "3516609", "3516610", "3684504", "2901133", "3219094"], "label": ["package", "forks", "cake", "frosting", "flowers", "hand", "napkins", "cake", "table", "leaves", "ground", "dirt", "plate", "person", "heart"]}, "interpretation": {"has_label": [["3120702", "package"], ["2895202", "forks"], ["3406943", "cake"], ["3457508", "frosting"], ["2929966", "flowers"], ["3054802", "hand"], ["3684501", "napkins"], ["3013007", "cake"], ["3684502", "table"], ["3605498", "leaves"], ["3516609", "ground"], ["3516610", "dirt"], ["3684504", "plate"], ["2901133", "person"], ["3219094", "heart"]], "plastic": [["3120702"], ["2895202"]], "sliced": [["3013007"]], "white": [["3457508"], ["2929966"], ["3684501"]], "on": [["2895202", "3684502"], ["3406943", "3684502"], ["3406943", "3684504"], ["2929966", "3406943"], ["3684501", "3684502"], ["3605498", "3516609"]], "to_the_right_of": [["3406943", "3054802"], ["3406943", "2895202"], ["3406943", "3684501"], ["2929966", "3457508"], ["3605498", "2901133"], ["3516610", "3684504"], ["3516610", "2901133"], ["3219094", "3054802"], ["3219094", "3684501"]], "to_the_left_of": [["2895202", "3406943"], ["3457508", "2929966"], ["3054802", "3219094"], ["3054802", "3406943"], ["3684501", "3219094"], ["3684501", "3406943"], ["3684504", "3516610"], ["2901133", "3605498"], ["2901133", "3516610"]]}}