{"sorts": ["object", "label"], "predicates": {"has_label": ["object", "label"], "elevated": ["object"], "blue": ["object"], "chocolate": ["object"], "white": ["object"], "on": ["object", "object"], "homemade": ["object"], "tiled": ["object"], "to_the_right_of": ["object", "object"], "to_the_left_of": ["object", "object"]}, "elements": {"object": ["798578", "798579", "798577", "798581", "798580"], "label": ["plate", "donut", "cake", "wall", "floor"]}, "interpretation": {"has_label": [["798578", "plate"], ["798579", "donut"], ["798577", "cake"], ["798581", "wall"], ["798580", "floor"]], "elevated": [["798577"]], "blue": [["798578"]], "chocolate": [["798579"], ["798577"]], "white": [["798581"]], "on": [["798578"], ["798577", "798578"]], "homemade": [["798577"]], "tiled": [["798580"]], "to_the_right_of": [["798579", "798581"], ["798580", "798581"], ["798580", "798579"]], "to_the_left_of": [["798579", "798580"], ["798581", "798580"], ["798581", "798579"]]}}