{"sorts": ["object", "label"], "predicates": {"has_label": ["object", "label"], "black": ["object"], "standing": ["object"], "to_the_right_of": ["object", "object"], "in": ["object", "object"], "to_the_left_of": ["object", "object"]}, "elements": {"object": ["959429", "959428", "959426", "959432", "959433", "959430", "959431", "959425", "959435"], "label": ["leg", "leg", "head", "ear", "mane", "nose", "eye", "zebra", "field"]}, "interpretation": {"has_label": [["959429", "leg"], ["959428", "leg"], ["959426", "head"], ["959432", "ear"], ["959433", "mane"], ["959430", "nose"], ["959431", "eye"], ["959425", "zebra"], ["959435", "field"]], "black": [["959425"]], "standing": [["959433"], ["959425"]], "to_the_right_of": [["959426", "959428"], ["959432", "959428"], ["959430", "959428"], ["959431", "959428"]], "in": [["959425", "959435"]], "to_the_left_of": [["959428", "959432"], ["959428", "959426"], ["959428", "959431"], ["959428", "959430"]]}}