{"sorts": ["object", "label"], "predicates": {"has_label": ["object", "label"], "young": ["object"], "gray": ["object"], "black": ["object"], "female": ["object"], "brown": ["object"], "mixed": ["object"], "short": ["object"], "striped": ["object"], "running": ["object"], "green": ["object"], "to_the_left_of": ["object", "object"], "to_the_right_of": ["object", "object"]}, "elements": {"object": ["731039", "731036", "731037", "731034", "731035", "731032", "731033", "731031", "731042"], "label": ["nose", "tail", "hair", "ear", "leg", "zebra", "grass", "lion", "tail"]}, "interpretation": {"has_label": [["731039", "nose"], ["731036", "tail"], ["731037", "hair"], ["731034", "ear"], ["731035", "leg"], ["731032", "zebra"], ["731033", "grass"], ["731031", "lion"], ["731042", "tail"]], "young": [["731031"]], "gray": [["731036"], ["731031"]], "black": [["731032"]], "female": [["731031"]], "brown": [["731039"]], "mixed": [["731031"]], "short": [["731033"]], "striped": [["731032"]], "running": [["731032"], ["731031"]], "green": [["731033"]], "to_the_left_of": [["731035", "731036"]], "to_the_right_of": [["731036", "731035"]]}}