{"sorts": ["object", "label"], "predicates": {"has_label": ["object", "label"], "braided": ["object"], "small": ["object"], "black": ["object"], "blue": ["object"], "yellow": ["object"], "dark": ["object"], "patterned": ["object"], "straw": ["object"], "to_the_right_of": ["object", "object"], "to_the_left_of": ["object", "object"], "wearing": ["object", "object"]}, "elements": {"object": ["390059", "390048", "390049", "390051", "390050", "390053", "390052", "390055", "390054", "390057", "390056", "390065", "390060", "390062"], "label": ["woman", "woman", "phone", "child", "hair", "hat", "hat", "hand", "hat", "baby", "nose", "sweater", "eye", "finger"]}, "interpretation": {"has_label": [["390059", "woman"], ["390048", "woman"], ["390049", "phone"], ["390051", "child"], ["390050", "hair"], ["390053", "hat"], ["390052", "hat"], ["390055", "hand"], ["390054", "hat"], ["390057", "baby"], ["390056", "nose"], ["390065", "sweater"], ["390060", "eye"], ["390062", "finger"]], "braided": [["390050"]], "small": [["390051"]], "black": [["390049"]], "blue": [["390052"], ["390065"]], "yellow": [["390054"]], "dark": [["390050"]], "patterned": [["390053"]], "straw": [["390053"]], "to_the_right_of": [["390049", "390062"], ["390051", "390059"], ["390051", "390055"], ["390051", "390049"], ["390051", "390060"], ["390051", "390056"], ["390050", "390049"], ["390050", "390053"], ["390050", "390055"], ["390050", "390062"], ["390050", "390059"], ["390052", "390059"], ["390054", "390051"], ["390054", "390048"], ["390054", "390050"], ["390057", "390065"], ["390057", "390050"], ["390057", "390048"], ["390056", "390062"], ["390056", "390049"], ["390060", "390055"], ["390060", "390056"]], "to_the_left_of": [["390059", "390050"], ["390059", "390051"], ["390059", "390052"], ["390048", "390057"], ["390048", "390054"], ["390049", "390056"], ["390049", "390050"], ["390049", "390051"], ["390051", "390054"], ["390050", "390057"], ["390050", "390054"], ["390053", "390050"], ["390055", "390051"], ["390055", "390050"], ["390055", "390060"], ["390056", "390060"], ["390056", "390051"], ["390065", "390057"], ["390060", "390051"], ["390062", "390050"], ["390062", "390049"], ["390062", "390056"]], "wearing": [["390059", "390053"], ["390048", "390057"]]}}