{"sorts": ["object", "label"], "predicates": {"has": ["object", "object"], "drawing": ["object"], "has_label": ["object", "label"], "OF": ["object", "object"], "through": ["object", "object"], "shining": ["object"], "shining ": ["object"], "taking": ["object", "object"], "sketching": ["object"], "sitting": ["object"], "in the picture": ["object"], "writing": ["object"], "IN": ["object", "object"], "WEARING": ["object", "object"], "on top of": ["object", "object"]}, "interpretation": {"has": [["3840587_317_64", "3840585_413_64"], ["3840587_317_64", "575631_443_113"]], "drawing": [["3840587_317_64"]], "has_label": [["3840587_317_64", "person"], ["3840585_413_64", "head"], ["3840583_224_80", "head"], ["575619_321_117", "arm"], ["575620_431_117", "nose"], ["3840588_12_13", "light"], ["575621_143_2", "window"], ["575622_166_85", "student"], ["3840589_4_193", "notes"], ["575625_171_119", "uniform"], ["575630_198_117", "vest"], ["575632_69_189", "banana"], ["3840590_2_191", "table"], ["575631_443_113", "eye"]], "OF": [["3840583_224_80", "3840587_317_64"], ["3840585_413_64", "3840587_317_64"], ["575619_321_117", "3840587_317_64"], ["575620_431_117", "3840587_317_64"]], "through": [["3840588_12_13", "575621_143_2"]], "shining": [["575621_143_2"]], "shining ": [["3840588_12_13"]], "taking": [["575622_166_85", "3840589_4_193"]], "sketching": [["575622_166_85"]], "sitting": [["575622_166_85"]], "in the picture": [["575622_166_85"]], "writing": [["575622_166_85"]], "IN": [["575622_166_85", "575625_171_119"]], "WEARING": [["575622_166_85", "575630_198_117"]], "on top of": [["575632_69_189", "3840590_2_191"]]}, "elements": {"object": ["575620_431_117", "3840587_317_64", "3840585_413_64", "575621_143_2", "3840590_2_191", "575625_171_119", "575622_166_85", "575619_321_117", "3840589_4_193", "575631_443_113", "3840583_224_80", "575632_69_189", "575630_198_117", "3840588_12_13"], "label": ["light", "uniform", "person", "window", "banana", "student", "eye", "vest", "notes", "arm", "table", "head", "nose"]}, "image": {"id": 2376164, "url": "https://cs.stanford.edu/people/rak248/VG_100K/2376164.jpg", "width": 500, "height": 333, "coco_id": 552852, "flickr_id": 4943862810}}