{"sorts": ["object", "label"], "predicates": {"has": ["object", "object"], "narrow": ["object"], "medieval": ["object"], "remake": ["object"], "has_label": ["object", "label"], "in side of": ["object", "object"], "on top of": ["object", "object"], "on side": ["object", "object"], "large": ["object"], "on side of": ["object", "object"], "outside of": ["object", "object"], "wooden": ["object"], "black": ["object"], "arched": ["object"], "rhombus": ["object"], "blue": ["object"], "diamond": ["object"], "WEARING": ["object", "object"], "brown": ["object"], "straw": ["object"], "near": ["object", "object"], "curved": ["object"]}, "interpretation": {"has": [["576488_19_3", "576489_290_61"], ["576494_230_381", "576495_252_464"], ["576488_19_3", "576504_125_377"], ["576501_221_389", "576502_230_391"], ["576488_19_3", "576504_125_377"]], "narrow": [["576489_290_61"]], "medieval": [["576488_19_3"]], "remake": [["576488_19_3"]], "has_label": [["576488_19_3", "building"], ["576489_290_61", "window"], ["576494_230_381", "man"], ["576495_252_464", "leg"], ["576498_208_227", "window"], ["576499_65_163", "window"], ["576490_37_410", "bench"], ["3840772_7_8", "building"], ["576504_125_377", "opening"], ["576493_118_113", "clock"], ["576501_221_389", "woman"], ["576502_230_391", "hat"], ["576503_285_390", "person"], ["576492_303_397", "hat"], ["576505_125_108", "window"], ["576500_228_390", "head"], ["576507_115_386", "sign"], ["576510_55_277", "window"]], "in side of": [["576489_290_61", "576488_19_3"]], "on top of": [["576489_290_61", "576488_19_3"], ["576489_290_61", "576488_19_3"], ["576489_290_61", "576488_19_3"], ["576498_208_227", "576488_19_3"], ["576499_65_163", "576488_19_3"], ["576493_118_113", "576488_19_3"], ["576493_118_113", "576505_125_108"], ["576502_230_391", "576500_228_390"], ["576510_55_277", "576488_19_3"]], "on side": [["576489_290_61", "576488_19_3"]], "large": [["576499_65_163"], ["576490_37_410"], ["576493_118_113"]], "on side of": [["576489_290_61", "576488_19_3"]], "outside of": [["576490_37_410", "3840772_7_8"]], "wooden": [["576490_37_410"]], "black": [["576490_37_410"], ["576507_115_386"]], "arched": [["576504_125_377"]], "rhombus": [["576493_118_113"]], "blue": [["576493_118_113"]], "diamond": [["576493_118_113"]], "WEARING": [["576503_285_390", "576492_303_397"]], "brown": [["576492_303_397"]], "straw": [["576492_303_397"]], "near": [["576507_115_386", "576504_125_377"]], "curved": [["576510_55_277"]]}, "elements": {"object": ["576489_290_61", "576510_55_277", "576503_285_390", "576502_230_391", "576498_208_227", "3840772_7_8", "576488_19_3", "576499_65_163", "576492_303_397", "576507_115_386", "576505_125_108", "576490_37_410", "576493_118_113", "576504_125_377", "576501_221_389", "576495_252_464", "576494_230_381", "576500_228_390"], "label": ["clock", "leg", "person", "window", "woman", "building", "man", "hat", "bench", "opening", "head", "sign"]}, "image": {"id": 2376085, "url": "https://cs.stanford.edu/people/rak248/VG_100K/2376085.jpg", "width": 375, "height": 500, "coco_id": null, "flickr_id": 9548272805}}