{"sorts": ["object", "label"], "predicates": {"has_label": ["object", "label"], "black": ["object"], "white": ["object"], "of": ["object", "object"], "to_the_left_of": ["object", "object"], "to_the_right_of": ["object", "object"]}, "elements": {"object": ["1741275", "1741274", "2083099", "1766178", "1950483", "2269882"], "label": ["phone", "screen", "camera", "letters", "screen", "table"]}, "interpretation": {"has_label": [["1741275", "phone"], ["1741274", "screen"], ["2083099", "camera"], ["1766178", "letters"], ["1950483", "screen"], ["2269882", "table"]], "black": [["1766178"]], "white": [["2269882"]], "of": [["1741274", "1741275"]], "to_the_left_of": [["2083099", "1741275"], ["2083099", "1741274"], ["1766178", "2083099"], ["1950483", "2083099"]], "to_the_right_of": [["1741275", "2083099"], ["1741274", "2083099"], ["2083099", "1766178"], ["2083099", "1950483"]]}}