{"sorts": ["object", "label"], "predicates": {"has_label": ["object", "label"], "white": ["object"], "to_the_right_of": ["object", "object"], "to_the_left_of": ["object", "object"]}, "elements": {"object": ["4321945", "4321950", "4321938", "4321940"], "label": ["plate", "table", "cake", "cake"]}, "interpretation": {"has_label": [["4321945", "plate"], ["4321950", "table"], ["4321938", "cake"], ["4321940", "cake"]], "white": [["4321945"], ["4321950"]], "to_the_right_of": [["4321940", "4321950"]], "to_the_left_of": [["4321950", "4321940"]]}}