{"sorts": ["object", "label"], "predicates": {"has_label": ["object", "label"], "juicy": ["object"], "small": ["object"], "brown": ["object"], "white": ["object"], "fried": ["object"], "green": ["object"]}, "elements": {"object": ["1171034", "1171035", "1171030", "1171033"], "label": ["broccoli", "food", "table", "beef"]}, "interpretation": {"has_label": [["1171034", "broccoli"], ["1171035", "food"], ["1171030", "table"], ["1171033", "beef"]], "juicy": [["1171033"]], "small": [["1171035"]], "brown": [["1171033"]], "white": [["1171030"]], "fried": [["1171033"]], "green": [["1171034"]]}}