{"sorts": ["object", "label"], "predicates": {"has_label": ["object", "label"], "computer": ["object"], "black": ["object"], "white": ["object"], "silver": ["object"], "on": ["object", "object"], "old": ["object"], "christmas": ["object"], "red": ["object"], "off": ["object"], "of": ["object", "object"], "to_the_left_of": ["object", "object"], "to_the_right_of": ["object", "object"]}, "elements": {"object": ["3815323", "346738", "346733", "346737", "346736", "346735", "346734", "346740", "346748", "346746", "346747", "346751", "346753"], "label": ["screen", "book", "laptop", "monitor", "computer_mouse", "touchpad", "keyboard", "monitor", "card", "table", "cable", "label", "wall"]}, "interpretation": {"has_label": [["3815323", "screen"], ["346738", "book"], ["346733", "laptop"], ["346737", "monitor"], ["346736", "computer_mouse"], ["346735", "touchpad"], ["346734", "keyboard"], ["346740", "monitor"], ["346748", "card"], ["346746", "table"], ["346747", "cable"], ["346751", "label"], ["346753", "wall"]], "computer": [["346733"]], "black": [["346734"]], "white": [["346746"], ["346753"]], "silver": [["346736"]], "on": [["346738", "346746"], ["346733"], ["346733", "346746"], ["346737"], ["346748", "346746"]], "old": [["346740"]], "christmas": [["346748"]], "red": [["346751"]], "off": [["346740"]], "of": [["346737", "346733"], ["346735", "346733"]], "to_the_left_of": [["346738", "346740"], ["346733", "346736"], ["346737", "346738"], ["346737", "346736"], ["346734", "346736"], ["346748", "346738"], ["346747", "346733"], ["346751", "346733"], ["346751", "3815323"], ["346751", "346737"], ["346753", "346733"], ["346753", "346737"], ["346753", "3815323"]], "to_the_right_of": [["3815323", "346751"], ["3815323", "346753"], ["346738", "346737"], ["346738", "346748"], ["346733", "346753"], ["346733", "346751"], ["346733", "346747"], ["346737", "346753"], ["346737", "346751"], ["346736", "346733"], ["346736", "346737"], ["346736", "346734"], ["346740", "346738"]]}}