{"sorts": ["object", "label"], "predicates": {"by": ["object", "object"], "flying": ["object"], "tilted": ["object"], "has_label": ["object", "label"], "with": ["object", "object"], "purple": ["object"], "pink": ["object"], "IN": ["object", "object"], "cloudy": ["object"], "clear": ["object"], "blue": ["object"], "blur": ["object"], "ON": ["object", "object"], "elevating": ["object"], "behind": ["object", "object"], "colored": ["object"], "white": ["object"], "bleu": ["object"], "red": ["object"]}, "interpretation": {"by": [["738446_218_65", "738447_214_94"], ["738446_218_65", "738447_214_94"], ["738446_218_65", "738447_214_94"], ["738452_233_91", "738446_218_65"], ["738452_233_91", "738446_218_65"], ["738452_233_91", "738446_218_65"]], "flying": [["738447_214_94"], ["738446_218_65"]], "tilted": [["738446_218_65"]], "has_label": [["738446_218_65", "plane"], ["738447_214_94", "airplane"], ["738448_219_113", "stream"], ["738445_5_5", "sky"], ["738451_219_68", "wing"], ["738452_233_91", "jet"], ["738449_223_79", "smoke"]], "with": [["738446_218_65", "738448_219_113"], ["738446_218_65", "738452_233_91"], ["738447_214_94", "738452_233_91"]], "purple": [["738448_219_113"]], "pink": [["738448_219_113"]], "IN": [["738446_218_65", "738445_5_5"]], "cloudy": [["738445_5_5"]], "clear": [["738445_5_5"]], "blue": [["738445_5_5"], ["738449_223_79"]], "blur": [["738445_5_5"]], "ON": [["738451_219_68", "738446_218_65"], ["738451_219_68", "738446_218_65"]], "elevating": [["738452_233_91"]], "behind": [["738449_223_79", "738446_218_65"]], "colored": [["738449_223_79"]], "white": [["738449_223_79"]], "bleu": [["738449_223_79"]], "red": [["738449_223_79"]]}, "elements": {"object": ["738449_223_79", "738447_214_94", "738451_219_68", "738446_218_65", "738448_219_113", "738452_233_91", "738445_5_5"], "label": ["jet", "sky", "smoke", "stream", "airplane", "wing", "plane"]}, "image": {"id": 2371789, "url": "https://cs.stanford.edu/people/rak248/VG_100K/2371789.jpg", "width": 500, "height": 286, "coco_id": null, "flickr_id": 10055743375}}