{"sorts": ["object", "label"], "predicates": {"ON": ["object", "object"], "white": ["object"], "has_label": ["object", "label"], "black": ["object"], "playing": ["object"], "by": ["object", "object"], "wood": ["object"], "OF": ["object", "object"], "Red ": ["object"], "with": ["object", "object"], "white ": ["object"]}, "interpretation": {"ON": [["1831373_372_79", "1831374_366_48"], ["2138905_325_40", "2619747_78_42"], ["2318609_178_17", "2318610_146_2"], ["2534606_173_5", "2534607_147_3"]], "white": [["1831373_372_79"], ["2619747_78_42"]], "has_label": [["1831373_372_79", "tablecloth"], ["1831374_366_48", "table"], ["2138905_325_40", "tail"], ["2619747_78_42", "dog"], ["2066848_2_112", "floor"], ["2318609_178_17", "man"], ["2318610_146_2", "television"], ["2619746_117_177", "collar"], ["2534606_173_5", "man"], ["2534607_147_3", "television"], ["2293973_426_90", "table"], ["2293974_403_134", "tablecloth"]], "black": [["2619747_78_42"]], "playing": [["2619747_78_42"]], "by": [["2066848_2_112", "2619747_78_42"]], "wood": [["2066848_2_112"]], "OF": [["2619746_117_177", "2619747_78_42"]], "Red ": [["2619746_117_177"]], "with": [["2293973_426_90", "2293974_403_134"]], "white ": [["2293974_403_134"]]}, "elements": {"object": ["2619746_117_177", "2318610_146_2", "2293973_426_90", "1831374_366_48", "2066848_2_112", "2534607_147_3", "2138905_325_40", "2534606_173_5", "2619747_78_42", "2318609_178_17", "2293974_403_134", "1831373_372_79"], "label": ["tail", "dog", "collar", "floor", "table", "man", "television", "tablecloth"]}, "image": {"id": 2361674, "url": "https://cs.stanford.edu/people/rak248/VG_100K/2361674.jpg", "width": 500, "height": 324, "coco_id": 380893, "flickr_id": 2479349063}}