{"sorts": ["object", "label"], "predicates": {"has_label": ["object", "label"], "gray": ["object"], "black": ["object"], "rubber": ["object"], "chrome": ["object"], "sitting": ["object"], "on_the_front_of": ["object", "object"], "to_the_right_of": ["object", "object"], "sitting_on": ["object", "object"], "on_top_of": ["object", "object"], "to_the_left_of": ["object", "object"], "on": ["object", "object"], "wearing": ["object", "object"]}, "elements": {"object": ["844143", "844142", "844141", "844140", "844144", "844112", "844123", "844105", "844101", "844099", "844098", "844095", "844094", "844097", "844093", "844136", "844137", "844134", "844115", "844116", "844117", "844118", "844119", "844139"], "label": ["tree", "tree", "tree", "tree", "tree", "jacket", "windshield", "telephone_pole", "helmet", "leg", "wheel", "boot", "motorcycle", "wheel", "woman", "power_line", "power_line", "power_line", "glove", "glove", "hand", "hand", "bike", "arrow"]}, "interpretation": {"has_label": [["844143", "tree"], ["844142", "tree"], ["844141", "tree"], ["844140", "tree"], ["844144", "tree"], ["844112", "jacket"], ["844123", "windshield"], ["844105", "telephone_pole"], ["844101", "helmet"], ["844099", "leg"], ["844098", "wheel"], ["844095", "boot"], ["844094", "motorcycle"], ["844097", "wheel"], ["844093", "woman"], ["844136", "power_line"], ["844137", "power_line"], ["844134", "power_line"], ["844115", "glove"], ["844116", "glove"], ["844117", "hand"], ["844118", "hand"], ["844119", "bike"], ["844139", "arrow"]], "gray": [["844112"], ["844101"]], "black": [["844095"], ["844094"], ["844097"], ["844115"], ["844116"], ["844119"]], "rubber": [["844095"]], "chrome": [["844098"], ["844097"]], "sitting": [["844093"]], "on_the_front_of": [["844123", "844094"]], "to_the_right_of": [["844143", "844142"], ["844141", "844142"], ["844141", "844143"], ["844140", "844141"], ["844140", "844139"], ["844140", "844093"], ["844140", "844101"], ["844140", "844105"], ["844144", "844093"], ["844112", "844123"], ["844112", "844116"], ["844112", "844118"], ["844105", "844139"], ["844105", "844141"], ["844101", "844139"], ["844101", "844141"], ["844098", "844099"], ["844093", "844123"], ["844093", "844141"], ["844093", "844097"], ["844093", "844143"], ["844136", "844142"], ["844137", "844142"], ["844115", "844123"], ["844117", "844123"], ["844119", "844097"], ["844139", "844143"], ["844139", "844141"]], "sitting_on": [["844093", "844094"]], "on_top_of": [["844093", "844094"]], "to_the_left_of": [["844143", "844141"], ["844143", "844139"], ["844143", "844093"], ["844142", "844136"], ["844142", "844143"], ["844142", "844137"], ["844142", "844141"], ["844141", "844093"], ["844141", "844140"], ["844141", "844139"], ["844141", "844105"], ["844141", "844101"], ["844123", "844117"], ["844123", "844115"], ["844123", "844112"], ["844123", "844093"], ["844105", "844140"], ["844101", "844140"], ["844099", "844098"], ["844097", "844119"], ["844097", "844093"], ["844093", "844140"], ["844093", "844144"], ["844116", "844112"], ["844118", "844112"], ["844139", "844105"], ["844139", "844101"], ["844139", "844140"]], "on": [["844115", "844117"], ["844116", "844118"]], "wearing": [["844093", "844095"], ["844093", "844115"], ["844093", "844101"], ["844093", "844112"]]}}