{"sorts": ["object", "label"], "predicates": {"has_label": ["object", "label"], "skiing": ["object"], "gray": ["object"], "colorful": ["object"], "protective": ["object"], "professional": ["object"], "white": ["object"], "purple": ["object"], "green": ["object"], "covered_in": ["object", "object"], "to_the_right_of": ["object", "object"], "covered_by": ["object", "object"], "to_the_left_of": ["object", "object"], "on": ["object", "object"], "covering": ["object", "object"], "wearing": ["object", "object"]}, "elements": {"object": ["562005", "562004", "562014", "562006", "562010", "562011", "562023", "562007", "562021", "562022", "562016"], "label": ["person", "helmet", "ski", "snow", "gloves", "branches", "hands", "tree", "skis", "outfit", "snow"]}, "interpretation": {"has_label": [["562005", "person"], ["562004", "helmet"], ["562014", "ski"], ["562006", "snow"], ["562010", "gloves"], ["562011", "branches"], ["562023", "hands"], ["562007", "tree"], ["562021", "skis"], ["562022", "outfit"], ["562016", "snow"]], "skiing": [["562005"]], "gray": [["562004"]], "colorful": [["562022"]], "protective": [["562004"]], "professional": [["562021"]], "white": [["562006"]], "purple": [["562010"]], "green": [["562014"]], "covered_in": [["562007", "562006"]], "to_the_right_of": [["562005", "562006"], ["562005", "562011"], ["562005", "562016"], ["562005", "562007"], ["562014", "562006"], ["562010", "562007"], ["562023", "562007"], ["562021", "562006"], ["562022", "562007"], ["562022", "562016"], ["562022", "562011"], ["562022", "562006"]], "covered_by": [["562007", "562006"]], "to_the_left_of": [["562006", "562005"], ["562006", "562022"], ["562006", "562021"], ["562006", "562014"], ["562011", "562005"], ["562011", "562022"], ["562007", "562023"], ["562007", "562005"], ["562007", "562010"], ["562007", "562022"], ["562016", "562022"], ["562016", "562005"]], "on": [["562006", "562007"]], "covering": [["562006", "562007"]], "wearing": [["562005", "562022"], ["562005", "562010"]]}}