{"sorts": ["object", "label"], "predicates": {"has_label": ["object", "label"], "young": ["object"], "gray": ["object"], "khaki": ["object"], "smiling": ["object"], "blue": ["object"], "black": ["object"], "standing": ["object"], "white": ["object"], "walking": ["object"], "laughing": ["object"], "happy": ["object"], "long": ["object"], "large": ["object"], "green": ["object"], "to_the_right_of": ["object", "object"], "holding": ["object", "object"], "to_the_left_of": ["object", "object"]}, "elements": {"object": ["428262", "428273", "428271", "428255", "428253", "428269", "428259", "428258", "428254", "428260", "428261", "428257", "428263", "428264", "428265", "428266"], "label": ["wheel", "trees", "pants", "helmet", "man", "cap", "shoe", "guy", "skateboard", "bag", "hair", "camera", "skateboarder", "foot", "foot", "dome"]}, "interpretation": {"has_label": [["428262", "wheel"], ["428273", "trees"], ["428271", "pants"], ["428255", "helmet"], ["428253", "man"], ["428269", "cap"], ["428259", "shoe"], ["428258", "guy"], ["428254", "skateboard"], ["428260", "bag"], ["428261", "hair"], ["428257", "camera"], ["428263", "skateboarder"], ["428264", "foot"], ["428265", "foot"], ["428266", "dome"]], "young": [["428258"]], "gray": [["428255"]], "khaki": [["428271"]], "smiling": [["428253"]], "blue": [["428259"]], "black": [["428260"], ["428257"]], "standing": [["428263"]], "white": [["428262"]], "walking": [["428253"]], "laughing": [["428263"]], "happy": [["428253"]], "long": [["428261"]], "large": [["428266"]], "green": [["428273"]], "to_the_right_of": [["428271", "428253"], ["428271", "428254"], ["428271", "428264"], ["428271", "428265"], ["428271", "428262"], ["428253", "428273"], ["428258", "428262"], ["428258", "428265"], ["428258", "428255"], ["428258", "428253"], ["428258", "428254"], ["428258", "428264"], ["428260", "428271"], ["428260", "428258"], ["428261", "428253"], ["428261", "428255"], ["428257", "428253"], ["428263", "428255"], ["428263", "428269"], ["428263", "428253"], ["428263", "428257"], ["428263", "428265"], ["428263", "428264"], ["428263", "428271"], ["428263", "428261"], ["428263", "428258"], ["428264", "428254"], ["428265", "428264"]], "holding": [["428253", "428254"]], "to_the_left_of": [["428262", "428258"], ["428262", "428271"], ["428273", "428253"], ["428271", "428260"], ["428271", "428263"], ["428255", "428258"], ["428255", "428261"], ["428255", "428263"], ["428253", "428271"], ["428253", "428263"], ["428253", "428257"], ["428253", "428261"], ["428253", "428258"], ["428269", "428263"], ["428258", "428263"], ["428258", "428260"], ["428254", "428258"], ["428254", "428271"], ["428254", "428264"], ["428261", "428263"], ["428257", "428263"], ["428264", "428265"], ["428264", "428258"], ["428264", "428271"], ["428264", "428263"], ["428265", "428263"], ["428265", "428271"], ["428265", "428258"]]}}