{"sorts": ["object", "label"], "predicates": {"IN": ["object", "object"], "brown": ["object"], "sqatting": ["object"], "judging": ["object"], "watching": ["object"], "looking": ["object"], "has_label": ["object", "label"], "WEARING": ["object", "object"], "blue": ["object"], "running": ["object"], "playing": ["object"]}, "interpretation": {"IN": [["736906_327_97", "736907_391_197"], ["736909_265_14", "736910_367_86"], ["736909_265_14", "736910_367_86"], ["736909_265_14", "736910_367_86"], ["736909_265_14", "736910_367_86"], ["736909_265_14", "736910_367_86"]], "brown": [["736907_391_197"]], "sqatting": [["736906_327_97"]], "judging": [["736906_327_97"]], "watching": [["736906_327_97"], ["736909_265_14"]], "looking": [["736906_327_97"]], "has_label": [["736906_327_97", "umpire"], ["736907_391_197", "dirt"], ["736909_265_14", "fans"], ["736910_367_86", "stands"], ["736908_134_90", "man"], ["736911_153_82", "hat"]], "WEARING": [["736908_134_90", "736911_153_82"]], "blue": [["736911_153_82"]], "running": [["736908_134_90"]], "playing": [["736908_134_90"]]}, "elements": {"object": ["736911_153_82", "736908_134_90", "736906_327_97", "736909_265_14", "736907_391_197", "736910_367_86"], "label": ["man", "umpire", "hat", "stands", "dirt", "fans"]}, "image": {"id": 2372305, "url": "https://cs.stanford.edu/people/rak248/VG_100K/2372305.jpg", "width": 500, "height": 333, "coco_id": null, "flickr_id": 2726741035}}