{"sorts": ["object", "label"], "predicates": {"standing in": ["object", "object"], "standing": ["object"], "has_label": ["object", "label"], "held over": ["object", "object"], "has": ["object", "object"], "in uniform": ["object"], "crouched": ["object"], "behind": ["object", "object"], "pitching": ["object"], "tall": ["object"], "holding": ["object", "object"], "at bat": ["object"], "playing": ["object"], "waiting": ["object"], "holds": ["object", "object"], "WEARING": ["object", "object"], "white": ["object"], "black": ["object"], "dark": ["object"], "vintage": ["object"]}, "interpretation": {"standing in": [["710713_11_252", "710714_3_272"], ["710713_11_252", "710714_3_272"], ["710713_11_252", "710714_3_272"], ["710713_11_252", "710714_3_272"], ["710713_11_252", "710714_3_272"], ["710713_11_252", "710714_3_272"]], "standing": [["710713_11_252"]], "has_label": [["710713_11_252", "man"], ["710714_3_272", "outfield"], ["710717_149_226", "bat"], ["710718_173_261", "shoulder"], ["710720_324_289", "man"], ["710721_376_338", "waist"], ["710724_61_251", "pitcher"], ["710727_171_94", "tree"], ["710728_188_105", "leaves"], ["710723_150_245", "player"], ["710716_366_287", "cap"], ["710729_342_399", "stocking"], ["710722_150_259", "clothing"], ["710733_376_336", "belt"]], "held over": [["710717_149_226", "710718_173_261"]], "has": [["710720_324_289", "710721_376_338"], ["710727_171_94", "710728_188_105"]], "in uniform": [["710720_324_289"]], "crouched": [["710720_324_289"]], "behind": [["710713_11_252", "710724_61_251"]], "pitching": [["710724_61_251"]], "tall": [["710727_171_94"]], "holding": [["710723_150_245", "710717_149_226"], ["710723_150_245", "710717_149_226"]], "at bat": [["710723_150_245"]], "playing": [["710723_150_245"]], "waiting": [["710723_150_245"]], "holds": [["710723_150_245", "710717_149_226"]], "WEARING": [["710720_324_289", "710716_366_287"], ["710720_324_289", "710729_342_399"], ["710723_150_245", "710722_150_259"], ["710720_324_289", "710716_366_287"], ["710720_324_289", "710733_376_336"]], "white": [["710716_366_287"]], "black": [["710729_342_399"]], "dark": [["710729_342_399"]], "vintage": [["710722_150_259"]]}, "elements": {"object": ["710720_324_289", "710722_150_259", "710729_342_399", "710717_149_226", "710721_376_338", "710716_366_287", "710713_11_252", "710733_376_336", "710728_188_105", "710727_171_94", "710718_173_261", "710723_150_245", "710724_61_251", "710714_3_272"], "label": ["belt", "tree", "shoulder", "player", "cap", "man", "leaves", "stocking", "waist", "outfield", "pitcher", "bat", "clothing"]}, "image": {"id": 2380422, "url": "https://cs.stanford.edu/people/rak248/VG_100K_2/2380422.jpg", "width": 500, "height": 500, "coco_id": 383084, "flickr_id": 8012755087}}