{"sorts": ["object", "label"], "predicates": {"has_label": ["object", "label"], "clear": ["object"], "blue": ["object"], "black": ["object"], "brown": ["object"], "yellow": ["object"], "white": ["object"], "flat": ["object"], "tall": ["object"], "open": ["object"], "long": ["object"], "large": ["object"], "closed": ["object"], "to_the_right_of": ["object", "object"], "of": ["object", "object"], "in": ["object", "object"], "to_the_left_of": ["object", "object"]}, "elements": {"object": ["4357749", "4357748", "4357740", "4357737", "4357744", "4357731", "4357732", "4357733", "4357727", "4357735", "4357750", "4357751", "4357738", "4357739", "4357734"], "label": ["airplane", "door", "shopping_cart", "sky", "post", "wheels", "grass", "field", "truck", "car", "building", "fence", "door", "wheel", "trunk"]}, "interpretation": {"has_label": [["4357749", "airplane"], ["4357748", "door"], ["4357740", "shopping_cart"], ["4357737", "sky"], ["4357744", "post"], ["4357731", "wheels"], ["4357732", "grass"], ["4357733", "field"], ["4357727", "truck"], ["4357735", "car"], ["4357750", "building"], ["4357751", "fence"], ["4357738", "door"], ["4357739", "wheel"], ["4357734", "trunk"]], "clear": [["4357751"]], "blue": [["4357737"]], "black": [["4357739"]], "brown": [["4357732"]], "yellow": [["4357744"], ["4357727"]], "white": [["4357731"], ["4357750"]], "flat": [["4357750"]], "tall": [["4357732"]], "open": [["4357748"], ["4357734"]], "long": [["4357750"], ["4357751"]], "large": [["4357749"], ["4357744"]], "closed": [["4357738"]], "to_the_right_of": [["4357749", "4357744"], ["4357748", "4357738"], ["4357748", "4357733"], ["4357731", "4357735"], ["4357731", "4357748"], ["4357731", "4357751"], ["4357731", "4357734"], ["4357727", "4357748"], ["4357727", "4357732"], ["4357727", "4357734"], ["4357727", "4357751"], ["4357727", "4357749"], ["4357735", "4357744"], ["4357735", "4357733"], ["4357750", "4357744"], ["4357738", "4357744"], ["4357738", "4357733"], ["4357734", "4357738"], ["4357734", "4357733"]], "of": [["4357739", "4357740"]], "in": [["4357732", "4357733"]], "to_the_left_of": [["4357749", "4357727"], ["4357748", "4357727"], ["4357748", "4357731"], ["4357744", "4357749"], ["4357744", "4357735"], ["4357744", "4357738"], ["4357744", "4357750"], ["4357732", "4357727"], ["4357733", "4357748"], ["4357733", "4357735"], ["4357733", "4357738"], ["4357733", "4357734"], ["4357735", "4357731"], ["4357751", "4357727"], ["4357751", "4357731"], ["4357738", "4357734"], ["4357738", "4357748"], ["4357734", "4357727"], ["4357734", "4357731"]]}}