{"sorts": ["object", "label"], "predicates": {"has_label": ["object", "label"], "open": ["object"], "black": ["object"], "brown": ["object"], "dark": ["object"], "bushy": ["object"], "ornate": ["object"], "red": ["object"], "metal": ["object"], "large": ["object"], "green": ["object"], "to_the_left_of": ["object", "object"], "in": ["object", "object"], "to_the_right_of": ["object", "object"]}, "elements": {"object": ["993019", "993036", "993030", "993031", "993029", "993028", "993038", "993039", "993023", "993021", "993020", "993027", "993026", "993025", "993024"], "label": ["coat", "boats", "wall", "shoe", "bush", "pants", "building", "window", "fence", "umbrella", "handbag", "person", "tree", "boat", "water"]}, "interpretation": {"has_label": [["993019", "coat"], ["993036", "boats"], ["993030", "wall"], ["993031", "shoe"], ["993029", "bush"], ["993028", "pants"], ["993038", "building"], ["993039", "window"], ["993023", "fence"], ["993021", "umbrella"], ["993020", "handbag"], ["993027", "person"], ["993026", "tree"], ["993025", "boat"], ["993024", "water"]], "open": [["993021"]], "black": [["993019"]], "brown": [["993025"]], "dark": [["993028"]], "bushy": [["993026"]], "ornate": [["993023"]], "red": [["993031"], ["993021"]], "metal": [["993023"]], "large": [["993026"]], "green": [["993023"], ["993020"]], "to_the_left_of": [["993019", "993031"], ["993036", "993025"], ["993036", "993019"], ["993036", "993020"], ["993036", "993027"], ["993030", "993027"], ["993030", "993019"], ["993029", "993026"], ["993029", "993021"], ["993039", "993027"], ["993039", "993021"], ["993039", "993019"], ["993039", "993020"], ["993023", "993020"], ["993023", "993028"], ["993023", "993019"], ["993023", "993027"], ["993027", "993031"], ["993026", "993021"], ["993026", "993038"], ["993025", "993027"], ["993025", "993020"], ["993025", "993019"], ["993024", "993027"], ["993024", "993030"], ["993024", "993025"]], "in": [["993036", "993024"]], "to_the_right_of": [["993019", "993023"], ["993019", "993030"], ["993019", "993036"], ["993019", "993039"], ["993019", "993025"], ["993030", "993024"], ["993031", "993027"], ["993031", "993019"], ["993028", "993023"], ["993038", "993026"], ["993021", "993026"], ["993021", "993029"], ["993021", "993039"], ["993020", "993036"], ["993020", "993023"], ["993020", "993039"], ["993020", "993025"], ["993027", "993030"], ["993027", "993023"], ["993027", "993025"], ["993027", "993024"], ["993027", "993039"], ["993027", "993036"], ["993026", "993029"], ["993025", "993036"], ["993025", "993024"]]}}