{"sorts": ["object", "label"], "predicates": {"has_label": ["object", "label"], "black": ["object"], "skateboarding": ["object"], "concrete": ["object"], "above": ["object", "object"], "to_the_right_of": ["object", "object"], "in": ["object", "object"], "to_the_left_of": ["object", "object"]}, "elements": {"object": ["1040888", "1040896", "1040887", "1040910", "1040911", "1040897", "1040900", "1040907", "1040906", "1040905", "1040892", "1040903", "1040893", "1040902", "1040904"], "label": ["person", "skateboard", "person", "fence", "ground", "arms", "building", "wall", "power_line", "hands", "sneakers", "foot", "sneakers", "steps", "air"]}, "interpretation": {"has_label": [["1040888", "person"], ["1040896", "skateboard"], ["1040887", "person"], ["1040910", "fence"], ["1040911", "ground"], ["1040897", "arms"], ["1040900", "building"], ["1040907", "wall"], ["1040906", "power_line"], ["1040905", "hands"], ["1040892", "sneakers"], ["1040903", "foot"], ["1040893", "sneakers"], ["1040902", "steps"], ["1040904", "air"]], "black": [["1040896"]], "skateboarding": [["1040888"], ["1040887"]], "concrete": [["1040911"]], "above": [["1040887", "1040896"]], "to_the_right_of": [["1040888", "1040900"], ["1040888", "1040910"], ["1040897", "1040905"], ["1040907", "1040888"], ["1040907", "1040910"], ["1040906", "1040887"], ["1040903", "1040892"], ["1040902", "1040892"], ["1040902", "1040896"]], "in": [["1040896", "1040904"]], "to_the_left_of": [["1040888", "1040907"], ["1040896", "1040902"], ["1040887", "1040906"], ["1040910", "1040907"], ["1040910", "1040888"], ["1040900", "1040888"], ["1040905", "1040897"], ["1040892", "1040902"], ["1040892", "1040903"]]}}