{"sorts": ["object", "label"], "predicates": {"has_label": ["object", "label"], "brown": ["object"], "red": ["object"], "open": ["object"], "long": ["object"], "green": ["object"], "in": ["object", "object"], "to_the_right_of": ["object", "object"], "hanging_from": ["object", "object"], "to_the_left_of": ["object", "object"], "on": ["object", "object"], "holding": ["object", "object"], "next_to": ["object", "object"], "near": ["object", "object"], "wearing": ["object", "object"]}, "elements": {"object": ["1571603", "1571601", "1571607", "1571596", "1571605", "1571604", "1571625", "1571636", "1571620", "1571635", "1571612"], "label": ["bush", "people", "person", "fence", "boat", "lake", "coat", "arm", "building", "bag", "umbrella"]}, "interpretation": {"has_label": [["1571603", "bush"], ["1571601", "people"], ["1571607", "person"], ["1571596", "fence"], ["1571605", "boat"], ["1571604", "lake"], ["1571625", "coat"], ["1571636", "arm"], ["1571620", "building"], ["1571635", "bag"], ["1571612", "umbrella"]], "brown": [["1571625"]], "red": [["1571612"]], "open": [["1571612"]], "long": [["1571625"]], "green": [["1571635"]], "in": [["1571605", "1571604"]], "to_the_right_of": [["1571601", "1571596"], ["1571601", "1571604"], ["1571601", "1571605"], ["1571607", "1571604"], ["1571607", "1571596"], ["1571607", "1571636"], ["1571607", "1571625"], ["1571607", "1571635"], ["1571625", "1571596"], ["1571625", "1571605"], ["1571625", "1571604"], ["1571620", "1571603"], ["1571635", "1571605"], ["1571612", "1571603"]], "hanging_from": [["1571635", "1571636"]], "to_the_left_of": [["1571603", "1571620"], ["1571603", "1571612"], ["1571596", "1571625"], ["1571596", "1571607"], ["1571596", "1571601"], ["1571605", "1571635"], ["1571605", "1571625"], ["1571605", "1571601"], ["1571604", "1571601"], ["1571604", "1571607"], ["1571604", "1571625"], ["1571625", "1571607"], ["1571636", "1571607"], ["1571635", "1571607"]], "on": [["1571605", "1571604"]], "holding": [["1571601", "1571612"]], "next_to": [["1571603", "1571604"]], "near": [["1571603", "1571604"], ["1571604", "1571603"]], "wearing": [["1571601", "1571625"]]}}