{"sorts": ["object", "label"], "predicates": {"OF": ["object", "object"], "has_label": ["object", "label"], "of an": ["object", "object"], "with": ["object", "object"], "belonging to": ["object", "object"], "light gray": ["object"], "appearing on": ["object", "object"], "lighter": ["object"], "biting into other": ["object", "object"], "twisted up behind other": ["object", "object"], "gray cloudless": ["object", "object"], "gray": ["object"], "ON": ["object", "object"], "brown": ["object"], "right": ["object", "object"], "left": ["object", "object"], "skinny": ["object", "object"], "male elephants facing": ["object", "object"], "elephants playing with each": ["object", "object"], "tan": ["object", "object"], "small and tan": ["object"], "small and brown": ["object"], "elephants standing on": ["object", "object"], "elephant trunks tangled": ["object", "object"], "dusty": ["object", "object"], "dusty ": ["object"], "facing to": ["object", "object"], "pair of": ["object", "object"], "flat plain of": ["object", "object"], "puddle in": ["object", "object"], "few small": ["object", "object"], "small": ["object"], "few plants in": ["object", "object"], "animals showing": ["object", "object"], "dusty grey": ["object", "object"], " dusty and grey": ["object"], "few pale": ["object", "object"]}, "interpretation": {"OF": [["4337712_190_90", "4337713_29_111"]], "has_label": [["4337712_190_90", "trunks"], ["4337713_29_111", "two elephants"], ["4337714_379_232", "penis"], ["4337715_240_99", "elephant"], ["4337716_267_141", "left ear"], ["4337717_249_92", "elephant"], ["4337718_30_170", "tail"], ["4337723_22_101", "elephant"], ["4337720_149_142", "right ear"], ["4337721_31_82", "elephant"], ["4337722_113_201", "front legs"], ["4337724_366_193", "back legs"], ["4337725_399_150", "elephant"], ["4337726_48_106", "male elephants"], ["4337727_197_100", "trunks intertwined"], ["4337728_61_51", "grey elephant"], ["4337729_129_216", "bent knee"], ["4470859_245_124", "head"], ["4470858_212_128", "elephant"], ["4470860_334_144", "rump"], ["4470861_271_129", "spot"], ["4470862_414_165", "spot"], ["4337732_26_99", "elephant"], ["4337733_207_98", "other' strunk"], ["4337734_210_115", "dark trunk"], ["4337735_221_103", "elephant"], ["4337736_179_245", "shallow pools"], ["4337737_332_257", "water"], ["4337738_9_58", "dreary"], ["4337739_60_105", "sky"], ["4337740_15_159", "brown elephant"], ["4337741_6_105", "left"], ["4337742_232_110", "gray elephant"], ["4337743_443_131", "right"], ["4337744_39_146", "brown elephant's"], ["4337745_163_155", "ear"], ["4337747_232_122", "gray elephant's"], ["4337746_269_153", "ear"], ["4337748_9_93", "brown elephant's"], ["4337749_26_213", "tail"], ["4337756_25_144", "two"], ["4337751_222_184", "off"], ["4337752_34_135", "brown elephant's"], ["4337753_207_164", "eye"], ["4337755_232_101", "gray elephant's"], ["4337754_261_145", "eye"], ["4337757_179_136", "other"], ["4337759_347_169", "small"], ["4337758_231_117", "elephant"], ["4337760_81_186", "small"], ["4337761_31_125", "elephant"], ["4337762_35_83", "two"], ["4337763_13_259", "dirt"], ["4337768_31_121", "two"], ["4337766_182_123", "together"], ["4337769_140_180", "elephants"], ["4337770_236_133", "elephant"], ["4337771_234_164", "left"], ["4337772_27_134", "elephant"], ["4337773_214_198", "right"], ["4337774_18_88", "a"], ["4337775_121_208", "elephants"], ["4337776_56_257", "shadows"], ["4337777_216_294", "sand"], ["4337778_15_285", "a"], ["4337779_168_311", "ground"], ["4337780_245_243", "a"], ["4337781_292_315", "dirt"], ["4337783_338_275", "a"], ["4337782_254_236", "birds"], ["4337786_2_117", "a"], ["4337787_1_100", "background"], ["4337788_15_117", "two"], ["4337789_174_134", "affection"], ["4337790_240_106", "a"], ["4337791_355_205", "animal"], ["4337792_123_291", "a"], ["4337793_180_305", "rocks"]], "of an": [["4337714_379_232", "4337715_240_99"], ["4337716_267_141", "4337717_249_92"], ["4337718_30_170", "4337723_22_101"], ["4337720_149_142", "4337721_31_82"], ["4337722_113_201", "4337723_22_101"], ["4337724_366_193", "4337725_399_150"]], "with": [["4337726_48_106", "4337727_197_100"], ["4337728_61_51", "4337729_129_216"]], "belonging to": [["4470859_245_124", "4470858_212_128"], ["4470860_334_144", "4470858_212_128"]], "light gray": [["4470858_212_128"]], "appearing on": [["4470861_271_129", "4470859_245_124"], ["4470862_414_165", "4470860_334_144"]], "lighter": [["4470861_271_129"], ["4470862_414_165"]], "biting into other": [["4337732_26_99", "4337733_207_98"]], "twisted up behind other": [["4337734_210_115", "4337735_221_103"], ["4337736_179_245", "4337737_332_257"]], "gray cloudless": [["4337738_9_58", "4337739_60_105"]], "gray": [["4337739_60_105"], ["4337742_232_110"], ["4337747_232_122"], ["4337755_232_101"]], "ON": [["4337740_15_159", "4337741_6_105"], ["4337742_232_110", "4337743_443_131"], ["4337776_56_257", "4337777_216_294"], ["4337776_56_257", "4337777_216_294"]], "brown": [["4337740_15_159"], ["4337744_39_146"], ["4337748_9_93"], ["4337752_34_135"], ["4337760_81_186", "4337761_31_125"]], "right": [["4337744_39_146", "4337745_163_155"], ["4337752_34_135", "4337753_207_164"]], "left": [["4337747_232_122", "4337746_269_153"], ["4337755_232_101", "4337754_261_145"]], "skinny": [["4337748_9_93", "4337749_26_213"], ["4337749_26_213"]], "male elephants facing": [["4337756_25_144", "4337751_222_184"], ["4337756_25_144", "4337751_222_184"]], "elephants playing with each": [["4337756_25_144", "4337757_179_136"], ["4337756_25_144", "4337757_179_136"]], "tan": [["4337759_347_169", "4337758_231_117"]], "small and tan": [["4337758_231_117"]], "small and brown": [["4337761_31_125"]], "elephants standing on": [["4337762_35_83", "4337763_13_259"], ["4337762_35_83", "4337763_13_259"]], "elephant trunks tangled": [["4337768_31_121", "4337766_182_123"], ["4337768_31_121", "4337766_182_123"]], "dusty": [["4337768_31_121", "4337769_140_180"], ["4337768_31_121", "4337769_140_180"]], "dusty ": [["4337769_140_180"]], "facing to": [["4337770_236_133", "4337771_234_164"], ["4337772_27_134", "4337773_214_198"]], "pair of": [["4337774_18_88", "4337775_121_208"], ["4337774_18_88", "4337775_121_208"]], "flat plain of": [["4337778_15_285", "4337779_168_311"]], "puddle in": [["4337780_245_243", "4337781_292_315"]], "few small": [["4337783_338_275", "4337782_254_236"], ["4337783_338_275", "4337782_254_236"]], "small": [["4337782_254_236"]], "few plants in": [["4337786_2_117", "4337787_1_100"]], "animals showing": [["4337788_15_117", "4337789_174_134"], ["4337788_15_117", "4337789_174_134"]], "dusty grey": [["4337790_240_106", "4337791_355_205"]], " dusty and grey": [["4337791_355_205"]], "few pale": [["4337792_123_291", "4337793_180_305"], ["4337792_123_291", "4337793_180_305"]]}, "elements": {"object": ["4337769_140_180", "4470861_271_129", "4337782_254_236", "4337771_234_164", "4337742_232_110", "4337751_222_184", "4337736_179_245", "4337773_214_198", "4337780_245_243", "4337713_29_111", "4337747_232_122", "4337728_61_51", "4337749_26_213", "4337758_231_117", "4337766_182_123", "4337723_22_101", "4337721_31_82", "4337756_25_144", "4337717_249_92", "4337716_267_141", "4337772_27_134", "4337733_207_98", "4337778_15_285", "4337739_60_105", "4337763_13_259", "4337744_39_146", "4337727_197_100", "4337741_6_105", "4337745_163_155", "4337725_399_150", "4337735_221_103", "4337743_443_131", "4337737_332_257", "4337768_31_121", "4337734_210_115", "4470859_245_124", "4337777_216_294", "4337732_26_99", "4337724_366_193", "4337757_179_136", "4337720_149_142", "4337788_15_117", "4337752_34_135", "4337726_48_106", "4337791_355_205", "4337783_338_275", "4337787_1_100", "4337774_18_88", "4337746_269_153", "4337722_113_201", "4337793_180_305", "4337760_81_186", "4337770_236_133", "4337755_232_101", "4337789_174_134", "4337759_347_169", "4337740_15_159", "4337775_121_208", "4337786_2_117", "4337748_9_93", "4337781_292_315", "4470858_212_128", "4337754_261_145", "4337776_56_257", "4337792_123_291", "4337729_129_216", "4337779_168_311", "4337714_379_232", "4470860_334_144", "4337715_240_99", "4337762_35_83", "4337718_30_170", "4337753_207_164", "4470862_414_165", "4337738_9_58", "4337712_190_90", "4337761_31_125", "4337790_240_106"], "label": ["brown elephant", "trunks intertwined", "grey elephant", "sky", "back legs", "birds", "right", "dark trunk", "elephants", "tail", "shallow pools", "eye", "two elephants", "other' strunk", "affection", "spot", "elephant", "bent knee", "two", "front legs", "rump", "animal", "water", "off", "left ear", "a", "rocks", "trunks", "ground", "gray elephant's", "gray elephant", "brown elephant's", "male elephants", "sand", "small", "head", "together", "dreary", "ear", "other", "right ear", "left", "dirt", "background", "penis", "shadows"]}, "image": {"id": 2396908, "url": "https://cs.stanford.edu/people/rak248/VG_100K_2/2396908.jpg", "width": 500, "height": 333, "coco_id": null, "flickr_id": 4859172053}}