{"sorts": ["object", "label"], "predicates": {"stretching": ["object", "object"], "black": ["object"], "small": ["object"], "ready to move": ["object"], "has_label": ["object", "label"], "has blue": ["object", "object"], "has a yellow": ["object", "object"], "yellow": ["object"], "IN": ["object", "object"], "dark": ["object"], "rippling": ["object"], "has black": ["object", "object"], "next to": ["object", "object"], "spreads": ["object", "object"], "has": ["object", "object"], "of birds on": ["object", "object"], "brown": ["object"], "has yellow": ["object", "object"], "spreading": ["object", "object"], "standing near": ["object", "object"], "on bird are": ["object", "object"], "OF": ["object", "object"], "sitting on": ["object", "object"], "grey": ["object"], "of birds showing": ["object", "object"], "ON": ["object", "object"]}, "interpretation": {"stretching": [["431367_154_98", "431368_159_171"]], "black": [["431367_154_98"], ["431367_154_98", "431373_331_193"], ["431367_154_98", "431383_378_260"]], "small": [["431367_154_98"]], "ready to move": [["431367_154_98"]], "has_label": [["431367_154_98", "bird"], ["431368_159_171", "wings"], ["431369_202_99", "eyes"], ["431370_163_96", "beak"], ["431371_9_14", "water"], ["431372_103_6", "background"], ["431373_331_193", "wing"], ["431375_332_241", "feather"], ["431377_117_14", "waves"], ["431378_221_130", "neck"], ["431366_131_80", "group"], ["431379_280_269", "shore"], ["431380_176_179", "feathers"], ["431381_209_203", "black"], ["431382_110_66", "birds"], ["3820907_22_22", "lake"], ["431376_385_281", "rock"], ["431383_378_260", "tail"], ["431384_319_233", "marking"]], "has blue": [["431367_154_98", "431369_202_99"], ["431367_154_98", "431369_202_99"], ["431367_154_98", "431369_202_99"], ["431367_154_98", "431369_202_99"], ["431367_154_98", "431369_202_99"]], "has a yellow": [["431367_154_98", "431370_163_96"]], "yellow": [["431370_163_96"]], "IN": [["431371_9_14", "431372_103_6"], ["431377_117_14", "431371_9_14"], ["431371_9_14", "3820907_22_22"]], "dark": [["431371_9_14"]], "rippling": [["431371_9_14"]], "has black": [["431367_154_98", "431375_332_241"], ["431367_154_98", "431375_332_241"], ["431367_154_98", "431384_319_233"]], "next to": [["431371_9_14", "431367_154_98"]], "spreads": [["431367_154_98", "431368_159_171"]], "has": [["431367_154_98", "431378_221_130"]], "of birds on": [["431366_131_80", "431379_280_269"]], "brown": [["431379_280_269"]], "has yellow": [["431367_154_98", "431370_163_96"], ["431367_154_98", "431370_163_96"]], "spreading": [["431367_154_98", "431368_159_171"], ["431367_154_98", "431368_159_171"]], "standing near": [["431367_154_98", "431371_9_14"]], "on bird are": [["431380_176_179", "431381_209_203"]], "OF": [["431366_131_80", "431382_110_66"], ["431370_163_96", "431367_154_98"], ["431366_131_80", "431382_110_66"], ["431368_159_171", "431367_154_98"]], "sitting on": [["431376_385_281", "431379_280_269"]], "grey": [["431376_385_281"]], "of birds showing": [["431366_131_80", "431368_159_171"]], "ON": [["431371_9_14", "431370_163_96"]]}, "elements": {"object": ["3820907_22_22", "431375_332_241", "431370_163_96", "431367_154_98", "431373_331_193", "431371_9_14", "431377_117_14", "431379_280_269", "431384_319_233", "431369_202_99", "431372_103_6", "431378_221_130", "431368_159_171", "431376_385_281", "431366_131_80", "431381_209_203", "431382_110_66", "431380_176_179", "431383_378_260"], "label": ["lake", "feather", "birds", "marking", "tail", "beak", "rock", "wing", "eyes", "bird", "water", "wings", "group", "feathers", "neck", "waves", "shore", "background", "black"]}, "image": {"id": 2397718, "url": "https://cs.stanford.edu/people/rak248/VG_100K_2/2397718.jpg", "width": 500, "height": 334, "coco_id": null, "flickr_id": 9380928154}}