{"sorts": ["object", "label"], "predicates": {"has_label": ["object", "label"], "grazing": ["object"], "blue": ["object"], "snowy": ["object"], "dense": ["object"], "brown": ["object"], "white": ["object"], "fluffy": ["object"], "female": ["object"], "wooded": ["object"], "behind": ["object", "object"], "of": ["object", "object"], "in": ["object", "object"], "to_the_right_of": ["object", "object"], "in_front_of": ["object", "object"], "to_the_left_of": ["object", "object"], "next_to": ["object", "object"], "with": ["object", "object"], "near": ["object", "object"]}, "elements": {"object": ["1073824", "1073822", "1073823", "1073798", "1073799", "1073805", "1073795", "1073810", "1073816", "1073813", "1073818", "1073817", "1073794", "1073806", "1073807", "1073800", "1073815", "1073802", "1073803"], "label": ["feet", "hill", "trees", "fence", "horses", "forest", "sheep", "horse", "wire", "hills", "legs", "head", "animals", "clouds", "sky", "field", "fence_post", "horse", "mountain"]}, "interpretation": {"has_label": [["1073824", "feet"], ["1073822", "hill"], ["1073823", "trees"], ["1073798", "fence"], ["1073799", "horses"], ["1073805", "forest"], ["1073795", "sheep"], ["1073810", "horse"], ["1073816", "wire"], ["1073813", "hills"], ["1073818", "legs"], ["1073817", "head"], ["1073794", "animals"], ["1073806", "clouds"], ["1073807", "sky"], ["1073800", "field"], ["1073815", "fence_post"], ["1073802", "horse"], ["1073803", "mountain"]], "grazing": [["1073795"], ["1073794"]], "blue": [["1073807"]], "snowy": [["1073803"]], "dense": [["1073805"]], "brown": [["1073810"], ["1073802"]], "white": [["1073824"], ["1073795"], ["1073806"]], "fluffy": [["1073806"]], "female": [["1073802"]], "wooded": [["1073805"]], "behind": [["1073805", "1073813"], ["1073810", "1073798"]], "of": [["1073818", "1073810"], ["1073817", "1073810"], ["1073794", "1073795"], ["1073800", "1073795"], ["1073815", "1073798"]], "in": [["1073799", "1073800"], ["1073795", "1073800"], ["1073810", "1073800"], ["1073794", "1073800"], ["1073806", "1073807"]], "to_the_right_of": [["1073824", "1073802"], ["1073824", "1073815"], ["1073810", "1073802"], ["1073810", "1073815"], ["1073818", "1073815"], ["1073818", "1073802"], ["1073817", "1073802"], ["1073815", "1073802"]], "in_front_of": [["1073798", "1073810"], ["1073805", "1073803"], ["1073800", "1073803"], ["1073800", "1073798"]], "to_the_left_of": [["1073815", "1073824"], ["1073815", "1073818"], ["1073815", "1073810"], ["1073802", "1073824"], ["1073802", "1073817"], ["1073802", "1073818"], ["1073802", "1073810"], ["1073802", "1073815"]], "next_to": [["1073805", "1073800"]], "with": [["1073822", "1073823"]], "near": [["1073805", "1073800"], ["1073800", "1073805"]]}}