{"sorts": ["object", "label"], "predicates": {"has_label": ["object", "label"], "orange": ["object"], "small": ["object"], "brown": ["object"], "dark": ["object"], "green": ["object"], "to_the_left_of": ["object", "object"], "to_the_right_of": ["object", "object"]}, "elements": {"object": ["602657", "602637", "602638", "3857613", "3857612", "602678", "602677", "602644", "602670", "602673"], "label": ["horse", "fur", "grass", "cabin", "horse", "bush", "horse", "tree", "door", "plants"]}, "interpretation": {"has_label": [["602657", "horse"], ["602637", "fur"], ["602638", "grass"], ["3857613", "cabin"], ["3857612", "horse"], ["602678", "bush"], ["602677", "horse"], ["602644", "tree"], ["602670", "door"], ["602673", "plants"]], "orange": [["602670"]], "small": [["602678"], ["602673"]], "brown": [["602637"], ["3857612"], ["602677"]], "dark": [["602657"]], "green": [["602638"]], "to_the_left_of": [["602657", "602670"], ["602637", "602670"], ["3857613", "602644"], ["3857612", "602657"], ["602678", "602637"], ["602678", "602657"]], "to_the_right_of": [["602657", "3857612"], ["602657", "602678"], ["602637", "602678"], ["602644", "3857613"], ["602670", "602657"], ["602670", "602637"]]}}