{"sorts": ["object", "label"], "predicates": {"has_label": ["object", "label"], "black": ["object"], "white": ["object"], "dark": ["object"], "to_the_left_of": ["object", "object"], "above": ["object", "object"], "to_the_right_of": ["object", "object"]}, "elements": {"object": ["1864949", "1714959", "2074922", "3668056", "2458589", "3668063", "3668064", "2187560", "2187561"], "label": ["horse", "wire", "ears", "bushes", "leg", "ground", "mane", "stick", "stick"]}, "interpretation": {"has_label": [["1864949", "horse"], ["1714959", "wire"], ["2074922", "ears"], ["3668056", "bushes"], ["2458589", "leg"], ["3668063", "ground"], ["3668064", "mane"], ["2187560", "stick"], ["2187561", "stick"]], "black": [["2458589"]], "white": [["1864949"], ["3668064"]], "dark": [["2074922"]], "to_the_left_of": [["1714959", "1864949"], ["1714959", "3668064"], ["2074922", "3668064"], ["3668056", "3668064"]], "above": [["1864949", "2187560"]], "to_the_right_of": [["1864949", "1714959"], ["3668064", "3668056"], ["3668064", "2074922"], ["3668064", "1714959"]]}}