{"sorts": ["object", "label"], "predicates": {"has_label": ["object", "label"], "melted": ["object"], "white": ["object"], "silver": ["object"], "behind": ["object", "object"], "to_the_right_of": ["object", "object"], "in_front_of": ["object", "object"], "to_the_left_of": ["object", "object"], "contain": ["object", "object"], "on": ["object", "object"], "around": ["object", "object"]}, "elements": {"object": ["2881864", "2709885", "2791157", "2881862", "2818863", "2818864", "3251366", "2766204", "3473715", "3460119", "2989278", "2989279"], "label": ["sour_cream", "spoon", "sauce", "sour_cream", "crackers", "pasta", "dish", "flower", "cheese", "napkin", "crackers", "plate"]}, "interpretation": {"has_label": [["2881864", "sour_cream"], ["2709885", "spoon"], ["2791157", "sauce"], ["2881862", "sour_cream"], ["2818863", "crackers"], ["2818864", "pasta"], ["3251366", "dish"], ["2766204", "flower"], ["3473715", "cheese"], ["3460119", "napkin"], ["2989278", "crackers"], ["2989279", "plate"]], "melted": [["3473715"]], "white": [["3473715"]], "silver": [["2709885"]], "behind": [["2818863", "2818864"]], "to_the_right_of": [["2881864", "3473715"], ["2709885", "2881862"], ["2709885", "2818864"], ["2881862", "2989278"], ["2818864", "2766204"], ["3251366", "2791157"], ["3251366", "2818864"], ["3251366", "2881862"], ["3473715", "2766204"], ["3460119", "2818864"], ["3460119", "2881864"], ["3460119", "2791157"], ["3460119", "2881862"]], "in_front_of": [["2818864", "2818863"]], "to_the_left_of": [["2881864", "3460119"], ["2791157", "3251366"], ["2791157", "3460119"], ["2881862", "3460119"], ["2881862", "2709885"], ["2881862", "3251366"], ["2818864", "2709885"], ["2818864", "3251366"], ["2818864", "3460119"], ["2766204", "2818864"], ["2766204", "3473715"], ["3473715", "2881864"], ["2989278", "2881862"]], "contain": [["3251366", "2791157"]], "on": [["2989278", "2989279"]], "around": [["2881862", "3251366"]]}}