{"sorts": ["object", "label"], "predicates": {"has_label": ["object", "label"], "shiny": ["object"], "cylindrical": ["object"], "shining": ["object"], "half_full": ["object"], "clear": ["object"], "reflective": ["object"], "small": ["object"], "checkered": ["object"], "brown": ["object"], "chocolate": ["object"], "white": ["object"], "silver": ["object"], "rectangular": ["object"], "round": ["object"], "red": ["object"], "square": ["object"], "sprinkled": ["object"], "below": ["object", "object"], "of": ["object", "object"], "under": ["object", "object"], "in": ["object", "object"], "to_the_right_of": ["object", "object"], "to_the_left_of": ["object", "object"], "on": ["object", "object"], "with": ["object", "object"], "above": ["object", "object"]}, "elements": {"object": ["313428", "313420", "313423", "313422", "313425", "313419", "313427", "313426", "313414", "313418", "313416", "313413", "313412", "313424"], "label": ["wine", "water", "spoon", "tablecloth", "dessert", "glass", "glass", "dish", "glass", "syrup", "cupcake", "powdered_sugar", "plate", "chocolate"]}, "interpretation": {"has_label": [["313428", "wine"], ["313420", "water"], ["313423", "spoon"], ["313422", "tablecloth"], ["313425", "dessert"], ["313419", "glass"], ["313427", "glass"], ["313426", "dish"], ["313414", "glass"], ["313418", "syrup"], ["313416", "cupcake"], ["313413", "powdered_sugar"], ["313412", "plate"], ["313424", "chocolate"]], "shiny": [["313423"]], "cylindrical": [["313416"]], "shining": [["313423"]], "half_full": [["313414"]], "clear": [["313420"], ["313419"], ["313427"], ["313414"]], "reflective": [["313423"]], "small": [["313426"]], "checkered": [["313422"]], "brown": [["313416"]], "chocolate": [["313418"], ["313416"]], "white": [["313422"], ["313426"], ["313412"]], "silver": [["313423"]], "rectangular": [["313426"]], "round": [["313412"]], "red": [["313428"]], "square": [["313426"]], "sprinkled": [["313413"]], "below": [["313422", "313414"], ["313422", "313412"]], "of": [["313419", "313420"], ["313427", "313428"], ["313414", "313428"]], "under": [["313422", "313412"], ["313422", "313414"]], "in": [["313428", "313414"]], "to_the_right_of": [["313425", "313413"], ["313425", "313416"], ["313425", "313424"], ["313426", "313413"], ["313426", "313416"], ["313426", "313424"], ["313414", "313419"], ["313418", "313424"], ["313418", "313413"], ["313418", "313416"], ["313416", "313427"], ["313413", "313428"], ["313413", "313420"], ["313413", "313427"], ["313412", "313427"], ["313412", "313419"], ["313412", "313420"], ["313412", "313428"], ["313424", "313413"]], "to_the_left_of": [["313428", "313412"], ["313428", "313413"], ["313420", "313412"], ["313420", "313413"], ["313419", "313414"], ["313419", "313412"], ["313427", "313412"], ["313427", "313413"], ["313427", "313416"], ["313416", "313425"], ["313416", "313418"], ["313416", "313426"], ["313413", "313418"], ["313413", "313424"], ["313413", "313425"], ["313413", "313426"], ["313424", "313418"], ["313424", "313426"], ["313424", "313425"]], "on": [["313423", "313422"], ["313425", "313412"], ["313425", "313426"], ["313416", "313412"], ["313413", "313412"], ["313424", "313412"]], "with": [["313419", "313420"], ["313412", "313425"]], "above": [["313412", "313422"]]}}