{"sorts": ["object", "label"], "predicates": {"has_label": ["object", "label"], "white": ["object"], "brown": ["object"], "wood": ["object"], "on": ["object", "object"], "behind": ["object", "object"], "in_front_of": ["object", "object"]}, "elements": {"object": ["827090", "827087", "827079", "827083"], "label": ["headboard", "pillows", "bed", "sheets"]}, "interpretation": {"has_label": [["827090", "headboard"], ["827087", "pillows"], ["827079", "bed"], ["827083", "sheets"]], "white": [["827083"]], "brown": [["827090"]], "wood": [["827090"]], "on": [["827087", "827079"], ["827083", "827079"]], "behind": [["827087", "827087"]], "in_front_of": [["827087", "827087"]]}}