{"sorts": ["object", "label"], "predicates": {"has_label": ["object", "label"], "portable": ["object"], "black": ["object"], "blond": ["object"], "white": ["object"], "dark": ["object"], "short": ["object"], "pink": ["object"], "plaid": ["object"], "green": ["object"], "sitting_on": ["object", "object"], "to_the_left_of": ["object", "object"], "holding": ["object", "object"], "to_the_right_of": ["object", "object"]}, "elements": {"object": ["462255", "462252", "462243", "462246", "462253", "462245", "462251", "462250", "462257", "462256", "462242", "462254", "462248", "462249", "462241"], "label": ["teeth", "table", "shirt", "wristband", "bed", "pants", "toys", "curtain", "decoration", "eyes", "hair", "sheets", "dog", "toothbrush", "woman"]}, "interpretation": {"has_label": [["462255", "teeth"], ["462252", "table"], ["462243", "shirt"], ["462246", "wristband"], ["462253", "bed"], ["462245", "pants"], ["462251", "toys"], ["462250", "curtain"], ["462257", "decoration"], ["462256", "eyes"], ["462242", "hair"], ["462254", "sheets"], ["462248", "dog"], ["462249", "toothbrush"], ["462241", "woman"]], "portable": [["462249"]], "black": [["462246"]], "blond": [["462242"]], "white": [["462250"], ["462254"], ["462249"]], "dark": [["462256"]], "short": [["462242"]], "pink": [["462257"], ["462248"]], "plaid": [["462245"]], "green": [["462243"]], "sitting_on": [["462251", "462252"], ["462241", "462253"]], "to_the_left_of": [["462243", "462251"], ["462243", "462252"], ["462243", "462248"], ["462243", "462254"], ["462245", "462251"], ["462245", "462252"], ["462250", "462257"], ["462250", "462251"], ["462250", "462252"], ["462250", "462254"], ["462250", "462248"], ["462248", "462251"], ["462248", "462252"], ["462241", "462257"], ["462241", "462251"], ["462241", "462252"]], "holding": [["462241", "462249"]], "to_the_right_of": [["462252", "462241"], ["462252", "462248"], ["462252", "462243"], ["462252", "462250"], ["462252", "462245"], ["462251", "462245"], ["462251", "462243"], ["462251", "462248"], ["462251", "462250"], ["462251", "462241"], ["462257", "462250"], ["462257", "462241"], ["462254", "462243"], ["462254", "462250"], ["462248", "462243"], ["462248", "462250"]]}}