{"sorts": ["object", "label"], "predicates": {"against": ["object", "object"], "has_label": ["object", "label"], "heaped on": ["object", "object"], "ON": ["object", "object"], "on top of": ["object", "object"], "IN": ["object", "object"], "lying on": ["object", "object"], "heaped upon": ["object", "object"], "has": ["object", "object"], "reflecting on": ["object", "object"], "framed": ["object"], "covering": ["object", "object"], "sleeping on": ["object", "object"], "sleeping": ["object"], "next to": ["object", "object"], "attached to": ["object", "object"], "above": ["object", "object"], "sucking": ["object", "object"], "pink": ["object"], "laying on": ["object", "object"], "hanging on": ["object", "object"], "hanging over": ["object", "object"], "tied": ["object"], "inside": ["object", "object"], "over": ["object", "object"], "mounted on": ["object", "object"], "leaning on": ["object", "object"], "sucking on": ["object", "object"]}, "interpretation": {"against": [["596435_30_288", "596436_40_274"], ["596435_30_288", "596436_40_274"]], "has_label": [["596435_30_288", "pile"], ["596436_40_274", "wall"], ["596437_26_335", "floor"], ["596438_66_287", "garment"], ["596439_48_307", "garment"], ["596440_129_303", "garment"], ["596441_30_318", "garment"], ["596442_87_125", "light"], ["596443_49_73", "mirror"], ["596445_61_344", "sheet"], ["596446_13_260", "bed"], ["596448_174_405", "baby"], ["596449_230_284", "bottle"], ["596450_227_138", "lamp"], ["596451_231_224", "wall"], ["596452_304_71", "window"], ["596444_251_436", "binkey"], ["596447_128_310", "cat"], ["596453_159_301", "pillow"], ["596454_203_296", "night table"], ["596455_77_33", "knick-knack"], ["596456_228_40", "picture"], ["596457_263_0", "curtain"], ["596458_0_203", "photo"], ["596459_4_244", "dresser"], ["596460_8_9", "bedroom"], ["596461_228_158", "picture"], ["596462_248_266", "pillow"]], "heaped on": [["596435_30_288", "596437_26_335"], ["596435_30_288", "596437_26_335"], ["596435_30_288", "596437_26_335"]], "ON": [["596435_30_288", "596437_26_335"], ["596435_30_288", "596437_26_335"], ["596435_30_288", "596437_26_335"], ["596449_230_284", "596454_203_296"]], "on top of": [["596438_66_287", "596435_30_288"], ["596455_77_33", "596443_49_73"], ["596458_0_203", "596459_4_244"], ["596455_77_33", "596443_49_73"]], "IN": [["596439_48_307", "596435_30_288"]], "lying on": [["596440_129_303", "596435_30_288"], ["596435_30_288", "596437_26_335"]], "heaped upon": [["596435_30_288", "596437_26_335"]], "has": [["596435_30_288", "596441_30_318"], ["596448_174_405", "596444_251_436"]], "reflecting on": [["596442_87_125", "596443_49_73"]], "framed": [["596443_49_73"]], "covering": [["596445_61_344", "596446_13_260"]], "sleeping on": [["596448_174_405", "596446_13_260"]], "sleeping": [["596448_174_405"], ["596447_128_310"]], "next to": [["596449_230_284", "596446_13_260"], ["596447_128_310", "596448_174_405"], ["596450_227_138", "596457_263_0"]], "attached to": [["596450_227_138", "596451_231_224"]], "above": [["596452_304_71", "596446_13_260"]], "sucking": [["596448_174_405", "596444_251_436"]], "pink": [["596444_251_436"]], "laying on": [["596447_128_310", "596453_159_301"], ["596448_174_405", "596446_13_260"]], "hanging on": [["596456_228_40", "596436_40_274"], ["596443_49_73", "596436_40_274"], ["596461_228_158", "596436_40_274"]], "hanging over": [["596457_263_0", "596446_13_260"]], "tied": [["596457_263_0"]], "inside": [["596446_13_260", "596460_8_9"], ["596446_13_260", "596460_8_9"]], "over": [["596452_304_71", "596446_13_260"]], "mounted on": [["596450_227_138", "596436_40_274"]], "leaning on": [["596447_128_310", "596462_248_266"]], "sucking on": [["596448_174_405", "596444_251_436"]]}, "elements": {"object": ["596435_30_288", "596457_263_0", "596441_30_318", "596456_228_40", "596439_48_307", "596438_66_287", "596444_251_436", "596454_203_296", "596462_248_266", "596442_87_125", "596443_49_73", "596455_77_33", "596461_228_158", "596458_0_203", "596445_61_344", "596450_227_138", "596448_174_405", "596446_13_260", "596460_8_9", "596452_304_71", "596436_40_274", "596440_129_303", "596459_4_244", "596437_26_335", "596449_230_284", "596451_231_224", "596447_128_310", "596453_159_301"], "label": ["light", "mirror", "night table", "bedroom", "sheet", "pillow", "binkey", "photo", "garment", "picture", "wall", "cat", "knick-knack", "pile", "window", "baby", "bottle", "curtain", "dresser", "bed", "floor", "lamp"]}, "image": {"id": 2371658, "url": "https://cs.stanford.edu/people/rak248/VG_100K/2371658.jpg", "width": 332, "height": 500, "coco_id": 522930, "flickr_id": 31340083}}