{"sorts": ["object", "label"], "predicates": {"are enjoying": ["object", "object"], "has_label": ["object", "label"], "playing in": ["object", "object"], "IN": ["object", "object"], "standing": ["object"], "eating": ["object", "object"]}, "interpretation": {"are enjoying": [["1142376_29_17", "1142377_190_23"]], "has_label": [["1142376_29_17", "people"], ["1142377_190_23", "outdoors"], ["1142378_29_119", "fox"], ["1142379_190_124", "hen"], ["394411_250_102", "giraffe"], ["394412_13_133", "field"]], "playing in": [["1142378_29_119", "1142379_190_124"]], "IN": [["394411_250_102", "394412_13_133"], ["394411_250_102", "394412_13_133"]], "standing": [["394411_250_102"]], "eating": [["1142378_29_119", "1142379_190_124"]]}, "elements": {"object": ["1142378_29_119", "394411_250_102", "1142379_190_124", "1142376_29_17", "1142377_190_23", "394412_13_133"], "label": ["fox", "hen", "giraffe", "people", "outdoors", "field"]}, "image": {"id": 2401941, "url": "https://cs.stanford.edu/people/rak248/VG_100K_2/2401941.jpg", "width": 500, "height": 399, "coco_id": 32682, "flickr_id": 4322154488}}