{"sorts": ["object", "label"], "predicates": {"has_label": ["object", "label"], "ripe": ["object"], "glass": ["object"], "old": ["object"], "wood": ["object"], "green": ["object"], "in": ["object", "object"], "to_the_right_of": ["object", "object"], "under": ["object", "object"], "to_the_left_of": ["object", "object"], "on": ["object", "object"], "above": ["object", "object"]}, "elements": {"object": ["1006338", "1006339", "1006332", "1006333", "1006331", "1006336", "1006337", "1006334", "1006335", "1006345", "1006344", "1006343", "1006340"], "label": ["broccoli", "rice", "fork", "chinese_food", "plate", "label", "table", "bananas", "basket", "mat", "napkins", "drawings", "beef"]}, "interpretation": {"has_label": [["1006338", "broccoli"], ["1006339", "rice"], ["1006332", "fork"], ["1006333", "chinese_food"], ["1006331", "plate"], ["1006336", "label"], ["1006337", "table"], ["1006334", "bananas"], ["1006335", "basket"], ["1006345", "mat"], ["1006344", "napkins"], ["1006343", "drawings"], ["1006340", "beef"]], "ripe": [["1006334"]], "glass": [["1006331"]], "old": [["1006334"]], "wood": [["1006337"], ["1006335"]], "green": [["1006331"]], "in": [["1006334", "1006335"], ["1006344", "1006335"]], "to_the_right_of": [["1006338", "1006343"], ["1006338", "1006345"], ["1006339", "1006338"], ["1006339", "1006340"], ["1006332", "1006338"], ["1006332", "1006340"], ["1006333", "1006343"], ["1006333", "1006345"], ["1006331", "1006343"], ["1006336", "1006344"], ["1006334", "1006344"]], "under": [["1006345", "1006335"]], "to_the_left_of": [["1006338", "1006339"], ["1006338", "1006332"], ["1006345", "1006338"], ["1006345", "1006333"], ["1006344", "1006336"], ["1006344", "1006334"], ["1006343", "1006338"], ["1006343", "1006333"], ["1006343", "1006331"], ["1006340", "1006332"], ["1006340", "1006339"]], "on": [["1006338", "1006331"], ["1006339", "1006331"], ["1006332", "1006331"], ["1006331", "1006337"], ["1006335", "1006337"], ["1006345", "1006337"], ["1006340", "1006331"]], "above": [["1006335", "1006345"]]}}