{"sorts": ["object", "label"], "predicates": {"has_label": ["object", "label"], "cooked": ["object"], "brown": ["object"], "white": ["object"], "silver": ["object"], "red": ["object"], "green": ["object"], "to_the_right_of": ["object", "object"], "sitting_on": ["object", "object"], "covered_with": ["object", "object"], "on": ["object", "object"], "to_the_left_of": ["object", "object"]}, "elements": {"object": ["922010", "921999", "922005", "922004", "922007", "922001", "922000", "922003", "922002", "922009", "922008"], "label": ["tail", "plate", "rice", "shrimp", "rice", "plate", "food", "table", "spoon", "broccoli", "sauce"]}, "interpretation": {"has_label": [["922010", "tail"], ["921999", "plate"], ["922005", "rice"], ["922004", "shrimp"], ["922007", "rice"], ["922001", "plate"], ["922000", "food"], ["922003", "table"], ["922002", "spoon"], ["922009", "broccoli"], ["922008", "sauce"]], "cooked": [["922004"]], "brown": [["922007"]], "white": [["921999"]], "silver": [["922002"]], "red": [["922010"], ["922004"]], "green": [["922009"]], "to_the_right_of": [["922005", "922007"], ["922005", "922004"], ["922001", "922010"], ["922002", "922007"], ["922002", "922004"]], "sitting_on": [["921999", "922003"], ["922007", "921999"], ["922009", "922001"]], "covered_with": [["922000", "922008"]], "on": [["922005", "921999"], ["922005", "922002"], ["922004", "922002"], ["922004", "921999"], ["922007", "921999"], ["922000", "922001"], ["922009", "922001"]], "to_the_left_of": [["922010", "922001"], ["922004", "922002"], ["922004", "922005"], ["922007", "922002"], ["922007", "922005"]]}}