{"sorts": ["object", "label"], "predicates": {"has_label": ["object", "label"], "orange": ["object"], "gray": ["object"], "white": ["object"], "pink": ["object"], "plaid": ["object"], "green": ["object"], "on": ["object", "object"], "to_the_right_of": ["object", "object"], "to_the_left_of": ["object", "object"], "wearing": ["object", "object"]}, "elements": {"object": ["3841947", "3841943", "581849", "581860", "3841948", "3841961", "3841958", "581817", "581816", "581818", "581831", "581830", "581826", "3841970"], "label": ["man", "man", "cone", "cone", "head", "airplane", "dress", "cone", "backpack", "vest", "hat", "shirt", "backpack", "wing"]}, "interpretation": {"has_label": [["3841947", "man"], ["3841943", "man"], ["581849", "cone"], ["581860", "cone"], ["3841948", "head"], ["3841961", "airplane"], ["3841958", "dress"], ["581817", "cone"], ["581816", "backpack"], ["581818", "vest"], ["581831", "hat"], ["581830", "shirt"], ["581826", "backpack"], ["3841970", "wing"]], "orange": [["581849"], ["581860"], ["581817"], ["581818"]], "gray": [["581826"]], "white": [["581831"]], "pink": [["3841958"]], "plaid": [["581830"]], "green": [["581830"]], "on": [["581831", "3841948"]], "to_the_right_of": [["3841943", "3841947"], ["3841943", "581830"], ["3841943", "581816"], ["581860", "3841958"], ["581860", "581849"], ["581817", "3841958"], ["581817", "581860"], ["581818", "581817"], ["581818", "3841958"], ["3841970", "3841943"]], "to_the_left_of": [["3841947", "3841943"], ["3841943", "3841970"], ["581849", "581860"], ["581860", "581817"], ["3841958", "581817"], ["3841958", "581818"], ["3841958", "581860"], ["581817", "581818"], ["581816", "3841943"], ["581830", "3841943"]], "wearing": [["3841947", "581830"], ["3841943", "581830"]]}}