{"sorts": ["object", "label"], "predicates": {"has_label": ["object", "label"], "orange": ["object"], "blue": ["object"], "black": ["object"], "white": ["object"], "wood": ["object"], "high": ["object"], "pink": ["object"], "green": ["object"], "to_the_right_of": ["object", "object"], "to_the_left_of": ["object", "object"]}, "elements": {"object": ["422542", "422550", "422551", "422538", "422539", "422549", "422548", "422547", "422543", "422537"], "label": ["vest", "tail", "leaves", "tree", "fence", "women", "shirt", "helmet", "boot", "horse"]}, "interpretation": {"has_label": [["422542", "vest"], ["422550", "tail"], ["422551", "leaves"], ["422538", "tree"], ["422539", "fence"], ["422549", "women"], ["422548", "shirt"], ["422547", "helmet"], ["422543", "boot"], ["422537", "horse"]], "orange": [["422542"]], "blue": [["422547"]], "black": [["422538"]], "white": [["422539"], ["422537"]], "wood": [["422539"]], "high": [["422543"]], "pink": [["422548"]], "green": [["422551"]], "to_the_right_of": [["422542", "422551"], ["422538", "422547"], ["422538", "422551"], ["422539", "422542"], ["422539", "422548"], ["422539", "422549"], ["422549", "422547"], ["422549", "422550"], ["422549", "422542"], ["422548", "422542"], ["422547", "422551"], ["422543", "422550"], ["422537", "422542"]], "to_the_left_of": [["422542", "422548"], ["422542", "422549"], ["422542", "422537"], ["422542", "422539"], ["422550", "422549"], ["422550", "422543"], ["422551", "422542"], ["422551", "422538"], ["422551", "422547"], ["422549", "422539"], ["422548", "422539"], ["422547", "422538"], ["422547", "422549"]]}}