{"sorts": ["object", "label"], "predicates": {"WEARING": ["object", "object"], "white": ["object"], "gray": ["object"], "black": ["object"], "striped": ["object"], "grey": ["object"], "has_label": ["object", "label"], "has": ["object", "object"], "sitting on": ["object", "object"], "on top of": ["object", "object"], "silver": ["object"], "open": ["object"], "laying on": ["object", "object"]}, "interpretation": {"WEARING": [["531052_2_74", "531053_233_156"], ["531052_2_74", "531053_233_156"]], "white": [["531053_233_156"], ["531055_282_221"]], "gray": [["531052_2_74"], ["531056_1_4"], ["531054_230_2"]], "black": [["531052_2_74"]], "striped": [["531052_2_74"]], "grey": [["531052_2_74"]], "has_label": [["531052_2_74", "cat"], ["531053_233_156", "collar"], ["531055_282_221", "paw"], ["531056_1_4", "carpet"], ["531054_230_2", "laptop"], ["531061_332_5", "screen"]], "has": [["531052_2_74", "531055_282_221"], ["531054_230_2", "531061_332_5"]], "sitting on": [["531052_2_74", "531056_1_4"]], "on top of": [["531052_2_74", "531054_230_2"]], "silver": [["531054_230_2"]], "open": [["531054_230_2"]], "laying on": [["531052_2_74", "531054_230_2"], ["531054_230_2", "531056_1_4"], ["531052_2_74", "531056_1_4"], ["531052_2_74", "531054_230_2"], ["531052_2_74", "531056_1_4"]]}, "elements": {"object": ["531056_1_4", "531053_233_156", "531061_332_5", "531052_2_74", "531055_282_221", "531054_230_2"], "label": ["screen", "collar", "cat", "paw", "laptop", "carpet"]}, "image": {"id": 2383661, "url": "https://cs.stanford.edu/people/rak248/VG_100K_2/2383661.jpg", "width": 500, "height": 290, "coco_id": null, "flickr_id": 1171913866}}