{"sorts": ["object", "label"], "predicates": {"near": ["object", "object"], "red": ["object"], "close": ["object"], "wide": ["object"], "long": ["object"], "shiny": ["object"], "standing": ["object"], "has_label": ["object", "label"], "by": ["object", "object"], "on side": ["object", "object"], "ON": ["object", "object"], "under": ["object", "object"], "says": ["object", "object"]}, "interpretation": {"near": [["1230610_13_168", "3825967_79_60"]], "red": [["3825967_79_60"]], "close": [["3825967_79_60"], ["1230610_13_168"], ["1230613_0_2"]], "wide": [["3825967_79_60"]], "long": [["3825967_79_60"]], "shiny": [["3825967_79_60"]], "standing": [["1230610_13_168"]], "has_label": [["1230610_13_168", "man"], ["3825967_79_60", "train"], ["1230612_40_3", "sky"], ["1230613_0_2", "trees"], ["3825961_82_110", "passenger windows"], ["3825960_74_57", "trolley"], ["3825962_444_92", "front window"], ["3825963_72_49", "trolley"], ["3825965_48_166", "tracks"], ["3825966_351_155", "numbers"], ["3825970_82_68", "bus"], ["3825971_361_151", "1030"]], "by": [["1230612_40_3", "1230613_0_2"]], "on side": [["3825961_82_110", "3825960_74_57"]], "ON": [["3825962_444_92", "3825963_72_49"], ["3825967_79_60", "3825965_48_166"], ["3825966_351_155", "3825967_79_60"]], "under": [["1230610_13_168", "1230613_0_2"]], "says": [["3825970_82_68", "3825971_361_151"]]}, "elements": {"object": ["3825970_82_68", "3825971_361_151", "1230612_40_3", "3825961_82_110", "3825963_72_49", "3825965_48_166", "1230610_13_168", "3825966_351_155", "1230613_0_2", "3825967_79_60", "3825962_444_92", "3825960_74_57"], "label": ["trolley", "trees", "sky", "tracks", "man", "passenger windows", "numbers", "1030", "front window", "bus", "train"]}, "image": {"id": 2392395, "url": "https://cs.stanford.edu/people/rak248/VG_100K_2/2392395.jpg", "width": 500, "height": 334, "coco_id": null, "flickr_id": 9399833717}}