{"sorts": ["object", "label"], "predicates": {"ON": ["object", "object"], "green": ["object"], "grazing": ["object"], "large": ["object"], "black": ["object"], "white": ["object"], "standing": ["object"], "outdoors": ["object"], "adult": ["object"], "older": ["object"], "mother": ["object"], "has_label": ["object", "label"], "small": ["object"], "younger": ["object"], "baby": ["object"], "brown": ["object"], "has": ["object", "object"], "for": ["object", "object"], "IN": ["object", "object"], "eating": ["object", "object"], "standing next to": ["object", "object"], "part of": ["object", "object"], "dark wood": ["object"], "wooden": ["object"], "marking": ["object", "object"], "shows": ["object", "object"], "grassy": ["object"], "short": ["object"], "end at": ["object", "object"], "solid": ["object"], "behind": ["object", "object"], "standing in": ["object", "object"], "are behind": ["object", "object"], "laying": ["object", "object"], "are among": ["object", "object"], "bare": ["object"], "leafless": ["object"], "in front of": ["object", "object"], "have": ["object", "object"], "solid black": ["object"], "laying in": ["object", "object"]}, "interpretation": {"ON": [["341790_167_39", "341792_2_276"], ["341791_17_90", "341792_2_276"], ["341790_167_39", "341792_2_276"], ["341791_17_90", "341792_2_276"]], "green": [["341792_2_276"], ["341793_0_3"]], "grazing": [["341790_167_39"], ["341791_17_90"]], "large": [["341790_167_39"]], "black": [["341790_167_39"], ["341791_17_90"]], "white": [["341790_167_39"], ["341791_17_90"], ["341824_33_71"], ["341828_164_70"]], "standing": [["341790_167_39"], ["341791_17_90"]], "outdoors": [["341790_167_39"], ["341791_17_90"]], "adult": [["341790_167_39"]], "older": [["341790_167_39"]], "mother": [["341790_167_39"]], "has_label": [["341790_167_39", "zebra"], ["341792_2_276", "grass"], ["341791_17_90", "zebra"], ["341794_249_48", "stripes"], ["341795_42_105", "stripes"], ["341796_2_0", "fence"], ["341797_16_40", "animals"], ["341798_3_1", "animal enclosure"], ["341799_292_0", "post"], ["341800_1_27", "wire"], ["341801_394_299", "stick"], ["341804_3_147", "this is not the wild"], ["341805_9_112", "tail"], ["341806_295_132", "stomach"], ["341807_72_148", "stomach"], ["341809_211_40", "stripe"], ["341817_159_110", "neck"], ["341818_200_94", "head"], ["341793_0_3", "trees"], ["341821_313_252", "rock"], ["341820_390_1", "branches"], ["341822_444_1", "trees"], ["341823_1_1", "plants"], ["341827_1_72", "plants"], ["341824_33_71", "flowers"], ["341828_164_70", "tail"], ["341829_43_269", "hoof"], ["341814_34_269", "hoof"], ["341815_133_269", "hoof"], ["341816_149_270", "hoof"]], "small": [["341791_17_90"], ["341821_313_252"]], "younger": [["341791_17_90"]], "baby": [["341791_17_90"]], "brown": [["341791_17_90"], ["341796_2_0"]], "has": [["341790_167_39", "341794_249_48"], ["341791_17_90", "341795_42_105"], ["341791_17_90", "341805_9_112"], ["341790_167_39", "341806_295_132"], ["341791_17_90", "341807_72_148"], ["341790_167_39", "341809_211_40"], ["341791_17_90", "341817_159_110"], ["341791_17_90", "341818_200_94"], ["341798_3_1", "341799_292_0"], ["341790_167_39", "341806_295_132"], ["341791_17_90", "341807_72_148"], ["341791_17_90", "341829_43_269"], ["341791_17_90", "341814_34_269"], ["341791_17_90", "341815_133_269"], ["341791_17_90", "341816_149_270"]], "for": [["341796_2_0", "341797_16_40"]], "IN": [["341792_2_276", "341798_3_1"], ["341801_394_299", "341792_2_276"], ["341821_313_252", "341792_2_276"]], "eating": [["341790_167_39", "341792_2_276"], ["341790_167_39", "341792_2_276"], ["341790_167_39", "341792_2_276"]], "standing next to": [["341791_17_90", "341790_167_39"]], "part of": [["341799_292_0", "341798_3_1"], ["341799_292_0", "341796_2_0"]], "dark wood": [["341799_292_0"]], "wooden": [["341799_292_0"]], "marking": [["341800_1_27", "341796_2_0"]], "shows": [["341796_2_0", "341804_3_147"]], "grassy": [["341804_3_147"]], "short": [["341805_9_112"]], "end at": [["341794_249_48", "341806_295_132"], ["341795_42_105", "341807_72_148"]], "solid": [["341809_211_40"]], "behind": [["341791_17_90", "341790_167_39"], ["341798_3_1", "341790_167_39"], ["341798_3_1", "341791_17_90"], ["341791_17_90", "341790_167_39"]], "standing in": [["341790_167_39", "341804_3_147"]], "are behind": [["341793_0_3", "341798_3_1"]], "laying": [["341801_394_299", "341804_3_147"]], "are among": [["341820_390_1", "341822_444_1"]], "bare": [["341820_390_1"]], "leafless": [["341820_390_1"]], "in front of": [["341796_2_0", "341823_1_1"], ["341828_164_70", "341791_17_90"]], "have": [["341827_1_72", "341824_33_71"]], "solid black": [["341814_34_269"], ["341815_133_269"], ["341816_149_270"]], "laying in": [["341801_394_299", "341792_2_276"]]}, "elements": {"object": ["341799_292_0", "341804_3_147", "341805_9_112", "341800_1_27", "341791_17_90", "341817_159_110", "341806_295_132", "341820_390_1", "341815_133_269", "341828_164_70", "341818_200_94", "341827_1_72", "341792_2_276", "341797_16_40", "341824_33_71", "341822_444_1", "341823_1_1", "341796_2_0", "341807_72_148", "341814_34_269", "341816_149_270", "341798_3_1", "341801_394_299", "341829_43_269", "341809_211_40", "341790_167_39", "341821_313_252", "341793_0_3", "341795_42_105", "341794_249_48"], "label": ["wire", "flowers", "stripe", "tail", "animal enclosure", "this is not the wild", "trees", "stick", "rock", "stomach", "post", "fence", "hoof", "zebra", "animals", "stripes", "head", "plants", "neck", "grass", "branches"]}, "image": {"id": 2404506, "url": "https://cs.stanford.edu/people/rak248/VG_100K_2/2404506.jpg", "width": 500, "height": 333, "coco_id": 290833, "flickr_id": 169854910}}