{"sorts": ["object", "label"], "predicates": {"has": ["object", "object"], "small": ["object"], "white": ["object"], "burned": ["object"], "burnt": ["object"], "pizza": ["object"], "spicy": ["object"], "big": ["object"], "flat": ["object"], "plate": ["object"], "gourmet": ["object"], "has_label": ["object", "label"], "ON": ["object", "object"]}, "interpretation": {"has": [["475439_65_26", "475441_221_87"]], "small": [["475439_65_26"]], "white": [["475439_65_26"]], "burned": [["475439_65_26"]], "burnt": [["475439_65_26"]], "pizza": [["475439_65_26"]], "spicy": [["475439_65_26"]], "big": [["475439_65_26"]], "flat": [["475439_65_26"]], "plate": [["475439_65_26"]], "gourmet": [["475439_65_26"]], "has_label": [["475439_65_26", "pizza"], ["475441_221_87", "chives"], ["475445_242_39", "greens"]], "ON": [["475445_242_39", "475439_65_26"]]}, "elements": {"object": ["475439_65_26", "475445_242_39", "475441_221_87"], "label": ["chives", "pizza", "greens"]}, "image": {"id": 2393030, "url": "https://cs.stanford.edu/people/rak248/VG_100K_2/2393030.jpg", "width": 500, "height": 360, "coco_id": 501600, "flickr_id": 5072207226}}