{"sorts": ["object", "label"], "predicates": {"ON": ["object", "object"], "white": ["object"], "rectangular": ["object"], "square": ["object"], "glass": ["object"], "unusual": ["object"], "very thick": ["object"], "has_label": ["object", "label"], "with wooden": ["object", "object"], "are in": ["object", "object"], "jalapeno": ["object"], "sliced": ["object"], "sliced on top": ["object"], "with a": ["object", "object"], "has": ["object", "object"], "uncut": ["object"], "beer": ["object"], "checkered": ["object"], "red": ["object"], "to left of": ["object", "object"], "on top of": ["object", "object"]}, "interpretation": {"ON": [["1154437_41_136", "1154438_2_121"], ["1154439_0_290", "1154438_2_121"], ["1154443_252_139", "1154437_41_136"], ["1154444_200_0", "1154450_1_1"], ["1154444_200_0", "1154447_1_0"], ["1154438_2_121", "1154450_1_1"], ["1154437_41_136", "1154438_2_121"], ["1154438_2_121", "1154447_1_0"], ["1154439_0_290", "1154438_2_121"]], "white": [["1154438_2_121"], ["1154447_1_0"], ["1154446_2_450"]], "rectangular": [["1154438_2_121"]], "square": [["1154438_2_121"]], "glass": [["1154438_2_121"]], "unusual": [["1154437_41_136"]], "very thick": [["1154437_41_136"]], "has_label": [["1154437_41_136", "sandwich"], ["1154438_2_121", "plate"], ["1154439_0_290", "knife"], ["1154440_16_409", "handle"], ["1154443_252_139", "peppers"], ["1154449_71_167", "meat"], ["1154444_200_0", "bottle"], ["1154450_1_1", "table"], ["1154447_1_0", "table cloth"], ["1154446_2_450", "napkin"]], "with wooden": [["1154439_0_290", "1154440_16_409"]], "are in": [["1154443_252_139", "1154437_41_136"]], "jalapeno": [["1154443_252_139"]], "sliced": [["1154443_252_139"]], "sliced on top": [["1154443_252_139"]], "with a": [["1154438_2_121", "1154437_41_136"], ["1154438_2_121", "1154437_41_136"]], "has": [["1154437_41_136", "1154449_71_167"]], "uncut": [["1154449_71_167"]], "beer": [["1154444_200_0"]], "checkered": [["1154447_1_0"]], "red": [["1154447_1_0"]], "to left of": [["1154439_0_290", "1154437_41_136"]], "on top of": [["1154439_0_290", "1154446_2_450"]]}, "elements": {"object": ["1154443_252_139", "1154444_200_0", "1154439_0_290", "1154446_2_450", "1154450_1_1", "1154438_2_121", "1154449_71_167", "1154437_41_136", "1154447_1_0", "1154440_16_409"], "label": ["bottle", "plate", "napkin", "knife", "peppers", "meat", "handle", "sandwich", "table cloth", "table"]}, "image": {"id": 2400843, "url": "https://cs.stanford.edu/people/rak248/VG_100K_2/2400843.jpg", "width": 500, "height": 500, "coco_id": 199671, "flickr_id": 5632179280}}