{"sorts": ["object", "label"], "predicates": {"has_label": ["object", "label"], "blue": ["object"], "brown": ["object"], "white": ["object"], "silver": ["object"], "on": ["object"], "wood": ["object"], "open": ["object"], "green": ["object"], "to_the_right_of": ["object", "object"], "to_the_left_of": ["object", "object"]}, "elements": {"object": ["3974213", "4059012", "3974222", "3974230", "4058959", "4058966", "4058939", "4059000", "4352736", "4058916", "3974220", "3974248"], "label": ["cell_phone", "table", "symbol", "logo", "table", "letters", "picture", "microphone", "cell_phone", "cell_phone", "symbol", "screen"]}, "interpretation": {"has_label": [["3974213", "cell_phone"], ["4059012", "table"], ["3974222", "symbol"], ["3974230", "logo"], ["4058959", "table"], ["4058966", "letters"], ["4058939", "picture"], ["4059000", "microphone"], ["4352736", "cell_phone"], ["4058916", "cell_phone"], ["3974220", "symbol"], ["3974248", "screen"]], "blue": [["3974230"]], "brown": [["4058959"]], "white": [["4058966"]], "silver": [["3974213"]], "on": [["3974213"]], "wood": [["4058959"]], "open": [["4058916"]], "green": [["3974222"]], "to_the_right_of": [["3974222", "3974220"], ["4058939", "4059012"], ["4352736", "4059012"]], "to_the_left_of": [["4059012", "4352736"], ["4059012", "4058939"], ["3974220", "3974222"]]}}