{"sorts": ["object", "label"], "predicates": {"has_label": ["object", "label"], "shiny": ["object"], "orange": ["object"], "blue": ["object"], "brown": ["object"], "white": ["object"], "old": ["object"], "wood": ["object"], "open": ["object"], "tan": ["object"], "wireless": ["object"], "below": ["object", "object"], "under": ["object", "object"], "to_the_right_of": ["object", "object"], "to_the_left_of": ["object", "object"], "on": ["object", "object"], "above": ["object", "object"]}, "elements": {"object": ["199021", "199030", "199022", "199019", "199034", "199035", "199014", "199015", "199016", "199026", "199011", "199012", "199024"], "label": ["sticker", "words", "paper", "picture", "person", "floor", "antenna", "sheet", "wall", "words", "cell_phone", "notebook", "man"]}, "interpretation": {"has_label": [["199021", "sticker"], ["199030", "words"], ["199022", "paper"], ["199019", "picture"], ["199034", "person"], ["199035", "floor"], ["199014", "antenna"], ["199015", "sheet"], ["199016", "wall"], ["199026", "words"], ["199011", "cell_phone"], ["199012", "notebook"], ["199024", "man"]], "shiny": [["199011"]], "orange": [["199012"]], "blue": [["199011"]], "brown": [["199035"]], "white": [["199030"], ["199022"], ["199015"]], "old": [["199011"]], "wood": [["199035"]], "open": [["199012"]], "tan": [["199016"]], "wireless": [["199011"]], "below": [["199015", "199012"]], "under": [["199021", "199012"], ["199022", "199012"], ["199015", "199012"], ["199012", "199011"]], "to_the_right_of": [["199021", "199030"], ["199021", "199011"], ["199035", "199012"], ["199014", "199011"], ["199012", "199022"], ["199012", "199015"], ["199024", "199012"], ["199024", "199011"]], "to_the_left_of": [["199030", "199021"], ["199022", "199012"], ["199015", "199012"], ["199011", "199024"], ["199011", "199014"], ["199011", "199021"], ["199012", "199035"], ["199012", "199024"]], "on": [["199011", "199012"]], "above": [["199011", "199012"], ["199012", "199022"], ["199012", "199021"], ["199012", "199015"]]}}