{"sorts": ["object", "label"], "predicates": {"has_label": ["object", "label"], "blue": ["object"], "small": ["object"], "white": ["object"], "open": ["object"], "large": ["object"], "green": ["object"], "full_of": ["object", "object"], "to_the_left_of": ["object", "object"], "to_the_right_of": ["object", "object"]}, "elements": {"object": ["1591818", "1591819", "1591814", "1591815", "1591823", "1591810", "1591821", "1591825", "1591835", "1591832"], "label": ["ship", "ship", "sky", "clouds", "sand", "chair", "hill", "sand", "umbrella", "water"]}, "interpretation": {"has_label": [["1591818", "ship"], ["1591819", "ship"], ["1591814", "sky"], ["1591815", "clouds"], ["1591823", "sand"], ["1591810", "chair"], ["1591821", "hill"], ["1591825", "sand"], ["1591835", "umbrella"], ["1591832", "water"]], "blue": [["1591814"], ["1591832"]], "small": [["1591821"]], "white": [["1591819"], ["1591823"]], "open": [["1591835"]], "large": [["1591818"], ["1591819"], ["1591835"]], "green": [["1591821"]], "full_of": [["1591814", "1591815"]], "to_the_left_of": [["1591835", "1591810"]], "to_the_right_of": [["1591810", "1591835"]]}}