{"sorts": ["object", "label"], "predicates": {"has_label": ["object", "label"], "clear": ["object"], "blue": ["object"], "white": ["object"], "red": ["object"], "standing": ["object"], "large": ["object"], "green": ["object"], "on": ["object", "object"], "to_the_right_of": ["object", "object"], "in": ["object", "object"], "to_the_left_of": ["object", "object"]}, "elements": {"object": ["513203", "513202", "513201", "513200", "513193", "513192", "513197", "513196", "513195", "513199", "513198"], "label": ["beach", "people", "fence", "air", "sign", "kite", "tent", "shirt", "hat", "sand", "sky"]}, "interpretation": {"has_label": [["513203", "beach"], ["513202", "people"], ["513201", "fence"], ["513200", "air"], ["513193", "sign"], ["513192", "kite"], ["513197", "tent"], ["513196", "shirt"], ["513195", "hat"], ["513199", "sand"], ["513198", "sky"]], "clear": [["513198"]], "blue": [["513198"]], "white": [["513195"], ["513199"]], "red": [["513196"]], "standing": [["513202"]], "large": [["513192"]], "green": [["513193"], ["513192"], ["513197"]], "on": [["513202", "513203"], ["513193", "513201"], ["513199", "513203"]], "to_the_right_of": [["513193", "513197"], ["513192", "513200"], ["513198", "513192"]], "in": [["513192", "513200"]], "to_the_left_of": [["513200", "513192"], ["513192", "513198"], ["513197", "513193"]]}}