{"sorts": ["object", "label"], "predicates": {"has_label": ["object", "label"], "striped": ["object"], "white": ["object"], "in": ["object", "object"], "to_the_right_of": ["object", "object"], "walking_on": ["object", "object"], "to_the_left_of": ["object", "object"], "on": ["object", "object"], "walking_in": ["object", "object"], "by": ["object", "object"], "running_in": ["object", "object"], "near": ["object", "object"]}, "elements": {"object": ["349373", "349370", "349371", "349376", "349378", "349374", "349387", "349386", "349385", "349383", "349382", "349381", "349380"], "label": ["tail", "zebra", "sand", "leg", "stick", "rocks", "mouth", "hillside", "head", "leg", "nose", "mane", "ear"]}, "interpretation": {"has_label": [["349373", "tail"], ["349370", "zebra"], ["349371", "sand"], ["349376", "leg"], ["349378", "stick"], ["349374", "rocks"], ["349387", "mouth"], ["349386", "hillside"], ["349385", "head"], ["349383", "leg"], ["349382", "nose"], ["349381", "mane"], ["349380", "ear"]], "striped": [["349370"]], "white": [["349371"]], "in": [["349370", "349371"]], "to_the_right_of": [["349373", "349382"], ["349373", "349385"], ["349373", "349387"], ["349376", "349387"], ["349383", "349376"]], "walking_on": [["349370", "349371"]], "to_the_left_of": [["349376", "349383"], ["349387", "349373"], ["349387", "349376"], ["349385", "349373"], ["349382", "349373"]], "on": [["349370", "349371"]], "walking_in": [["349370", "349371"]], "by": [["349371", "349386"]], "running_in": [["349370", "349371"]], "near": [["349371", "349374"], ["349374", "349371"]]}}