{"sorts": ["object", "label"], "predicates": {"has_label": ["object", "label"], "white": ["object"], "painted": ["object"], "driving": ["object"], "tall": ["object"], "fluffy": ["object"], "lined": ["object"], "green": ["object"], "empty": ["object"], "on_the_side_of": ["object", "object"], "to_the_right_of": ["object", "object"], "to_the_left_of": ["object", "object"], "driving_on": ["object", "object"], "above": ["object", "object"]}, "elements": {"object": ["1067666", "1067660", "1067650", "1067651", "1067652", "1067653", "1067654", "1067655", "1067672", "1067665", "1067664", "1067670", "1067671", "1067661", "1067667", "1067663", "1067662"], "label": ["cloud", "trees", "paint", "paint", "paint", "paint", "paint", "road", "sign", "cloud", "cloud", "sign", "sign", "bridge", "vehicle", "cloud", "clouds"]}, "interpretation": {"has_label": [["1067666", "cloud"], ["1067660", "trees"], ["1067650", "paint"], ["1067651", "paint"], ["1067652", "paint"], ["1067653", "paint"], ["1067654", "paint"], ["1067655", "road"], ["1067672", "sign"], ["1067665", "cloud"], ["1067664", "cloud"], ["1067670", "sign"], ["1067671", "sign"], ["1067661", "bridge"], ["1067667", "vehicle"], ["1067663", "cloud"], ["1067662", "clouds"]], "white": [["1067666"], ["1067650"], ["1067651"], ["1067652"], ["1067653"], ["1067654"], ["1067665"], ["1067664"], ["1067667"], ["1067663"], ["1067662"]], "painted": [["1067655"]], "driving": [["1067667"]], "tall": [["1067660"]], "fluffy": [["1067666"], ["1067665"], ["1067664"], ["1067663"], ["1067662"]], "lined": [["1067655"]], "green": [["1067660"], ["1067661"]], "empty": [["1067655"]], "on_the_side_of": [["1067672", "1067655"], ["1067670", "1067655"], ["1067671", "1067655"]], "to_the_right_of": [["1067660", "1067665"], ["1067660", "1067661"], ["1067660", "1067667"], ["1067660", "1067662"], ["1067660", "1067663"], ["1067660", "1067672"], ["1067660", "1067654"], ["1067660", "1067671"], ["1067660", "1067670"], ["1067651", "1067650"], ["1067653", "1067652"], ["1067672", "1067670"], ["1067672", "1067671"], ["1067671", "1067670"]], "to_the_left_of": [["1067650", "1067651"], ["1067652", "1067653"], ["1067654", "1067660"], ["1067672", "1067660"], ["1067665", "1067660"], ["1067670", "1067671"], ["1067670", "1067660"], ["1067670", "1067672"], ["1067671", "1067660"], ["1067671", "1067672"], ["1067661", "1067660"], ["1067667", "1067660"], ["1067663", "1067660"], ["1067662", "1067660"]], "driving_on": [["1067667", "1067661"]], "above": [["1067661", "1067655"]]}}