{"sorts": ["object", "label"], "predicates": {"has_label": ["object", "label"], "flying": ["object"], "colorful": ["object"], "brown": ["object"], "yellow": ["object"], "red": ["object"], "up": ["object"], "pink": ["object"], "green": ["object"], "blurry": ["object"], "below": ["object", "object"], "in": ["object", "object"], "to_the_right_of": ["object", "object"], "to_the_left_of": ["object", "object"], "above": ["object", "object"]}, "elements": {"object": ["748807", "748806", "748805", "748804", "748803", "748802", "748809", "748810", "748811", "748812", "748813"], "label": ["thumb", "trees", "kite", "kite", "kite", "kite", "sky", "leaves", "building", "branch", "arm"]}, "interpretation": {"has_label": [["748807", "thumb"], ["748806", "trees"], ["748805", "kite"], ["748804", "kite"], ["748803", "kite"], ["748802", "kite"], ["748809", "sky"], ["748810", "leaves"], ["748811", "building"], ["748812", "branch"], ["748813", "arm"]], "flying": [["748805"], ["748804"], ["748803"], ["748802"]], "colorful": [["748802"]], "brown": [["748812"]], "yellow": [["748805"]], "red": [["748803"]], "up": [["748807"], ["748813"]], "pink": [["748804"]], "green": [["748806"], ["748810"]], "blurry": [["748802"]], "below": [["748806", "748809"]], "in": [["748802", "748809"]], "to_the_right_of": [["748805", "748807"], ["748810", "748813"], ["748810", "748806"], ["748811", "748806"], ["748811", "748813"]], "to_the_left_of": [["748807", "748805"], ["748806", "748810"], ["748806", "748811"], ["748813", "748811"], ["748813", "748810"]], "above": [["748802", "748811"], ["748809", "748811"]]}}