{"sorts": ["object", "label"], "predicates": {"ON": ["object", "object"], "green": ["object"], "large": ["object"], "has_label": ["object", "label"], "OF": ["object", "object"], "brown": ["object"], "rusty": ["object"], "number": ["object", "object"], "yellow": ["object"], "blue": ["object"], "has": ["object", "object"], "turned on": ["object"], "below": ["object", "object"], "beside": ["object", "object"], "by": ["object", "object"], "electrical": ["object"], "gray": ["object"], "front of": ["object", "object"], "part": ["object"], "on side": ["object", "object"], "on front of": ["object", "object"], "between": ["object", "object"], "cemented": ["object"], "for": ["object", "object"], "in on top of": ["object", "object"], "traveling on": ["object", "object"], "next to": ["object", "object"]}, "interpretation": {"ON": [["607137_296_0", "607138_310_2"], ["607140_4_14", "607142_91_264"], ["607140_4_14", "607142_91_264"], ["607149_51_56", "607140_4_14"], ["607153_8_207", "607140_4_14"], ["607145_122_141", "607154_101_15"], ["607155_0_250", "3860614_269_148"], ["607139_278_117", "607156_380_1"], ["607157_132_65", "607140_4_14"], ["607158_171_54", "607154_101_15"]], "green": [["607137_296_0"]], "large": [["607137_296_0"]], "has_label": [["607137_296_0", "tree"], ["607138_310_2", "right"], ["607141_1_1", "scene"], ["607142_91_264", "track"], ["607140_4_14", "train"], ["607146_228_166", "58719"], ["607145_122_141", "headlight"], ["607143_337_135", "box"], ["607147_120_70", "window"], ["607139_278_117", "fence"], ["607148_133_62", "wiper"], ["607149_51_56", "door"], ["607150_229_52", "winshield"], ["607151_309_134", "piece"], ["3860612_2_225", "wood"], ["3860613_179_270", "tracks"], ["607153_8_207", "wheels"], ["607154_101_15", "front car"], ["607155_0_250", "platform"], ["3860614_269_148", "side"], ["607156_380_1", "right side"], ["607144_243_0", "pole"], ["607157_132_65", "wipers"], ["607158_171_54", "emergency exit"]], "OF": [["607141_1_1", "607142_91_264"], ["607142_91_264", "607140_4_14"], ["607151_309_134", "3860612_2_225"]], "brown": [["607142_91_264"]], "rusty": [["607142_91_264"]], "number": [["607140_4_14", "607146_228_166"]], "yellow": [["607140_4_14"], ["607154_101_15"]], "blue": [["607140_4_14"]], "has": [["607140_4_14", "607145_122_141"], ["607140_4_14", "607148_133_62"]], "turned on": [["607145_122_141"]], "below": [["607142_91_264", "607140_4_14"], ["607142_91_264", "607140_4_14"]], "beside": [["607137_296_0", "607140_4_14"], ["607137_296_0", "607142_91_264"]], "by": [["607143_337_135", "607142_91_264"], ["607139_278_117", "607142_91_264"]], "electrical": [["607143_337_135"]], "gray": [["607143_337_135"], ["607139_278_117"], ["607149_51_56"], ["607144_243_0"]], "front of": [["607147_120_70", "607140_4_14"]], "part": [["607139_278_117"]], "on side": [["607149_51_56", "607140_4_14"]], "on front of": [["607150_229_52", "607140_4_14"]], "between": [["607142_91_264", "3860613_179_270"]], "cemented": [["607155_0_250"]], "for": [["607143_337_135", "607144_243_0"]], "in on top of": [["607140_4_14", "607142_91_264"]], "traveling on": [["607140_4_14", "607142_91_264"]], "next to": [["607155_0_250", "607140_4_14"]]}, "elements": {"object": ["607153_8_207", "607157_132_65", "607158_171_54", "607142_91_264", "607145_122_141", "607138_310_2", "607155_0_250", "607147_120_70", "607143_337_135", "607149_51_56", "3860612_2_225", "607151_309_134", "607141_1_1", "607137_296_0", "607140_4_14", "607139_278_117", "607156_380_1", "607150_229_52", "3860614_269_148", "607146_228_166", "607148_133_62", "607154_101_15", "3860613_179_270", "607144_243_0"], "label": ["headlight", "wood", "wheels", "emergency exit", "right", "track", "right side", "piece", "train", "wipers", "58719", "fence", "window", "platform", "tracks", "winshield", "front car", "side", "box", "tree", "wiper", "door", "scene", "pole"]}, "image": {"id": 2370011, "url": "https://cs.stanford.edu/people/rak248/VG_100K/2370011.jpg", "width": 500, "height": 333, "coco_id": 119345, "flickr_id": 9548288163}}