{"sorts": ["object", "label"], "predicates": {"ON": ["object", "object"], "has_label": ["object", "label"], "across": ["object", "object"], "down": ["object", "object"], "IN": ["object", "object"], "behind": ["object", "object"], "next to": ["object", "object"], "with": ["object", "object"]}, "interpretation": {"ON": [["2555126_245_180", "2555127_2_211"], ["1715215_3_244", "1715216_55_236"]], "has_label": [["2555126_245_180", "train"], ["2555127_2_211", "rail track"], ["1845256_131_317", "thin chain"], ["1845257_91_237", "grassy area"], ["2503941_249_182", "train"], ["2255796_3_214", "tracks"], ["2255797_242_177", "train"], ["2408826_194_210", "wall"], ["2408827_4_221", "train tracks"], ["1689301_72_218", "patches"], ["1689303_299_238", "sidewalk"], ["2087729_263_154", "tree"], ["2087730_308_160", "red flowers"], ["2182962_237_240", "stone"], ["2182963_188_313", "chain"], ["1715215_3_244", "grass"], ["1715216_55_236", "tracks"]], "across": [["1845256_131_317", "1845257_91_237"]], "down": [["2503941_249_182", "2255796_3_214"]], "IN": [["2255797_242_177", "2255796_3_214"]], "behind": [["2408826_194_210", "2408827_4_221"]], "next to": [["1689301_72_218", "1689303_299_238"]], "with": [["2087729_263_154", "2087730_308_160"], ["2182962_237_240", "2182963_188_313"]]}, "elements": {"object": ["1845256_131_317", "2182963_188_313", "2087729_263_154", "1715216_55_236", "2408826_194_210", "2555126_245_180", "2408827_4_221", "2503941_249_182", "2255797_242_177", "1689301_72_218", "1689303_299_238", "2087730_308_160", "1715215_3_244", "2255796_3_214", "2555127_2_211", "1845257_91_237", "2182962_237_240"], "label": ["sidewalk", "tree", "patches", "grassy area", "tracks", "grass", "wall", "red flowers", "chain", "train tracks", "stone", "rail track", "train", "thin chain"]}, "image": {"id": 2376810, "url": "https://cs.stanford.edu/people/rak248/VG_100K/2376810.jpg", "width": 500, "height": 375, "coco_id": 470840, "flickr_id": 209730919}}