{"sorts": ["object", "label"], "predicates": {"has_label": ["object", "label"], "fluffy": ["object"], "gray": ["object"], "blue": ["object"], "black": ["object"], "white": ["object"], "dark": ["object"], "bare": ["object"], "sparse": ["object"], "long": ["object"], "heavy": ["object"], "of": ["object", "object"], "to_the_right_of": ["object", "object"], "covered_by": ["object", "object"], "to_the_left_of": ["object", "object"], "covering": ["object", "object"], "with": ["object", "object"]}, "elements": {"object": ["2665712", "2365646", "2665711", "1796845", "2675106", "2491962", "1689946", "1774275", "2051273", "3684279", "3684281", "1916686", "2491963", "2491959", "2388900", "2449927", "2491961", "2491960", "2274533", "2115566"], "label": ["clouds", "cap", "clouds", "beard", "sky", "tree", "sweater", "trees", "floor", "skateboard", "clouds", "face", "tree", "tree", "fence", "jeans", "tree", "tree", "guy", "clouds"]}, "interpretation": {"has_label": [["2665712", "clouds"], ["2365646", "cap"], ["2665711", "clouds"], ["1796845", "beard"], ["2675106", "sky"], ["2491962", "tree"], ["1689946", "sweater"], ["1774275", "trees"], ["2051273", "floor"], ["3684279", "skateboard"], ["3684281", "clouds"], ["1916686", "face"], ["2491963", "tree"], ["2491959", "tree"], ["2388900", "fence"], ["2449927", "jeans"], ["2491961", "tree"], ["2491960", "tree"], ["2274533", "guy"], ["2115566", "clouds"]], "fluffy": [["3684281"]], "gray": [["2115566"]], "blue": [["2675106"]], "black": [["1689946"], ["2388900"]], "white": [["2665712"], ["2665711"]], "dark": [["1796845"]], "bare": [["2491962"], ["2491963"], ["2491959"], ["2491961"], ["2491960"]], "sparse": [["1774275"]], "long": [["1689946"]], "heavy": [["2115566"]], "of": [["1916686", "2274533"]], "to_the_right_of": [["2491962", "2491963"], ["2491962", "2491960"], ["2491962", "2491959"], ["2491962", "2491961"], ["1689946", "3684279"], ["2491963", "1774275"], ["2491959", "2491961"], ["2491959", "2491960"], ["2491959", "2491963"], ["2449927", "3684279"], ["2491961", "1774275"], ["2491961", "2491963"], ["2491960", "2491961"], ["2491960", "2491963"], ["2115566", "2274533"], ["2115566", "1689946"], ["2115566", "2449927"]], "covered_by": [["2675106", "3684281"]], "to_the_left_of": [["1689946", "2115566"], ["1774275", "2491963"], ["1774275", "2491961"], ["3684279", "1689946"], ["3684279", "2449927"], ["2491963", "2491962"], ["2491963", "2491960"], ["2491963", "2491959"], ["2491963", "2491961"], ["2491959", "2491962"], ["2449927", "2115566"], ["2491961", "2491960"], ["2491961", "2491959"], ["2491961", "2491962"], ["2491960", "2491962"], ["2491960", "2491959"], ["2274533", "2115566"]], "covering": [["3684281", "2675106"]], "with": [["2274533", "1796845"]]}}