{"sorts": ["object", "label"], "predicates": {"has_label": ["object", "label"], "skiing": ["object"], "shining": ["object"], "blue": ["object"], "black": ["object"], "white": ["object"], "of": ["object", "object"], "to_the_right_of": ["object", "object"], "to_the_left_of": ["object", "object"], "on": ["object", "object"], "wearing": ["object", "object"]}, "elements": {"object": ["968449", "968448", "968443", "968447", "968441", "968450", "968446", "968445", "968444", "968438", "968439", "968436", "968437", "968434"], "label": ["foot", "foot", "snow", "leg", "sun", "goggles", "leg", "head", "sky", "shoes", "skis", "coat", "pants", "man"]}, "interpretation": {"has_label": [["968449", "foot"], ["968448", "foot"], ["968443", "snow"], ["968447", "leg"], ["968441", "sun"], ["968450", "goggles"], ["968446", "leg"], ["968445", "head"], ["968444", "sky"], ["968438", "shoes"], ["968439", "skis"], ["968436", "coat"], ["968437", "pants"], ["968434", "man"]], "skiing": [["968434"]], "shining": [["968441"]], "blue": [["968444"]], "black": [["968439"]], "white": [["968443"]], "of": [["968449", "968434"], ["968448", "968434"], ["968447", "968434"], ["968450", "968434"], ["968446", "968434"], ["968445", "968434"], ["968436", "968434"], ["968437", "968434"]], "to_the_right_of": [["968449", "968438"], ["968449", "968448"], ["968447", "968446"]], "to_the_left_of": [["968448", "968449"], ["968446", "968447"], ["968438", "968449"]], "on": [["968434", "968443"]], "wearing": [["968434", "968450"]]}}