{"sorts": ["object", "label"], "predicates": {"has_label": ["object", "label"], "skiing": ["object"], "cut": ["object"], "gray": ["object"], "blue": ["object"], "black": ["object"], "ski": ["object"], "red": ["object"], "to_the_left_of": ["object", "object"], "to_the_right_of": ["object", "object"]}, "elements": {"object": ["917779", "917782", "917783", "917780", "917786", "917784", "917777", "917775", "917774", "917773"], "label": ["goggles", "pants", "boots", "gloves", "hat", "skis", "snow", "jacket", "stick", "man"]}, "interpretation": {"has_label": [["917779", "goggles"], ["917782", "pants"], ["917783", "boots"], ["917780", "gloves"], ["917786", "hat"], ["917784", "skis"], ["917777", "snow"], ["917775", "jacket"], ["917774", "stick"], ["917773", "man"]], "skiing": [["917773"]], "cut": [["917777"]], "gray": [["917777"]], "blue": [["917779"]], "black": [["917782"], ["917783"], ["917780"], ["917786"], ["917784"]], "ski": [["917779"]], "red": [["917775"]], "to_the_left_of": [["917782", "917774"], ["917783", "917774"], ["917780", "917782"], ["917784", "917774"], ["917773", "917774"]], "to_the_right_of": [["917782", "917780"], ["917774", "917783"], ["917774", "917773"], ["917774", "917782"], ["917774", "917784"]]}}