{"sorts": ["object", "label"], "predicates": {"has_label": ["object", "label"], "snowy": ["object"], "black": ["object"], "brown": ["object"], "white": ["object"], "bare": ["object"], "behind": ["object", "object"], "in": ["object", "object"], "to_the_right_of": ["object", "object"], "to_the_left_of": ["object", "object"], "on": ["object", "object"], "in_front_of": ["object", "object"], "wearing": ["object", "object"]}, "elements": {"object": ["1110945", "1110947", "1110946", "1110941", "1110940", "1110943", "1110942", "1110960", "1110965", "1110964", "1110956", "1110952", "1110953", "1110950", "374695", "374694", "1110955", "1110934", "1110937", "1110930", "1110932", "1110933", "1110939"], "label": ["glove", "boot", "hand", "head", "legs", "bushes", "pole", "jacket", "trees", "ground", "sticks", "shoes", "pole", "face", "man", "helmet", "goggles", "gloves", "hill", "pants", "skis", "snow", "feet"]}, "interpretation": {"has_label": [["1110945", "glove"], ["1110947", "boot"], ["1110946", "hand"], ["1110941", "head"], ["1110940", "legs"], ["1110943", "bushes"], ["1110942", "pole"], ["1110960", "jacket"], ["1110965", "trees"], ["1110964", "ground"], ["1110956", "sticks"], ["1110952", "shoes"], ["1110953", "pole"], ["1110950", "face"], ["374695", "man"], ["374694", "helmet"], ["1110955", "goggles"], ["1110934", "gloves"], ["1110937", "hill"], ["1110930", "pants"], ["1110932", "skis"], ["1110933", "snow"], ["1110939", "feet"]], "snowy": [["1110937"]], "black": [["1110960"], ["1110955"], ["1110934"], ["1110930"], ["1110932"]], "brown": [["1110956"]], "white": [["1110964"], ["374694"], ["1110933"]], "bare": [["1110965"]], "behind": [["1110943", "374695"]], "in": [["1110952", "1110933"]], "to_the_right_of": [["1110945", "1110934"], ["1110947", "1110952"], ["1110940", "1110934"], ["1110943", "374695"], ["1110942", "1110946"], ["1110965", "1110953"], ["1110956", "374695"], ["1110956", "1110960"], ["1110930", "1110934"], ["1110933", "1110960"], ["1110939", "1110952"]], "to_the_left_of": [["1110946", "1110942"], ["1110960", "1110956"], ["1110960", "1110933"], ["1110952", "1110947"], ["1110952", "1110939"], ["1110953", "1110965"], ["374695", "1110943"], ["374695", "1110956"], ["1110934", "1110945"], ["1110934", "1110940"], ["1110934", "1110930"]], "on": [["1110945", "1110946"], ["1110952", "1110933"], ["374694", "1110941"], ["1110932", "1110933"]], "in_front_of": [["374695", "1110943"]], "wearing": [["374695", "1110955"], ["374695", "374694"], ["374695", "1110934"], ["374695", "1110960"], ["374695", "1110930"]]}}