{"sorts": ["object", "label"], "predicates": {"has_label": ["object", "label"], "arched": ["object"], "gray": ["object"], "blue": ["object"], "brown": ["object"], "white": ["object"], "in": ["object", "object"], "to_the_right_of": ["object", "object"], "to_the_left_of": ["object", "object"], "on": ["object", "object"], "inside": ["object", "object"], "at": ["object", "object"]}, "elements": {"object": ["1074131", "1074129", "1074118", "1074117", "1074116", "1074133", "1074132", "1074135", "1074134", "1074128", "1074136", "1074126", "1074141", "3798559", "1074120", "1074140"], "label": ["scaffolding", "purse", "station", "lady", "bag", "window", "passengers", "gate", "number", "train", "hair", "cart", "jacket", "train_station", "number", "ceiling"]}, "interpretation": {"has_label": [["1074131", "scaffolding"], ["1074129", "purse"], ["1074118", "station"], ["1074117", "lady"], ["1074116", "bag"], ["1074133", "window"], ["1074132", "passengers"], ["1074135", "gate"], ["1074134", "number"], ["1074128", "train"], ["1074136", "hair"], ["1074126", "cart"], ["1074141", "jacket"], ["3798559", "train_station"], ["1074120", "number"], ["1074140", "ceiling"]], "arched": [["1074140"]], "gray": [["1074136"]], "blue": [["1074128"]], "brown": [["1074141"]], "white": [["1074129"], ["1074116"]], "in": [["1074128", "3798559"]], "to_the_right_of": [["1074129", "1074117"], ["1074118", "1074117"], ["1074118", "1074116"], ["1074133", "1074132"], ["1074135", "1074131"], ["1074134", "1074132"], ["1074134", "1074117"], ["1074128", "1074133"], ["1074128", "1074134"], ["1074126", "1074128"], ["1074141", "1074129"], ["1074141", "1074117"], ["1074120", "1074131"], ["1074120", "1074135"]], "to_the_left_of": [["1074131", "1074120"], ["1074131", "1074135"], ["1074129", "1074141"], ["1074117", "1074118"], ["1074117", "1074129"], ["1074117", "1074141"], ["1074117", "1074134"], ["1074116", "1074118"], ["1074133", "1074128"], ["1074132", "1074133"], ["1074132", "1074134"], ["1074135", "1074120"], ["1074134", "1074128"], ["1074128", "1074126"]], "on": [["1074132", "1074118"]], "inside": [["1074128", "1074118"]], "at": [["1074117", "1074118"], ["1074135", "1074118"]]}}