{"sorts": ["object", "label"], "predicates": {"has_label": ["object", "label"], "shiny": ["object"], "long_sleeved": ["object"], "clean": ["object"], "gray": ["object"], "small": ["object"], "straight": ["object"], "blue": ["object"], "brown": ["object"], "collared": ["object"], "white": ["object"], "smiling": ["object"], "black": ["object"], "happy": ["object"], "plaid": ["object"], "plastic": ["object"], "long": ["object"], "of": ["object", "object"], "carrying": ["object", "object"], "to_the_right_of": ["object", "object"], "to_the_left_of": ["object", "object"], "walking_in": ["object", "object"], "holding": ["object", "object"], "talking_on": ["object", "object"], "wearing": ["object", "object"]}, "elements": {"object": ["619770", "619757", "619772", "619773", "619774", "619776", "619768", "619767", "619766", "619765", "619764", "619762", "619758", "619759", "619760"], "label": ["shirt", "hair", "face", "cell_phone", "hand", "teeth", "heel", "hand", "book", "skirt", "leg", "leg", "woman", "shoe", "shoe"]}, "interpretation": {"has_label": [["619770", "shirt"], ["619757", "hair"], ["619772", "face"], ["619773", "cell_phone"], ["619774", "hand"], ["619776", "teeth"], ["619768", "heel"], ["619767", "hand"], ["619766", "book"], ["619765", "skirt"], ["619764", "leg"], ["619762", "leg"], ["619758", "woman"], ["619759", "shoe"], ["619760", "shoe"]], "shiny": [["619759"], ["619760"]], "long_sleeved": [["619770"]], "clean": [["619776"]], "gray": [["619765"]], "small": [["619773"]], "straight": [["619776"]], "blue": [["619766"]], "brown": [["619757"]], "collared": [["619770"]], "white": [["619770"], ["619773"], ["619776"]], "smiling": [["619758"]], "black": [["619759"], ["619760"]], "happy": [["619758"]], "plaid": [["619765"]], "plastic": [["619766"]], "long": [["619757"]], "of": [["619772", "619758"], ["619774", "619758"], ["619767", "619758"], ["619765", "619758"], ["619764", "619758"], ["619762", "619758"], ["619759", "619758"], ["619760", "619758"]], "carrying": [["619758", "619766"]], "to_the_right_of": [["619772", "619774"], ["619776", "619773"], ["619776", "619774"], ["619767", "619765"], ["619767", "619764"], ["619766", "619765"], ["619764", "619768"], ["619764", "619759"], ["619762", "619768"]], "to_the_left_of": [["619773", "619776"], ["619774", "619776"], ["619774", "619772"], ["619768", "619762"], ["619768", "619764"], ["619765", "619766"], ["619765", "619767"], ["619764", "619767"], ["619759", "619764"]], "walking_in": [["619758", "619759"], ["619758", "619760"]], "holding": [["619758", "619773"]], "talking_on": [["619758", "619773"]], "wearing": [["619758", "619770"], ["619758", "619765"], ["619758", "619759"], ["619758", "619760"]]}}