{"sorts": ["object", "label"], "predicates": {"ON": ["object", "object"], "wooden": ["object"], "has_label": ["object", "label"], "IN": ["object", "object"], "blue": ["object"], "dark green": ["object"], "greenish": ["object"]}, "interpretation": {"ON": [["1883354_148_188", "1883355_125_277"]], "wooden": [["1883355_125_277"]], "has_label": [["1883354_148_188", "bird"], ["1883355_125_277", "post"], ["2055911_54_0", "blue boat"], ["2055912_0_1", "harbor"], ["2114152_311_156", "water"], ["2114153_151_87", "river"], ["2551237_338_217", "water"], ["2551246_3_84", "river"], ["2616935_1_47", "water"], ["1993757_2_47", "river"]], "IN": [["2055911_54_0", "2055912_0_1"], ["2114152_311_156", "2114153_151_87"], ["2551237_338_217", "2551246_3_84"], ["2616935_1_47", "1993757_2_47"], ["2616935_1_47", "1993757_2_47"]], "blue": [["2055911_54_0"], ["1993757_2_47"], ["2616935_1_47"]], "dark green": [["2114152_311_156"], ["2551237_338_217"], ["2616935_1_47"]], "greenish": [["1993757_2_47"]]}, "elements": {"object": ["2114153_151_87", "1883355_125_277", "2551237_338_217", "2551246_3_84", "2616935_1_47", "1883354_148_188", "2114152_311_156", "2055912_0_1", "1993757_2_47", "2055911_54_0"], "label": ["bird", "water", "harbor", "blue boat", "post", "river"]}, "image": {"id": 2368691, "url": "https://cs.stanford.edu/people/rak248/VG_100K/2368691.jpg", "width": 500, "height": 331, "coco_id": null, "flickr_id": 9493861054}}