{"sorts": ["object", "label"], "predicates": {"IN": ["object", "object"], "brown": ["object"], "gray": ["object"], "black": ["object"], "grey": ["object"], "white": ["object"], "colored": ["object"], "sitting": ["object"], "small": ["object"], "has_label": ["object", "label"], "has": ["object", "object"], "above": ["object"], "thin": ["object"], "green": ["object"], "big": ["object"], "ON": ["object", "object"]}, "interpretation": {"IN": [["611366_123_143", "611367_50_3"], ["611366_123_143", "611367_50_3"], ["611366_123_143", "611367_50_3"], ["611366_123_143", "611367_50_3"]], "brown": [["611367_50_3"], ["611372_169_27"]], "gray": [["611367_50_3"]], "black": [["611367_50_3"], ["611368_199_232"], ["611369_186_221"]], "grey": [["611366_123_143"]], "white": [["611366_123_143"]], "colored": [["611366_123_143"]], "sitting": [["611366_123_143"]], "small": [["611366_123_143"], ["611372_169_27"]], "has_label": [["611366_123_143", "bird"], ["611367_50_3", "tree"], ["611375_363_81", "leaf"], ["611376_390_100", "hole"], ["611368_199_232", "beak"], ["611369_186_221", "eye"], ["611372_169_27", "branch"], ["611373_282_212", "leaf"]], "has": [["611375_363_81", "611376_390_100"], ["611366_123_143", "611368_199_232"], ["611366_123_143", "611369_186_221"], ["611367_50_3", "611372_169_27"], ["611373_282_212", "611376_390_100"]], "above": [["611372_169_27"]], "thin": [["611372_169_27"]], "green": [["611373_282_212"]], "big": [["611373_282_212"]], "ON": [["611366_123_143", "611372_169_27"]]}, "elements": {"object": ["611375_363_81", "611366_123_143", "611376_390_100", "611373_282_212", "611372_169_27", "611367_50_3", "611368_199_232", "611369_186_221"], "label": ["bird", "branch", "tree", "beak", "hole", "eye", "leaf"]}, "image": {"id": 2369435, "url": "https://cs.stanford.edu/people/rak248/VG_100K/2369435.jpg", "width": 500, "height": 333, "coco_id": null, "flickr_id": 149429368}}