{"sorts": ["object", "label"], "predicates": {"has_label": ["object", "label"], "clean": ["object"], "black": ["object"], "checkered": ["object"], "brown": ["object"], "white": ["object"], "massive": ["object"], "wood": ["object"], "tall": ["object"], "standing": ["object"], "large": ["object"], "huge": ["object"], "on": ["object", "object"], "near": ["object", "object"], "to_the_left_of": ["object", "object"], "to_the_right_of": ["object", "object"]}, "elements": {"object": ["1066554", "1066555", "1066556", "1066553"], "label": ["floor", "television", "wall", "dinosaur"]}, "interpretation": {"has_label": [["1066554", "floor"], ["1066555", "television"], ["1066556", "wall"], ["1066553", "dinosaur"]], "clean": [["1066554"], ["1066553"]], "black": [["1066555"]], "checkered": [["1066554"]], "brown": [["1066556"], ["1066553"]], "white": [["1066554"]], "massive": [["1066553"]], "wood": [["1066556"]], "tall": [["1066553"]], "standing": [["1066553"]], "large": [["1066553"]], "huge": [["1066553"]], "on": [["1066555", "1066556"], ["1066553", "1066554"]], "near": [["1066554", "1066553"], ["1066555", "1066556"], ["1066556", "1066553"], ["1066556", "1066555"], ["1066553", "1066554"], ["1066553", "1066556"]], "to_the_left_of": [["1066553", "1066555"], ["1066553", "1066556"]], "to_the_right_of": [["1066555", "1066553"], ["1066556", "1066553"]]}}