{"sorts": ["object", "label"], "predicates": {"has_label": ["object", "label"], "black": ["object"], "orange": ["object"], "white": ["object"], "to_the_right_of": ["object", "object"], "to_the_left_of": ["object", "object"]}, "elements": {"object": ["2255086", "2415272", "2423123", "2367581", "2613838", "2613839", "3706799", "3706798", "2443860", "2405747", "2475661", "2613840", "2415271"], "label": ["ground", "snow", "floor", "jacket", "boot", "boot", "foot", "ski", "ski", "sticks", "legs", "guy", "sticks"]}, "interpretation": {"has_label": [["2255086", "ground"], ["2415272", "snow"], ["2423123", "floor"], ["2367581", "jacket"], ["2613838", "boot"], ["2613839", "boot"], ["3706799", "foot"], ["3706798", "ski"], ["2443860", "ski"], ["2405747", "sticks"], ["2475661", "legs"], ["2613840", "guy"], ["2415271", "sticks"]], "black": [["2367581"]], "orange": [["2405747"], ["2415271"]], "white": [["2415272"], ["2423123"]], "to_the_right_of": [["2613838", "2475661"], ["2443860", "2613838"], ["2443860", "2613840"], ["2443860", "2405747"], ["2443860", "2475661"], ["2443860", "2367581"], ["2475661", "3706798"], ["2613840", "3706798"], ["2415271", "2613840"], ["2415271", "2443860"]], "to_the_left_of": [["2367581", "2443860"], ["2613838", "2443860"], ["3706798", "2613840"], ["3706798", "2475661"], ["2443860", "2415271"], ["2405747", "2443860"], ["2475661", "2613838"], ["2475661", "2443860"], ["2613840", "2415271"], ["2613840", "2443860"]]}}