{"sorts": ["object", "label"], "predicates": {"has_label": ["object", "label"], "transparent": ["object"], "upside_down": ["object"], "clear": ["object"], "drinking": ["object"], "white": ["object"], "tall": ["object"], "pink": ["object"], "standing": ["object"], "shaped": ["object"], "to_the_left_of": ["object", "object"], "in": ["object", "object"], "to_the_right_of": ["object", "object"]}, "elements": {"object": ["877934", "877922", "877931", "877933"], "label": ["cup", "wine_glass", "wine", "floor"]}, "interpretation": {"has_label": [["877934", "cup"], ["877922", "wine_glass"], ["877931", "wine"], ["877933", "floor"]], "transparent": [["877922"]], "upside_down": [["877922"]], "clear": [["877922"]], "drinking": [["877922"]], "white": [["877933"]], "tall": [["877922"]], "pink": [["877922"]], "standing": [["877922"]], "shaped": [["877922"]], "to_the_left_of": [["877933", "877922"]], "in": [["877931", "877922"]], "to_the_right_of": [["877922", "877933"]]}}