{"sorts": ["object", "label"], "predicates": {"has_label": ["object", "label"], "mesh": ["object"], "full": ["object"], "white": ["object"], "filled": ["object"], "stained": ["object"], "metal": ["object"], "tiled": ["object"], "green": ["object"], "in": ["object", "object"], "to_the_right_of": ["object", "object"], "to_the_left_of": ["object", "object"], "on": ["object", "object"], "near": ["object", "object"]}, "elements": {"object": ["804274", "804268", "804269", "804271", "804270", "804272", "804266", "804267"], "label": ["wall", "floor", "bathroom", "trash", "toilet_paper", "pipe", "trash_can", "urinal"]}, "interpretation": {"has_label": [["804274", "wall"], ["804268", "floor"], ["804269", "bathroom"], ["804271", "trash"], ["804270", "toilet_paper"], ["804272", "pipe"], ["804266", "trash_can"], ["804267", "urinal"]], "mesh": [["804266"]], "full": [["804266"]], "white": [["804274"], ["804268"], ["804267"]], "filled": [["804266"]], "stained": [["804267"]], "metal": [["804272"]], "tiled": [["804268"]], "green": [["804266"]], "in": [["804267", "804269"]], "to_the_right_of": [["804268", "804267"], ["804272", "804270"], ["804272", "804266"], ["804267", "804271"]], "to_the_left_of": [["804271", "804267"], ["804270", "804272"], ["804266", "804272"], ["804267", "804268"]], "on": [["804271", "804268"], ["804266", "804268"]], "near": [["804271", "804266"], ["804266", "804271"]]}}