{"sorts": ["object", "label"], "predicates": {"has_label": ["object", "label"], "shiny": ["object"], "stainless_steel": ["object"], "clear": ["object"], "brown": ["object"], "white": ["object"], "dark": ["object"], "wood": ["object"], "open": ["object"], "light": ["object"], "large": ["object"], "below": ["object", "object"], "of": ["object", "object"], "to_the_right_of": ["object", "object"], "to_the_left_of": ["object", "object"], "on": ["object", "object"], "by": ["object", "object"], "above": ["object", "object"]}, "elements": {"object": ["655600", "655614", "3814698", "655598", "655621", "655609", "655594", "655601", "655625", "655604", "655591", "655606", "655618", "655617", "655616", "655615", "655603", "655613", "655612", "655611", "655605"], "label": ["refrigerator", "clock", "oven", "shelf", "ceiling", "cabinet", "door", "kitchen", "tiles", "bag", "floor", "glass", "microwave", "wall", "cabinet", "glass", "countertop", "cabinets", "window", "drawer", "door"]}, "interpretation": {"has_label": [["655600", "refrigerator"], ["655614", "clock"], ["3814698", "oven"], ["655598", "shelf"], ["655621", "ceiling"], ["655609", "cabinet"], ["655594", "door"], ["655601", "kitchen"], ["655625", "tiles"], ["655604", "bag"], ["655591", "floor"], ["655606", "glass"], ["655618", "microwave"], ["655617", "wall"], ["655616", "cabinet"], ["655615", "glass"], ["655603", "countertop"], ["655613", "cabinets"], ["655612", "window"], ["655611", "drawer"], ["655605", "door"]], "shiny": [["655600"]], "stainless_steel": [["655600"]], "clear": [["655604"]], "brown": [["655591"]], "white": [["655621"], ["655594"], ["655625"], ["655617"], ["655616"], ["655603"], ["655605"]], "dark": [["655609"]], "wood": [["655591"]], "open": [["655611"]], "light": [["655591"]], "large": [["655600"]], "below": [["655618", "655618"], ["655618", "655613"]], "of": [["655598", "655618"], ["655591", "655601"], ["655615", "655618"]], "to_the_right_of": [["655614", "655594"], ["655614", "655600"], ["3814698", "655603"], ["3814698", "655600"], ["3814698", "655594"], ["655598", "655600"], ["655598", "655594"], ["655609", "655617"], ["655609", "655625"], ["655609", "655621"], ["655604", "655611"], ["655591", "655616"], ["655606", "655600"], ["655606", "655594"], ["655618", "655594"], ["655618", "655600"], ["655615", "655603"], ["655615", "655600"], ["655615", "655594"], ["655613", "655609"], ["655613", "655617"], ["655613", "655621"], ["655613", "655625"], ["655611", "655600"], ["655611", "655594"], ["655611", "655616"], ["655605", "655618"], ["655605", "655613"], ["655605", "3814698"]], "to_the_left_of": [["655600", "655615"], ["655600", "655618"], ["655600", "655611"], ["655600", "655614"], ["655600", "3814698"], ["655600", "655606"], ["655600", "655598"], ["3814698", "655605"], ["655621", "655609"], ["655621", "655613"], ["655609", "655613"], ["655594", "655611"], ["655594", "3814698"], ["655594", "655598"], ["655594", "655606"], ["655594", "655618"], ["655594", "655614"], ["655594", "655615"], ["655625", "655613"], ["655625", "655609"], ["655618", "655605"], ["655617", "655609"], ["655617", "655613"], ["655616", "655591"], ["655616", "655611"], ["655603", "3814698"], ["655603", "655615"], ["655613", "655605"], ["655611", "655604"]], "on": [["655614", "655618"], ["655615", "655618"]], "by": [["655600", "655618"]], "above": [["655618", "655618"], ["655613", "655618"]]}}