{"sorts": ["object", "label"], "predicates": {"in": ["object", "object"], "has_label": ["object", "label"]}, "interpretation": {"in": [["4663169_243_154", "4663170_4_1"], ["4663172_77_159", "4663170_4_1"]], "has_label": [["4663169_243_154", "parasail"], ["4663170_4_1", "sky"], ["4663172_77_159", "parasail"]]}, "elements": {"object": ["4663170_4_1", "4663172_77_159", "4663169_243_154"], "label": ["parasail", "sky"]}, "image": {"id": 2330622, "url": "https://cs.stanford.edu/people/rak248/VG_100K/2330622.jpg", "width": 500, "height": 376, "coco_id": 153321, "flickr_id": 4119523751}}