{"sorts": ["object", "label"], "predicates": {"has_label": ["object", "label"], "young": ["object"], "dark": ["object"], "wood": ["object"], "sitting": ["object"], "beautiful": ["object"], "behind": ["object", "object"], "to_the_right_of": ["object", "object"], "sitting_on": ["object", "object"], "in_front_of": ["object", "object"], "to_the_left_of": ["object", "object"], "holding": ["object", "object"], "next_to": ["object", "object"], "near": ["object", "object"], "sitting_next_to": ["object", "object"], "wearing": ["object", "object"]}, "elements": {"object": ["801623", "801631", "801634", "801628", "801638", "801639", "801632", "801641", "801621", "801630", "801622", "801625", "801642", "801627", "801635"], "label": ["dog", "head", "head", "face", "pole", "hair", "tail", "jeans", "child", "stick", "bench", "jacket", "ground", "wall", "ears"]}, "interpretation": {"has_label": [["801623", "dog"], ["801631", "head"], ["801634", "head"], ["801628", "face"], ["801638", "pole"], ["801639", "hair"], ["801632", "tail"], ["801641", "jeans"], ["801621", "child"], ["801630", "stick"], ["801622", "bench"], ["801625", "jacket"], ["801642", "ground"], ["801627", "wall"], ["801635", "ears"]], "young": [["801621"]], "dark": [["801639"]], "wood": [["801622"], ["801627"]], "sitting": [["801623"], ["801621"]], "beautiful": [["801623"]], "behind": [["801622", "801623"]], "to_the_right_of": [["801632", "801642"]], "sitting_on": [["801621", "801622"]], "in_front_of": [["801623", "801622"]], "to_the_left_of": [["801642", "801632"]], "holding": [["801621", "801630"], ["801621", "801638"]], "next_to": [["801622", "801627"]], "near": [["801622", "801627"], ["801627", "801622"]], "sitting_next_to": [["801621", "801623"]], "wearing": [["801621", "801625"], ["801621", "801641"]]}}