{"sorts": ["object", "label"], "predicates": {"has_label": ["object", "label"], "inflated": ["object"], "orange": ["object"], "metal": ["object"], "small": ["object"], "black": ["object"], "blond": ["object"], "brown": ["object"], "dark": ["object"], "wire": ["object"], "round": ["object"], "sitting": ["object"], "striped": ["object"], "long": ["object"], "behind": ["object", "object"], "sitting_in": ["object", "object"], "in": ["object", "object"], "to_the_right_of": ["object", "object"], "in_front_of": ["object", "object"], "to_the_left_of": ["object", "object"], "on": ["object", "object"], "riding_in": ["object", "object"], "riding": ["object", "object"], "near": ["object", "object"]}, "elements": {"object": ["617519", "617548", "617536", "617525", "617540", "617542", "617512", "617513", "617529", "617528", "617518", "617515", "617522", "617521", "617520", "617530", "617526", "617532"], "label": ["dog", "tire", "policeman", "person", "lady", "hair", "man", "leg", "manhole_cover", "parking_sign", "sweater", "bicycle", "car", "flowers", "basket", "road", "traffic_light", "head"]}, "interpretation": {"has_label": [["617519", "dog"], ["617548", "tire"], ["617536", "policeman"], ["617525", "person"], ["617540", "lady"], ["617542", "hair"], ["617512", "man"], ["617513", "leg"], ["617529", "manhole_cover"], ["617528", "parking_sign"], ["617518", "sweater"], ["617515", "bicycle"], ["617522", "car"], ["617521", "flowers"], ["617520", "basket"], ["617530", "road"], ["617526", "traffic_light"], ["617532", "head"]], "inflated": [["617548"]], "orange": [["617526"]], "metal": [["617520"]], "small": [["617519"]], "black": [["617548"], ["617522"]], "blond": [["617542"]], "brown": [["617518"]], "dark": [["617529"]], "wire": [["617520"]], "round": [["617548"]], "sitting": [["617519"]], "striped": [["617518"]], "long": [["617542"]], "behind": [["617520", "617519"]], "sitting_in": [["617519", "617520"]], "in": [["617519", "617520"], ["617525", "617522"]], "to_the_right_of": [["617519", "617522"], ["617519", "617518"], ["617519", "617540"], ["617536", "617522"], ["617536", "617542"], ["617536", "617540"], ["617536", "617532"], ["617540", "617548"], ["617540", "617525"], ["617542", "617525"], ["617512", "617522"], ["617512", "617540"], ["617512", "617542"], ["617512", "617536"], ["617512", "617532"], ["617513", "617536"], ["617513", "617542"], ["617513", "617540"], ["617513", "617522"], ["617529", "617515"], ["617528", "617526"], ["617521", "617548"], ["617520", "617522"], ["617520", "617540"], ["617520", "617518"]], "in_front_of": [["617519", "617520"]], "to_the_left_of": [["617548", "617521"], ["617548", "617540"], ["617536", "617513"], ["617536", "617512"], ["617525", "617540"], ["617525", "617542"], ["617540", "617520"], ["617540", "617513"], ["617540", "617512"], ["617540", "617536"], ["617540", "617519"], ["617542", "617512"], ["617542", "617513"], ["617542", "617536"], ["617518", "617520"], ["617518", "617519"], ["617515", "617529"], ["617522", "617513"], ["617522", "617519"], ["617522", "617536"], ["617522", "617512"], ["617522", "617520"], ["617526", "617528"], ["617532", "617536"], ["617532", "617512"]], "on": [["617522", "617530"]], "riding_in": [["617519", "617520"]], "riding": [["617540", "617515"]], "near": [["617528", "617526"], ["617526", "617528"]]}}