{"sorts": ["object", "label"], "predicates": {"has_label": ["object", "label"], "clear": ["object"], "blue": ["object"], "black": ["object"], "triangular": ["object"], "brown": ["object"], "concrete": ["object"], "white": ["object"], "old": ["object"], "green": ["object"], "sitting": ["object"], "metal": ["object"], "large": ["object"], "closed": ["object"], "behind": ["object", "object"], "in": ["object", "object"], "to_the_right_of": ["object", "object"], "in_front_of": ["object", "object"], "to_the_left_of": ["object", "object"], "near": ["object", "object"]}, "elements": {"object": ["190763", "190765", "190764", "190766", "190772", "190770", "190783", "190782", "190781", "190769", "190768"], "label": ["dog", "door", "car", "tree", "sky", "wall", "face", "mirror", "window", "roof", "building"]}, "interpretation": {"has_label": [["190763", "dog"], ["190765", "door"], ["190764", "car"], ["190766", "tree"], ["190772", "sky"], ["190770", "wall"], ["190783", "face"], ["190782", "mirror"], ["190781", "window"], ["190769", "roof"], ["190768", "building"]], "clear": [["190772"]], "blue": [["190772"]], "black": [["190764"]], "triangular": [["190781"]], "brown": [["190763"], ["190783"], ["190768"]], "concrete": [["190770"]], "white": [["190770"]], "old": [["190764"]], "green": [["190766"]], "sitting": [["190763"]], "metal": [["190782"]], "large": [["190763"]], "closed": [["190765"]], "behind": [["190766", "190764"], ["190770", "190764"], ["190769", "190764"]], "in": [["190763", "190764"]], "to_the_right_of": [["190763", "190782"], ["190763", "190781"], ["190765", "190770"], ["190765", "190766"], ["190783", "190782"], ["190783", "190781"], ["190782", "190770"], ["190781", "190766"], ["190781", "190770"], ["190769", "190781"], ["190768", "190770"], ["190768", "190781"]], "in_front_of": [["190764", "190770"], ["190764", "190769"], ["190764", "190766"]], "to_the_left_of": [["190766", "190781"], ["190766", "190765"], ["190770", "190765"], ["190770", "190781"], ["190770", "190782"], ["190770", "190768"], ["190782", "190783"], ["190782", "190763"], ["190781", "190768"], ["190781", "190783"], ["190781", "190769"], ["190781", "190763"]], "near": [["190766", "190770"], ["190770", "190766"]]}}