{"sorts": ["object", "label"], "predicates": {"waiting along side a bus on": ["object", "object"], "has_label": ["object", "label"], "directing people to another source of": ["object", "object"], "and scaffolding on sidewalk and": ["object", "object"], "pillar and its": ["object", "object"], "on top of bus with direction and": ["object", "object"], "of buildings behind": ["object", "object"], "standing in darkness with feet in": ["object", "object"], "standing near building facing": ["object", "object"], "walking on": ["object", "object"], "with": ["object", "object"], "walking with": ["object", "object"], "ON": ["object", "object"], "by": ["object", "object"], "OF": ["object", "object"], "on side of": ["object", "object"], "brick": ["object"], "above": ["object", "object"]}, "interpretation": {"waiting along side a bus on": [["4132842_155_50", "4132843_4_213"], ["4132842_155_50", "4132843_4_213"]], "has_label": [["4132842_155_50", "people"], ["4132843_4_213", "sidewalk"], ["4132844_155_55", "sign"], ["4132845_173_100", "transportation"], ["4132846_414_65", "fence"], ["4132847_385_100", "building"], ["4132850_22_50", "brick"], ["4132851_27_212", "shadow"], ["4132852_305_54", "sign"], ["4132853_284_99", "destination"], ["4132854_173_50", "row"], ["4132855_304_105", "bus"], ["4132856_60_50", "person"], ["4132857_49_155", "sunlight"], ["4132858_159_118", "person"], ["4132859_239_141", "street"], ["4170534_227_51", "man"], ["4170535_182_208", "sidewalk"], ["4170564_184_45", "building"], ["4170563_208_62", "windows"], ["4170566_259_71", "man"], ["4170567_246_160", "cane"], ["4170568_272_204", "sandals"], ["4170569_273_207", "feet"], ["4170572_170_74", "people"], ["4170571_232_44", "bus"], ["4170574_88_260", "shadow"], ["4170575_261_69", "man"], ["4280125_394_23", "wall"], ["4280124_317_109", "road"], ["4280128_412_54", "fence"], ["4280129_417_28", "wall"]], "directing people to another source of": [["4132844_155_55", "4132845_173_100"]], "and scaffolding on sidewalk and": [["4132846_414_65", "4132847_385_100"]], "pillar and its": [["4132850_22_50", "4132851_27_212"]], "on top of bus with direction and": [["4132852_305_54", "4132853_284_99"]], "of buildings behind": [["4132854_173_50", "4132855_304_105"]], "standing in darkness with feet in": [["4132856_60_50", "4132857_49_155"]], "standing near building facing": [["4132858_159_118", "4132859_239_141"]], "walking on": [["4170534_227_51", "4170535_182_208"]], "with": [["4170564_184_45", "4170563_208_62"]], "walking with": [["4170566_259_71", "4170567_246_160"]], "ON": [["4170568_272_204", "4170569_273_207"]], "by": [["4170572_170_74", "4170571_232_44"]], "OF": [["4170574_88_260", "4170575_261_69"]], "on side of": [["4280125_394_23", "4280124_317_109"]], "brick": [["4280125_394_23"]], "above": [["4280128_412_54", "4280129_417_28"]]}, "elements": {"object": ["4170534_227_51", "4132853_284_99", "4170563_208_62", "4280129_417_28", "4132854_173_50", "4280124_317_109", "4132846_414_65", "4170572_170_74", "4132843_4_213", "4132859_239_141", "4132855_304_105", "4132857_49_155", "4170564_184_45", "4170575_261_69", "4132856_60_50", "4170571_232_44", "4132852_305_54", "4170568_272_204", "4280128_412_54", "4132844_155_55", "4132847_385_100", "4132845_173_100", "4132850_22_50", "4280125_394_23", "4170569_273_207", "4170566_259_71", "4170574_88_260", "4132842_155_50", "4170535_182_208", "4132858_159_118", "4170567_246_160", "4132851_27_212"], "label": ["transportation", "feet", "man", "destination", "sandals", "shadow", "building", "street", "wall", "row", "cane", "road", "fence", "sidewalk", "brick", "windows", "bus", "sign", "person", "people", "sunlight"]}, "image": {"id": 2414454, "url": "https://cs.stanford.edu/people/rak248/VG_100K_2/2414454.jpg", "width": 500, "height": 375, "coco_id": null, "flickr_id": 9253803368}}