{"sorts": ["object", "label"], "predicates": {"has_label": ["object", "label"], "closed": ["object"], "blue": ["object"], "yellow": ["object"], "white": ["object"], "parked": ["object"], "green": ["object"], "growing_in": ["object", "object"], "on_the_side_of": ["object", "object"], "to_the_right_of": ["object", "object"], "to_the_left_of": ["object", "object"], "on": ["object", "object"], "driving_on": ["object", "object"], "next_to": ["object", "object"], "near": ["object", "object"], "parked_on": ["object", "object"]}, "elements": {"object": ["1337559", "1337557", "1337556", "1337573", "1337572", "1337574", "1337566", "1337567", "1337564", "1337565", "1337562", "1337563", "1337561", "1337570", "1337571", "1337569"], "label": ["license_plate", "street", "bus", "building", "license_plate", "doorway", "word", "leaves", "van", "flag", "trunk", "sidewalk", "doors", "tire", "wheel", "vehicles"]}, "interpretation": {"has_label": [["1337559", "license_plate"], ["1337557", "street"], ["1337556", "bus"], ["1337573", "building"], ["1337572", "license_plate"], ["1337574", "doorway"], ["1337566", "word"], ["1337567", "leaves"], ["1337564", "van"], ["1337565", "flag"], ["1337562", "trunk"], ["1337563", "sidewalk"], ["1337561", "doors"], ["1337570", "tire"], ["1337571", "wheel"], ["1337569", "vehicles"]], "closed": [["1337561"]], "blue": [["1337566"]], "yellow": [["1337565"]], "white": [["1337564"]], "parked": [["1337556"], ["1337569"]], "green": [["1337556"], ["1337567"]], "growing_in": [["1337562", "1337563"]], "on_the_side_of": [["1337556", "1337557"]], "to_the_right_of": [["1337559", "1337564"], ["1337559", "1337571"], ["1337556", "1337572"], ["1337556", "1337573"], ["1337556", "1337564"], ["1337556", "1337574"], ["1337556", "1337571"], ["1337556", "1337569"], ["1337566", "1337573"], ["1337566", "1337565"], ["1337562", "1337561"], ["1337562", "1337556"], ["1337563", "1337559"], ["1337570", "1337559"]], "to_the_left_of": [["1337559", "1337563"], ["1337559", "1337570"], ["1337556", "1337562"], ["1337573", "1337556"], ["1337573", "1337566"], ["1337572", "1337556"], ["1337574", "1337556"], ["1337564", "1337556"], ["1337564", "1337559"], ["1337565", "1337566"], ["1337561", "1337562"], ["1337571", "1337559"], ["1337571", "1337556"], ["1337569", "1337556"]], "on": [["1337564", "1337557"], ["1337562", "1337563"]], "driving_on": [["1337564", "1337557"]], "next_to": [["1337564", "1337556"]], "near": [["1337556", "1337564"]], "parked_on": [["1337569", "1337557"]]}}