{"sorts": ["object", "label"], "predicates": {"has_label": ["object", "label"], "brick": ["object"], "large": ["object"], "green": ["object"], "concrete": ["object"], "on_the_side_of": ["object", "object"], "to_the_right_of": ["object", "object"], "to_the_left_of": ["object", "object"], "at": ["object", "object"], "on_the_back_of": ["object", "object"]}, "elements": {"object": ["4434766", "4434793", "4434787", "4434797", "4434783", "4434806", "4434780", "4434765", "4434764", "4434771", "4434761", "4434777", "4434789", "4434788"], "label": ["bus", "license_plate", "water", "bench", "window", "wall", "bridge", "mirror", "tire", "bus_stop", "tire", "sidewalk", "building", "road"]}, "interpretation": {"has_label": [["4434766", "bus"], ["4434793", "license_plate"], ["4434787", "water"], ["4434797", "bench"], ["4434783", "window"], ["4434806", "wall"], ["4434780", "bridge"], ["4434765", "mirror"], ["4434764", "tire"], ["4434771", "bus_stop"], ["4434761", "tire"], ["4434777", "sidewalk"], ["4434789", "building"], ["4434788", "road"]], "brick": [["4434806"]], "large": [["4434766"], ["4434783"]], "green": [["4434766"]], "concrete": [["4434789"]], "on_the_side_of": [["4434787", "4434788"]], "to_the_right_of": [["4434766", "4434806"], ["4434766", "4434787"], ["4434797", "4434766"], ["4434783", "4434789"], ["4434783", "4434765"], ["4434783", "4434806"], ["4434764", "4434787"], ["4434771", "4434783"], ["4434771", "4434766"], ["4434761", "4434787"], ["4434777", "4434766"], ["4434777", "4434793"]], "to_the_left_of": [["4434766", "4434771"], ["4434766", "4434797"], ["4434766", "4434777"], ["4434793", "4434777"], ["4434787", "4434761"], ["4434787", "4434764"], ["4434787", "4434766"], ["4434783", "4434771"], ["4434806", "4434783"], ["4434806", "4434766"], ["4434765", "4434783"], ["4434789", "4434783"]], "at": [["4434797", "4434771"]], "on_the_back_of": [["4434783", "4434766"]]}}