{"sorts": ["object", "label"], "predicates": {"used to grind": ["object", "object"], "white": ["object"], "rectangular": ["object"], "concrete": ["object"], "black": ["object"], "has_label": ["object", "label"], "WEARING": ["object", "object"], "skateboarding": ["object"], "performing trick": ["object"], "ON": ["object", "object"], "off": ["object", "object"], "metal": ["object"], "gray": ["object"], "long": ["object"], "here": ["object"], "red": ["object"]}, "interpretation": {"used to grind": [["1041737_169_186", "1041734_141_192"]], "white": [["1041734_141_192"], ["1041738_130_73"]], "rectangular": [["1041734_141_192"]], "concrete": [["1041734_141_192"]], "black": [["1041737_169_186"]], "has_label": [["1041737_169_186", "skateboard"], ["1041734_141_192", "ledge"], ["1041732_106_65", "young man"], ["1041738_130_73", "shirt"], ["1041743_154_164", "foot"], ["1041745_82_316", "paint"], ["1041733_49_308", "rail"]], "WEARING": [["1041732_106_65", "1041738_130_73"]], "skateboarding": [["1041732_106_65"]], "performing trick": [["1041732_106_65"]], "ON": [["1041732_106_65", "1041737_169_186"], ["1041745_82_316", "1041733_49_308"]], "off": [["1041743_154_164", "1041737_169_186"]], "metal": [["1041733_49_308"]], "gray": [["1041733_49_308"]], "long": [["1041733_49_308"]], "here": [["1041733_49_308"]], "red": [["1041745_82_316"]]}, "elements": {"object": ["1041743_154_164", "1041734_141_192", "1041733_49_308", "1041737_169_186", "1041732_106_65", "1041745_82_316", "1041738_130_73"], "label": ["ledge", "foot", "young man", "shirt", "rail", "skateboard", "paint"]}, "image": {"id": 2358293, "url": "https://cs.stanford.edu/people/rak248/VG_100K/2358293.jpg", "width": 373, "height": 500, "coco_id": null, "flickr_id": 2597623840}}