{"sorts": ["object", "label"], "predicates": {"has_label": ["object", "label"], "blue": ["object"], "brown": ["object"], "white": ["object"], "fluffy": ["object"], "large": ["object"], "covering": ["object", "object"], "to_the_right_of": ["object", "object"], "covered_by": ["object", "object"], "to_the_left_of": ["object", "object"]}, "elements": {"object": ["3114460", "3114459", "2926548", "3469134", "2926550", "3048539", "3048538", "3728987", "3400507", "3149413", "3040060"], "label": ["horse", "horse", "person", "sky", "person", "ground", "rocks", "mountain", "snow", "people", "clouds"]}, "interpretation": {"has_label": [["3114460", "horse"], ["3114459", "horse"], ["2926548", "person"], ["3469134", "sky"], ["2926550", "person"], ["3048539", "ground"], ["3048538", "rocks"], ["3728987", "mountain"], ["3400507", "snow"], ["3149413", "people"], ["3040060", "clouds"]], "blue": [["3469134"]], "brown": [["3114460"], ["3114459"]], "white": [["3400507"], ["3040060"]], "fluffy": [["3040060"]], "large": [["3040060"]], "covering": [["3048538", "3048539"]], "to_the_right_of": [["3114459", "2926550"], ["3114459", "3114460"], ["2926548", "3114460"], ["2926548", "2926550"], ["3149413", "2926548"], ["3149413", "3114460"], ["3149413", "2926550"], ["3040060", "3400507"]], "covered_by": [["3048539", "3048538"]], "to_the_left_of": [["3114460", "2926548"], ["3114460", "3114459"], ["3114460", "3149413"], ["2926548", "3149413"], ["2926550", "3149413"], ["2926550", "2926548"], ["2926550", "3114459"], ["3400507", "3040060"]]}}