{"sorts": ["object", "label"], "predicates": {"has_label": ["object", "label"], "small": ["object"], "on": ["object", "object"], "standing_beside": ["object", "object"], "to_the_left_of": ["object", "object"], "to_the_right_of": ["object", "object"]}, "elements": {"object": ["4008485", "4008479", "4008480", "4273854", "4008475", "4273825", "4273826", "4273836"], "label": ["person", "horse", "road", "display", "horn", "person", "train", "train_tracks"]}, "interpretation": {"has_label": [["4008485", "person"], ["4008479", "horse"], ["4008480", "road"], ["4273854", "display"], ["4008475", "horn"], ["4273825", "person"], ["4273826", "train"], ["4273836", "train_tracks"]], "small": [["4273854"]], "on": [["4008479", "4008480"]], "standing_beside": [["4273825", "4273826"]], "to_the_left_of": [["4008479", "4273825"], ["4008479", "4008485"], ["4273854", "4273836"], ["4273825", "4008485"]], "to_the_right_of": [["4008485", "4008479"], ["4008485", "4273825"], ["4273825", "4008479"], ["4273836", "4273854"]]}}