{"sorts": ["object", "label"], "predicates": {"behind": ["object", "object"], "yellow": ["object"], "has_label": ["object", "label"], "ON": ["object", "object"]}, "interpretation": {"behind": [["4059030_386_5", "4059031_372_80"]], "yellow": [["4059030_386_5"]], "has_label": [["4059030_386_5", "building"], ["4059031_372_80", "fence"], ["4059072_390_174", "tattoo"], ["4059070_384_166", "leg"], ["4059071_440_193", "tattoo"], ["4059069_420_170", "leg"], ["4059068_363_69", "man"]], "ON": [["4059072_390_174", "4059070_384_166"], ["4059071_440_193", "4059069_420_170"], ["4059070_384_166", "4059068_363_69"], ["4059069_420_170", "4059068_363_69"]]}, "elements": {"object": ["4059072_390_174", "4059030_386_5", "4059031_372_80", "4059068_363_69", "4059071_440_193", "4059070_384_166", "4059069_420_170"], "label": ["fence", "leg", "building", "man", "tattoo"]}, "image": {"id": 2392946, "url": "https://cs.stanford.edu/people/rak248/VG_100K_2/2392946.jpg", "width": 500, "height": 321, "coco_id": null, "flickr_id": 9199871021}}