{"sorts": ["object", "label"], "predicates": {"threw": ["object", "object"], "red": ["object"], "flying": ["object"], "has_label": ["object", "label"], "catch": ["object", "object"], "ON": ["object", "object"], "white": ["object"], "IN": ["object", "object"], "grassy": ["object"], "old": ["object"], "treestump": ["object"], "playing": ["object", "object"], "full of": ["object", "object"], "green": ["object"], "OF": ["object", "object"], "looking at": ["object", "object"], "brown": ["object"], "standing on": ["object", "object"], "worn by": ["object", "object"]}, "interpretation": {"threw": [["260992_436_171", "260991_343_149"]], "red": [["260991_343_149"], ["260995_175_229"]], "flying": [["260991_343_149"]], "has_label": [["260992_436_171", "arm extension"], ["260991_343_149", "frisbee"], ["260993_123_171", "wrong position"], ["260996_218_161", "hedges"], ["260997_7_164", "border field"], ["261001_438_155", "boys"], ["261002_431_239", "sneaker feet"], ["261003_444_165", "man"], ["261004_0_222", "field"], ["260994_102_170", "tree stump"], ["261005_421_128", "people"], ["261007_11_50", "hill"], ["261008_19_76", "trees"], ["261009_278_182", "pile"], ["261010_252_175", "dirt"], ["261011_140_152", "men"], ["261012_139_150", "guys"], ["261013_177_175", "each other"], ["261014_142_205", "foot"], ["261015_99_173", "treebark"], ["260995_175_229", "shorts"]], "catch": [["260993_123_171", "260991_343_149"]], "ON": [["260996_218_161", "260997_7_164"], ["261001_438_155", "261002_431_239"], ["260993_123_171", "260994_102_170"], ["261011_140_152", "261004_0_222"], ["261014_142_205", "261015_99_173"], ["261011_140_152", "261004_0_222"], ["261014_142_205", "260994_102_170"]], "white": [["261002_431_239"]], "IN": [["261003_444_165", "261004_0_222"], ["261008_19_76", "261007_11_50"]], "grassy": [["261004_0_222"]], "old": [["260994_102_170"]], "treestump": [["260994_102_170"]], "playing": [["261005_421_128", "260991_343_149"], ["261011_140_152", "260991_343_149"]], "full of": [["261007_11_50", "261008_19_76"]], "green": [["261008_19_76"]], "OF": [["261009_278_182", "261010_252_175"]], "looking at": [["261012_139_150", "261013_177_175"]], "brown": [["261015_99_173"]], "standing on": [["261012_139_150", "261004_0_222"]], "worn by": [["260995_175_229", "261013_177_175"]]}, "elements": {"object": ["261001_438_155", "261012_139_150", "261015_99_173", "260995_175_229", "261013_177_175", "260991_343_149", "261008_19_76", "260994_102_170", "261002_431_239", "261011_140_152", "260993_123_171", "261009_278_182", "260997_7_164", "260996_218_161", "261007_11_50", "261014_142_205", "261004_0_222", "261005_421_128", "260992_436_171", "261010_252_175", "261003_444_165"], "label": ["sneaker feet", "hedges", "man", "hill", "trees", "treebark", "border field", "tree stump", "each other", "men", "arm extension", "pile", "foot", "frisbee", "shorts", "guys", "wrong position", "people", "boys", "dirt", "field"]}, "image": {"id": 2408476, "url": "https://cs.stanford.edu/people/rak248/VG_100K_2/2408476.jpg", "width": 500, "height": 333, "coco_id": 339674, "flickr_id": 129770137}}