{"sorts": ["object", "label"], "predicates": {"has_label": ["object", "label"], "orange": ["object"], "sitting": ["object"], "standing": ["object"], "pink": ["object"], "wrinkled": ["object"], "red": ["object"], "green": ["object"], "riding": ["object"], "metal": ["object"], "long": ["object"], "large": ["object"], "decorative": ["object"], "empty": ["object"], "below": ["object", "object"], "behind": ["object", "object"], "of": ["object", "object"], "under": ["object", "object"], "to_the_right_of": ["object", "object"], "on_top_of": ["object", "object"], "to_the_left_of": ["object", "object"], "on": ["object", "object"], "in_front_of": ["object", "object"], "above": ["object", "object"]}, "elements": {"object": ["817536", "817537", "817532", "817533", "817530", "817531", "817529", "817528", "817538", "817539", "817543", "817542", "817541", "817540", "817547", "817546", "817545", "817544", "817548"], "label": ["ear", "trunk", "bench", "umbrella", "umbrella", "person", "elephant", "bench", "legs", "elephants", "elephant", "gate", "eyes", "shirt", "paint", "ground", "hay", "tail", "trees"]}, "interpretation": {"has_label": [["817536", "ear"], ["817537", "trunk"], ["817532", "bench"], ["817533", "umbrella"], ["817530", "umbrella"], ["817531", "person"], ["817529", "elephant"], ["817528", "bench"], ["817538", "legs"], ["817539", "elephants"], ["817543", "elephant"], ["817542", "gate"], ["817541", "eyes"], ["817540", "shirt"], ["817547", "paint"], ["817546", "ground"], ["817545", "hay"], ["817544", "tail"], ["817548", "trees"]], "orange": [["817530"], ["817528"]], "sitting": [["817531"]], "standing": [["817529"]], "pink": [["817529"]], "wrinkled": [["817529"]], "red": [["817540"]], "green": [["817548"]], "riding": [["817531"]], "metal": [["817542"]], "long": [["817537"]], "large": [["817536"]], "decorative": [["817530"]], "empty": [["817528"]], "below": [["817531", "817530"], ["817531", "817533"]], "behind": [["817539", "817542"]], "of": [["817538", "817529"]], "under": [["817531", "817530"]], "to_the_right_of": [["817536", "817541"], ["817537", "817539"], ["817537", "817545"], ["817532", "817529"], ["817532", "817536"], ["817533", "817536"], ["817533", "817529"], ["817531", "817536"], ["817531", "817529"], ["817529", "817539"], ["817529", "817545"], ["817538", "817537"], ["817543", "817538"], ["817543", "817529"], ["817541", "817539"], ["817540", "817529"], ["817540", "817536"], ["817547", "817530"], ["817544", "817538"], ["817548", "817547"], ["817548", "817528"]], "on_top_of": [["817531", "817543"], ["817528", "817529"]], "to_the_left_of": [["817536", "817540"], ["817536", "817533"], ["817536", "817532"], ["817536", "817531"], ["817537", "817538"], ["817530", "817547"], ["817529", "817531"], ["817529", "817540"], ["817529", "817543"], ["817529", "817532"], ["817529", "817533"], ["817528", "817548"], ["817538", "817544"], ["817538", "817543"], ["817539", "817541"], ["817539", "817529"], ["817539", "817537"], ["817541", "817536"], ["817547", "817548"], ["817545", "817537"], ["817545", "817529"]], "on": [["817531", "817532"], ["817528", "817529"]], "in_front_of": [["817542", "817539"]], "above": [["817533", "817531"], ["817530", "817531"]]}}