{"sorts": ["object", "label"], "predicates": {"has_label": ["object", "label"], "clean": ["object"], "gray": ["object"], "hairy": ["object"], "brown": ["object"], "yellow": ["object"], "white": ["object"], "dusty": ["object"], "furry": ["object"], "old": ["object"], "sad": ["object"], "fat": ["object"], "lying": ["object"], "stacked": ["object"], "tall": ["object"], "fluffy": ["object"], "plastic": ["object"], "long": ["object"], "large": ["object"]}, "elements": {"object": ["620858", "620855", "620854", "620857", "620856"], "label": ["floor", "bottle", "books", "papers", "cat"]}, "interpretation": {"has_label": [["620858", "floor"], ["620855", "bottle"], ["620854", "books"], ["620857", "papers"], ["620856", "cat"]], "clean": [["620858"], ["620855"]], "gray": [["620856"]], "hairy": [["620856"]], "brown": [["620858"]], "yellow": [["620854"]], "white": [["620855"], ["620857"]], "dusty": [["620854"]], "furry": [["620856"]], "old": [["620854"]], "sad": [["620856"]], "fat": [["620856"]], "lying": [["620856"]], "stacked": [["620854"]], "tall": [["620855"]], "fluffy": [["620856"]], "plastic": [["620855"]], "long": [["620856"]], "large": [["620855"], ["620856"]]}}