{"sorts": ["object", "label"], "predicates": {"has_label": ["object", "label"], "cloudless": ["object"], "braided": ["object"], "clear": ["object"], "black": ["object"], "old_fashioned": ["object"], "brown": ["object"], "white": ["object"], "wood": ["object"], "thick": ["object"], "standing_next_to": ["object", "object"], "in": ["object", "object"], "to_the_right_of": ["object", "object"], "to_the_left_of": ["object", "object"], "standing_in": ["object", "object"], "standing_by": ["object", "object"], "wearing": ["object", "object"]}, "elements": {"object": ["3679573", "2900503", "2900501", "3660011", "2339575", "2571797", "1936789", "3248510", "3397387", "1718692", "2871919", "2235779", "2720782", "2825133", "3529499", "3679567", "2730581", "2584997", "3679548", "2288631", "2980734", "2942072", "2871920"], "label": ["hat", "horse", "cart", "post", "bottle", "grass", "mane", "field", "field", "wheel", "hat", "horse", "forest", "field", "field", "tree", "field", "field", "people", "sky", "train", "windows", "hat"]}, "interpretation": {"has_label": [["3679573", "hat"], ["2900503", "horse"], ["2900501", "cart"], ["3660011", "post"], ["2339575", "bottle"], ["2571797", "grass"], ["1936789", "mane"], ["3248510", "field"], ["3397387", "field"], ["1718692", "wheel"], ["2871919", "hat"], ["2235779", "horse"], ["2720782", "forest"], ["2825133", "field"], ["3529499", "field"], ["3679567", "tree"], ["2730581", "field"], ["2584997", "field"], ["3679548", "people"], ["2288631", "sky"], ["2980734", "train"], ["2942072", "windows"], ["2871920", "hat"]], "cloudless": [["2288631"]], "braided": [["1936789"]], "clear": [["2288631"]], "black": [["1718692"]], "old_fashioned": [["1718692"], ["2871919"]], "brown": [["2339575"]], "white": [["2571797"]], "wood": [["3660011"]], "thick": [["2720782"]], "standing_next_to": [["3679548", "2235779"]], "in": [["2900503", "3397387"], ["3679548", "3529499"], ["3679548", "3248510"], ["3679548", "2584997"], ["3679548", "2825133"], ["3679548", "2730581"]], "to_the_right_of": [["3679573", "3660011"], ["2900503", "1936789"], ["2900503", "3679573"], ["2900503", "2235779"], ["2900501", "2235779"], ["1936789", "3660011"], ["3248510", "3397387"], ["3248510", "2584997"], ["3397387", "2235779"], ["1718692", "2900501"], ["1718692", "2235779"], ["2871919", "2871920"], ["2235779", "3679573"], ["2235779", "3660011"], ["2584997", "3529499"], ["2584997", "2571797"], ["3679548", "3660011"], ["2942072", "2235779"], ["2942072", "1936789"]], "to_the_left_of": [["3679573", "2900503"], ["3679573", "2235779"], ["2900501", "1718692"], ["3660011", "3679573"], ["3660011", "2235779"], ["3660011", "1936789"], ["3660011", "3679548"], ["2571797", "2584997"], ["1936789", "2900503"], ["1936789", "2942072"], ["3397387", "3248510"], ["2235779", "2942072"], ["2235779", "1718692"], ["2235779", "3397387"], ["2235779", "2900501"], ["2235779", "2900503"], ["3529499", "2584997"], ["2584997", "3248510"], ["2871920", "2871919"]], "standing_in": [["2900503", "2730581"], ["2235779", "2730581"]], "standing_by": [["3679548", "2235779"]], "wearing": [["3679548", "3679573"], ["3679548", "2871919"]]}}