{"sorts": ["object", "label"], "predicates": {"has_label": ["object", "label"], "hanging": ["object"], "blue": ["object"], "white": ["object"], "dark": ["object"], "silver": ["object"], "open": ["object"], "large": ["object"], "to_the_left_of": ["object", "object"], "to_the_right_of": ["object", "object"]}, "elements": {"object": ["998673", "998672", "998661", "998657", "998663", "998664", "998666", "998667", "998668", "998669", "998659", "998658", "998671"], "label": ["plate", "floor", "wall", "mirror", "soap", "box", "garment", "cabinet", "doorway", "outlet", "faucet", "door", "basket"]}, "interpretation": {"has_label": [["998673", "plate"], ["998672", "floor"], ["998661", "wall"], ["998657", "mirror"], ["998663", "soap"], ["998664", "box"], ["998666", "garment"], ["998667", "cabinet"], ["998668", "doorway"], ["998669", "outlet"], ["998659", "faucet"], ["998658", "door"], ["998671", "basket"]], "hanging": [["998666"]], "blue": [["998661"]], "white": [["998663"], ["998667"], ["998658"], ["998671"]], "dark": [["998672"]], "silver": [["998659"]], "open": [["998668"]], "large": [["998657"]], "to_the_left_of": [["998672", "998667"], ["998661", "998657"], ["998664", "998667"], ["998666", "998661"], ["998668", "998657"], ["998668", "998661"], ["998668", "998673"], ["998668", "998669"], ["998668", "998667"], ["998669", "998657"], ["998658", "998666"], ["998658", "998668"], ["998658", "998671"], ["998658", "998672"], ["998658", "998664"]], "to_the_right_of": [["998673", "998668"], ["998672", "998658"], ["998661", "998668"], ["998661", "998666"], ["998657", "998661"], ["998657", "998669"], ["998657", "998668"], ["998664", "998658"], ["998666", "998658"], ["998667", "998664"], ["998667", "998668"], ["998667", "998672"], ["998668", "998658"], ["998669", "998668"], ["998671", "998658"]]}}