{"sorts": ["object", "label"], "predicates": {"has_label": ["object", "label"], "gray": ["object"], "blue": ["object"], "black": ["object"], "white": ["object"], "wood": ["object"], "to_the_right_of": ["object", "object"], "in": ["object", "object"], "to_the_left_of": ["object", "object"]}, "elements": {"object": ["4030725", "4030719", "4030709", "4030715", "4030704", "4030703", "4030713", "4030692"], "label": ["cabinet", "wall", "faucet", "towel", "door", "bathroom", "basket", "towel"]}, "interpretation": {"has_label": [["4030725", "cabinet"], ["4030719", "wall"], ["4030709", "faucet"], ["4030715", "towel"], ["4030704", "door"], ["4030703", "bathroom"], ["4030713", "basket"], ["4030692", "towel"]], "gray": [["4030715"]], "blue": [["4030713"]], "black": [["4030692"]], "white": [["4030725"]], "wood": [["4030704"]], "to_the_right_of": [["4030719", "4030713"], ["4030709", "4030715"], ["4030709", "4030692"], ["4030704", "4030719"], ["4030704", "4030713"], ["4030704", "4030709"], ["4030704", "4030725"], ["4030692", "4030715"]], "in": [["4030725", "4030703"], ["4030713", "4030703"]], "to_the_left_of": [["4030725", "4030704"], ["4030719", "4030704"], ["4030709", "4030704"], ["4030715", "4030709"], ["4030715", "4030692"], ["4030713", "4030704"], ["4030713", "4030719"], ["4030692", "4030709"]]}}