{"sorts": ["object", "label"], "predicates": {"on top of": ["object", "object"], "set": ["object"], "railroad type": ["object"], "additional set": ["object"], "train type": ["object"], "empty": ["object"], "bnsf": ["object"], "orange": ["object"], "freight type": ["object"], "existing": ["object"], "subject": ["object"], "object": ["object"], "has_label": ["object", "label"], "next to": ["object", "object"], "muddy": ["object"], "clean": ["object"], "brown": ["object"], "growing along": ["object", "object"], "has": ["object", "object"], "growing in": ["object", "object"], "growing": ["object"], "green": ["object"], "light": ["object"], "cluster": ["object"], "OF": ["object", "object"], "beyond": ["object", "object"], "thick": ["object"], "marshy": ["object"], "flat": ["object"], "distant": ["object"], "black": ["object"], "opposite directions": ["object"], "bright": ["object"], "bronze": ["object"], "with few": ["object", "object"], "few": ["object"], "reflections": ["object"], "blue": ["object"], "open": ["object"], "wide": ["object"], "on front of": ["object", "object"], "for": ["object", "object"], "seeing": ["object"], "riding": ["object", "object"], "near": ["object", "object"], "along": ["object", "object"], "leafy": ["object"], "tree-forested": ["object"], "small": ["object"], "inside": ["object", "object"], "IN": ["object", "object"], "reflected on": ["object", "object"], "beige": ["object"], "container type": ["object"], "red": ["object"], "gray": ["object"], "boxy": ["object"], "part of train": ["object"], "by": ["object", "object"], "surrounded by": ["object", "object"], "part of": ["object", "object"]}, "interpretation": {"on top of": [["500163_20_265", "500180_37_402"], ["500174_126_164", "500172_124_161"]], "set": [["500180_37_402"]], "railroad type": [["500180_37_402"]], "additional set": [["500180_37_402"]], "train type": [["500180_37_402"]], "empty": [["500180_37_402"]], "bnsf": [["500163_20_265"]], "orange": [["500163_20_265"], ["500176_156_341"], ["500177_161_370"], ["500178_209_328"]], "freight type": [["500163_20_265"]], "existing": [["500163_20_265"]], "subject": [["500163_20_265"]], "object": [["500163_20_265"]], "has_label": [["500163_20_265", "train"], ["500180_37_402", "tracks"], ["500165_1_136", "river"], ["500166_13_433", "bush"], ["500167_57_412", "bush"], ["500168_84_396", "bush"], ["500169_114_405", "bush"], ["500170_2_457", "bush"], ["500171_5_356", "shrubs"], ["500174_126_164", "trees"], ["500173_129_177", "island"], ["500175_2_129", "land"], ["500176_156_341", "engine"], ["500177_161_370", "engine"], ["500178_209_328", "engine"], ["500181_5_6", "sky"], ["500182_9_105", "clouds"], ["500184_161_398", "window"], ["500186_163_400", "engineer"], ["500185_172_401", "window"], ["500188_158_416", "headlight"], ["500189_165_416", "headlight"], ["500191_167_364", "roof"], ["500192_213_342", "roof"], ["500193_7_177", "trees"], ["500172_124_161", "island"], ["500194_5_6", "background"], ["500179_248_309", "car"], ["500197_289_287", "car"], ["500198_316_268", "car"]], "next to": [["500163_20_265", "500165_1_136"], ["500180_37_402", "500165_1_136"], ["500165_1_136", "500180_37_402"], ["500193_7_177", "500165_1_136"], ["500180_37_402", "500163_20_265"], ["500180_37_402", "500193_7_177"]], "muddy": [["500165_1_136"]], "clean": [["500165_1_136"]], "brown": [["500165_1_136"]], "growing along": [["500166_13_433", "500180_37_402"], ["500167_57_412", "500180_37_402"], ["500168_84_396", "500180_37_402"], ["500169_114_405", "500180_37_402"], ["500170_2_457", "500180_37_402"], ["500171_5_356", "500180_37_402"]], "has": [["500163_20_265", "500180_37_402"], ["500163_20_265", "500180_37_402"], ["500163_20_265", "500176_156_341"], ["500163_20_265", "500177_161_370"], ["500163_20_265", "500178_209_328"], ["500163_20_265", "500180_37_402"], ["500163_20_265", "500180_37_402"], ["500163_20_265", "500180_37_402"], ["500177_161_370", "500191_167_364"], ["500178_209_328", "500192_213_342"], ["500163_20_265", "500179_248_309"], ["500163_20_265", "500180_37_402"], ["500163_20_265", "500176_156_341"]], "growing in": [["500174_126_164", "500165_1_136"]], "growing": [["500174_126_164"]], "green": [["500174_126_164"], ["500193_7_177"], ["500172_124_161"]], "light": [["500174_126_164"]], "cluster": [["500174_126_164"]], "OF": [["500173_129_177", "500174_126_164"], ["500188_158_416", "500177_161_370"], ["500189_165_416", "500177_161_370"], ["500172_124_161", "500174_126_164"]], "beyond": [["500175_2_129", "500165_1_136"]], "thick": [["500175_2_129"]], "marshy": [["500175_2_129"]], "flat": [["500175_2_129"]], "distant": [["500175_2_129"]], "black": [["500176_156_341"]], "opposite directions": [["500176_156_341"]], "bright": [["500177_161_370"], ["500178_209_328"]], "bronze": [["500177_161_370"], ["500178_209_328"], ["500191_167_364"], ["500192_213_342"]], "with few": [["500181_5_6", "500182_9_105"]], "few": [["500182_9_105"]], "reflections": [["500182_9_105"]], "blue": [["500181_5_6"]], "open": [["500181_5_6"]], "wide": [["500181_5_6"]], "on front of": [["500184_161_398", "500177_161_370"], ["500185_172_401", "500177_161_370"]], "for": [["500184_161_398", "500186_163_400"], ["500185_172_401", "500186_163_400"]], "seeing": [["500186_163_400"]], "riding": [["500163_20_265", "500180_37_402"]], "near": [["500165_1_136", "500180_37_402"]], "along": [["500193_7_177", "500180_37_402"]], "leafy": [["500193_7_177"]], "tree-forested": [["500172_124_161"]], "small": [["500172_124_161"]], "inside": [["500174_126_164", "500165_1_136"]], "IN": [["500175_2_129", "500194_5_6"]], "reflected on": [["500182_9_105", "500165_1_136"]], "beige": [["500179_248_309"]], "container type": [["500179_248_309"]], "red": [["500179_248_309"]], "gray": [["500179_248_309"]], "boxy": [["500179_248_309"]], "part of train": [["500179_248_309"]], "by": [["500193_7_177", "500180_37_402"], ["500165_1_136", "500180_37_402"]], "surrounded by": [["500163_20_265", "500193_7_177"], ["500180_37_402", "500193_7_177"]], "part of": [["500197_289_287", "500163_20_265"], ["500198_316_268", "500163_20_265"]]}, "elements": {"object": ["500182_9_105", "500163_20_265", "500180_37_402", "500176_156_341", "500197_289_287", "500166_13_433", "500177_161_370", "500198_316_268", "500188_158_416", "500185_172_401", "500194_5_6", "500191_167_364", "500186_163_400", "500168_84_396", "500170_2_457", "500175_2_129", "500178_209_328", "500193_7_177", "500167_57_412", "500184_161_398", "500171_5_356", "500165_1_136", "500181_5_6", "500172_124_161", "500174_126_164", "500173_129_177", "500179_248_309", "500189_165_416", "500192_213_342", "500169_114_405"], "label": ["headlight", "trees", "island", "window", "engine", "sky", "background", "tracks", "shrubs", "land", "roof", "engineer", "car", "bush", "clouds", "train", "river"]}, "image": {"id": 2390136, "url": "https://cs.stanford.edu/people/rak248/VG_100K_2/2390136.jpg", "width": 333, "height": 500, "coco_id": 367954, "flickr_id": 7731999154}}