{"sorts": ["object", "label"], "predicates": {"next to": ["object", "object"], "white": ["object"], "has_label": ["object", "label"], "ON": ["object", "object"], "black": ["object"], "zebra patterned": ["object"], "inside": ["object", "object"], "glass": ["object"], "not private": ["object"], "wooden": ["object"], "silver": ["object"], "OF": ["object", "object"], "round": ["object"], "on": ["object"], "IN": ["object", "object"], "closed": ["object"], "by": ["object", "object"], "in corner of": ["object", "object"], "open spaced": ["object"], "oval": ["object"], "large": ["object"], "open": ["object"], "in corner": ["object"], "enclosed": ["object"], "has": ["object", "object"]}, "interpretation": {"next to": [["889876_374_183", "889877_146_153"], ["889876_374_183", "889877_146_153"]], "white": [["889876_374_183"], ["889878_168_147"], ["889884_192_170"]], "has_label": [["889876_374_183", "toilet"], ["889877_146_153", "tub"], ["889878_168_147", "towel"], ["889879_149_149", "bar"], ["889880_1_233", "bench"], ["889881_0_2", "shower"], ["889882_47_239", "towel"], ["889885_152_147", "towel bar"], ["889883_126_0", "shower door"], ["889886_1_1", "reflection"], ["889887_0_19", "white door"], ["889888_130_5", "reflection"], ["889889_250_7", "ceiling light"], ["889891_254_158", "fixtures"], ["889892_361_183", "fixtures"], ["889893_376_216", "lid"], ["889894_397_181", "water tank"], ["889884_192_170", "bath tub"], ["889895_3_1", "bathroom"], ["889898_142_300", "hinge"]], "ON": [["889878_168_147", "889879_149_149"], ["889882_47_239", "889880_1_233"], ["889885_152_147", "889883_126_0"], ["889891_254_158", "889877_146_153"], ["889892_361_183", "889877_146_153"], ["889893_376_216", "889876_374_183"], ["889894_397_181", "889876_374_183"], ["889878_168_147", "889885_152_147"], ["889885_152_147", "889883_126_0"], ["889893_376_216", "889876_374_183"], ["889882_47_239", "889880_1_233"], ["889885_152_147", "889883_126_0"], ["889878_168_147", "889885_152_147"]], "black": [["889878_168_147"], ["889880_1_233"]], "zebra patterned": [["889878_168_147"]], "inside": [["889880_1_233", "889881_0_2"]], "glass": [["889881_0_2"], ["889883_126_0"]], "not private": [["889881_0_2"]], "wooden": [["889880_1_233"]], "silver": [["889885_152_147"]], "OF": [["889886_1_1", "889887_0_19"], ["889888_130_5", "889889_250_7"], ["889886_1_1", "889887_0_19"]], "round": [["889889_250_7"]], "on": [["889889_250_7"]], "IN": [["889880_1_233", "889881_0_2"], ["889880_1_233", "889881_0_2"], ["889887_0_19", "889886_1_1"], ["889884_192_170", "889895_3_1"], ["889880_1_233", "889881_0_2"], ["889887_0_19", "889886_1_1"]], "closed": [["889893_376_216"]], "by": [["889876_374_183", "889877_146_153"]], "in corner of": [["889884_192_170", "889895_3_1"]], "open spaced": [["889895_3_1"]], "oval": [["889884_192_170"]], "large": [["889884_192_170"]], "open": [["889884_192_170"]], "in corner": [["889884_192_170"]], "enclosed": [["889884_192_170"]], "has": [["889883_126_0", "889898_142_300"]]}, "elements": {"object": ["889888_130_5", "889887_0_19", "889881_0_2", "889877_146_153", "889892_361_183", "889882_47_239", "889880_1_233", "889894_397_181", "889883_126_0", "889889_250_7", "889893_376_216", "889886_1_1", "889895_3_1", "889898_142_300", "889884_192_170", "889876_374_183", "889879_149_149", "889878_168_147", "889891_254_158", "889885_152_147"], "label": ["fixtures", "bench", "water tank", "towel bar", "ceiling light", "lid", "bar", "shower", "bath tub", "bathroom", "hinge", "towel", "tub", "shower door", "white door", "reflection", "toilet"]}, "image": {"id": 2347534, "url": "https://cs.stanford.edu/people/rak248/VG_100K/2347534.jpg", "width": 500, "height": 373, "coco_id": null, "flickr_id": 3604478567}}