{"sorts": ["object", "label"], "predicates": {"has_label": ["object", "label"], "snowy": ["object"], "black": ["object"], "blue": ["object"], "white": ["object"], "red": ["object"], "standing": ["object"], "on": ["object", "object"], "to_the_left_of": ["object", "object"], "in": ["object", "object"], "to_the_right_of": ["object", "object"]}, "elements": {"object": ["1314741", "1314739", "1314745", "1314747", "1314740", "1314749", "1314748", "1314746", "1314752", "1314735", "1314736", "1314737", "1314753", "1314751"], "label": ["hillside", "person", "coat", "person", "skis", "obstacle", "hill", "sky", "flags", "flag", "snow", "marker", "orange", "uniform"]}, "interpretation": {"has_label": [["1314741", "hillside"], ["1314739", "person"], ["1314745", "coat"], ["1314747", "person"], ["1314740", "skis"], ["1314749", "obstacle"], ["1314748", "hill"], ["1314746", "sky"], ["1314752", "flags"], ["1314735", "flag"], ["1314736", "snow"], ["1314737", "marker"], ["1314753", "orange"], ["1314751", "uniform"]], "snowy": [["1314741"]], "black": [["1314735"]], "blue": [["1314749"], ["1314746"], ["1314752"], ["1314737"], ["1314751"]], "white": [["1314736"]], "red": [["1314745"]], "standing": [["1314747"]], "on": [["1314739", "1314748"], ["1314735", "1314736"]], "to_the_left_of": [["1314752", "1314749"]], "in": [["1314735", "1314736"], ["1314737", "1314736"]], "to_the_right_of": [["1314749", "1314752"]]}}