{"sorts": ["object", "label"], "predicates": {"has_label": ["object", "label"], "parked": ["object"], "blue": ["object"], "black": ["object"], "brown": ["object"], "open": ["object"], "paved": ["object"], "wearing": ["object", "object"], "sitting_on": ["object", "object"], "to_the_right_of": ["object", "object"], "to_the_left_of": ["object", "object"]}, "elements": {"object": ["685660", "685657", "685658", "685666", "685665", "685664", "685663", "685661", "685659"], "label": ["uniform", "man", "sidewalk", "shoes", "pants", "trunk", "boots", "motorcycle", "officer"]}, "interpretation": {"has_label": [["685660", "uniform"], ["685657", "man"], ["685658", "sidewalk"], ["685666", "shoes"], ["685665", "pants"], ["685664", "trunk"], ["685663", "boots"], ["685661", "motorcycle"], ["685659", "officer"]], "parked": [["685661"]], "blue": [["685660"]], "black": [["685665"], ["685663"]], "brown": [["685666"]], "open": [["685664"]], "paved": [["685658"]], "wearing": [["685657", "685665"]], "sitting_on": [["685657", "685658"]], "to_the_right_of": [["685663", "685657"], ["685661", "685658"], ["685661", "685657"], ["685661", "685665"], ["685661", "685666"], ["685661", "685663"], ["685661", "685659"], ["685661", "685660"]], "to_the_left_of": [["685660", "685661"], ["685657", "685663"], ["685657", "685661"], ["685658", "685661"], ["685666", "685661"], ["685665", "685661"], ["685663", "685661"], ["685659", "685661"]]}}