{"sorts": ["object", "label"], "predicates": {"has_label": ["object", "label"], "blue": ["object"], "black": ["object"], "brown": ["object"], "leather": ["object"], "lit": ["object"], "behind": ["object", "object"], "to_the_right_of": ["object", "object"], "on_top_of": ["object", "object"], "to_the_left_of": ["object", "object"], "on": ["object", "object"], "in_front_of": ["object", "object"], "riding": ["object", "object"], "riding_on": ["object", "object"], "wearing": ["object", "object"]}, "elements": {"object": ["1125811", "1125814", "1125815", "1125812", "1125817", "1125803", "1125808", "1125809", "1125805", "1125804", "1125816", "1125806", "1125807", "1125813", "1125801", "1125802", "1125810"], "label": ["head", "uniform", "pockets", "radio", "watch", "horse", "helmet", "mouth", "mouth", "nose", "gloves", "bag", "arms", "trees", "man", "glasses", "ears"]}, "interpretation": {"has_label": [["1125811", "head"], ["1125814", "uniform"], ["1125815", "pockets"], ["1125812", "radio"], ["1125817", "watch"], ["1125803", "horse"], ["1125808", "helmet"], ["1125809", "mouth"], ["1125805", "mouth"], ["1125804", "nose"], ["1125816", "gloves"], ["1125806", "bag"], ["1125807", "arms"], ["1125813", "trees"], ["1125801", "man"], ["1125802", "glasses"], ["1125810", "ears"]], "blue": [["1125814"], ["1125808"]], "black": [["1125816"], ["1125806"], ["1125802"]], "brown": [["1125803"]], "leather": [["1125816"]], "lit": [["1125808"]], "behind": [["1125813", "1125801"]], "to_the_right_of": [["1125811", "1125813"], ["1125817", "1125803"], ["1125808", "1125813"], ["1125809", "1125810"], ["1125805", "1125806"], ["1125816", "1125812"], ["1125816", "1125803"], ["1125807", "1125815"], ["1125807", "1125803"], ["1125802", "1125813"], ["1125810", "1125813"]], "on_top_of": [["1125808", "1125801"]], "to_the_left_of": [["1125815", "1125807"], ["1125812", "1125816"], ["1125803", "1125817"], ["1125803", "1125807"], ["1125803", "1125816"], ["1125806", "1125805"], ["1125813", "1125808"], ["1125813", "1125810"], ["1125813", "1125802"], ["1125813", "1125811"], ["1125810", "1125809"]], "on": [["1125806", "1125803"], ["1125801", "1125803"]], "in_front_of": [["1125801", "1125813"]], "riding": [["1125801", "1125803"]], "riding_on": [["1125801", "1125803"]], "wearing": [["1125801", "1125817"]]}}