{"sorts": ["object", "label"], "predicates": {"has_label": ["object", "label"], "orange": ["object"], "gray": ["object"], "clear": ["object"], "blue": ["object"], "water": ["object"], "white": ["object"], "large": ["object"], "looking_at": ["object", "object"], "in": ["object", "object"], "to_the_right_of": ["object", "object"], "on_top_of": ["object", "object"], "to_the_left_of": ["object", "object"], "on": ["object", "object"], "above": ["object", "object"]}, "elements": {"object": ["911014", "911015", "911016", "911011", "911012", "911013", "911009", "911008"], "label": ["flag", "flag", "sky", "antenna", "man", "pole", "boat", "ocean"]}, "interpretation": {"has_label": [["911014", "flag"], ["911015", "flag"], ["911016", "sky"], ["911011", "antenna"], ["911012", "man"], ["911013", "pole"], ["911009", "boat"], ["911008", "ocean"]], "orange": [["911014"]], "gray": [["911009"]], "clear": [["911016"]], "blue": [["911015"], ["911016"], ["911008"]], "water": [["911008"]], "white": [["911011"], ["911013"]], "large": [["911008"]], "looking_at": [["911012", "911008"]], "in": [["911012", "911009"], ["911009", "911008"]], "to_the_right_of": [["911014", "911012"], ["911015", "911012"], ["911015", "911014"]], "on_top_of": [["911011", "911009"]], "to_the_left_of": [["911014", "911015"], ["911012", "911015"], ["911012", "911014"]], "on": [["911014", "911009"], ["911011", "911009"], ["911012", "911009"], ["911009", "911008"]], "above": [["911016", "911008"]]}}