{"sorts": ["object", "label"], "predicates": {"ON": ["object", "object"], "has_label": ["object", "label"], "hangs from": ["object", "object"], "silver": ["object"], "sitting on": ["object", "object"], "hanging on": ["object", "object"], "watching": ["object", "object"], "large": ["object"], "pull-down": ["object"], "attached to": ["object", "object"]}, "interpretation": {"ON": [["439071_388_116", "439072_240_119"]], "has_label": [["439071_388_116", "books"], ["439072_240_119", "shelves"], ["439079_116_53", "projector"], ["439080_17_5", "ceiling"], ["439081_462_113", "photos"], ["439082_413_78", "wall"], ["439065_225_85", "people"], ["439077_10_76", "screen"]], "hangs from": [["439079_116_53", "439080_17_5"]], "silver": [["439079_116_53"]], "sitting on": [["439071_388_116", "439072_240_119"]], "hanging on": [["439081_462_113", "439082_413_78"]], "watching": [["439065_225_85", "439077_10_76"], ["439065_225_85"]], "large": [["439077_10_76"]], "pull-down": [["439077_10_76"]], "attached to": [["439079_116_53", "439080_17_5"]]}, "elements": {"object": ["439077_10_76", "439079_116_53", "439071_388_116", "439080_17_5", "439082_413_78", "439072_240_119", "439081_462_113", "439065_225_85"], "label": ["shelves", "people", "photos", "books", "ceiling", "screen", "projector", "wall"]}, "image": {"id": 2396943, "url": "https://cs.stanford.edu/people/rak248/VG_100K_2/2396943.jpg", "width": 500, "height": 375, "coco_id": 195391, "flickr_id": 6418828053}}