{"sorts": ["object", "label"], "predicates": {"under": ["object", "object"], "white": ["object"], "wood": ["object"], "has_label": ["object", "label"], "above": ["object", "object"], "streaming in": ["object", "object"], "arched": ["object"], "ON": ["object", "object"], "silver": ["object"], "sivler": ["object"], "orange": ["object"]}, "interpretation": {"under": [["661944_432_185", "3819514_457_167"]], "white": [["661944_432_185"], ["661957_438_44"]], "wood": [["661944_432_185"]], "has_label": [["661944_432_185", "cabinets"], ["3819514_457_167", "sink"], ["661945_110_2", "vent"], ["3819515_64_235", "ground"], ["3819516_211_51", "light"], ["661943_373_66", "window"], ["3819517_396_113", "towels"], ["661950_382_102", "rack"], ["661954_441_186", "handle"], ["661955_432_170", "vanity"], ["661956_465_50", "mirror"], ["661957_438_44", "wall"], ["661958_459_140", "vase"]], "above": [["661945_110_2", "3819515_64_235"]], "streaming in": [["3819516_211_51", "661943_373_66"]], "arched": [["661943_373_66"]], "ON": [["3819517_396_113", "661950_382_102"], ["661954_441_186", "661955_432_170"], ["661956_465_50", "661957_438_44"], ["661958_459_140", "661955_432_170"]], "silver": [["661950_382_102"]], "sivler": [["661950_382_102"]], "orange": [["3819517_396_113"]]}, "elements": {"object": ["3819515_64_235", "661945_110_2", "661943_373_66", "661954_441_186", "3819514_457_167", "661944_432_185", "661955_432_170", "3819516_211_51", "661956_465_50", "661957_438_44", "3819517_396_113", "661958_459_140", "661950_382_102"], "label": ["mirror", "cabinets", "window", "sink", "vase", "handle", "vent", "rack", "towels", "wall", "vanity", "ground", "light"]}, "image": {"id": 2399108, "url": "https://cs.stanford.edu/people/rak248/VG_100K_2/2399108.jpg", "width": 500, "height": 350, "coco_id": null, "flickr_id": 6266102768}}