{"sorts": ["object", "label"], "predicates": {"field of": ["object", "object"], "leafy": ["object"], "green": ["object"], "has_label": ["object", "label"], "OF": ["object", "object"], "bright green": ["object"], "full of": ["object", "object"], "in jungle are": ["object", "object"], "ON": ["object", "object"], "lush": ["object"], "feeding on a": ["object", "object"], "brown": ["object"], "standing": ["object"], "dark brown": ["object"], "IN": ["object", "object"], "bright": ["object"], "tropical": ["object"], "are standing": ["object", "object"], "behind": ["object", "object"], "feeding": ["object"], "grazing": ["object"], "at edge of": ["object", "object"], "copyright": ["object"], "tan": ["object"]}, "interpretation": {"field of": [["1184832_328_1", "1184833_282_1"]], "leafy": [["1184832_328_1"]], "green": [["1184832_328_1"], ["1184834_342_0"]], "has_label": [["1184832_328_1", "green bushes"], ["1184833_282_1", "trees"], ["1184834_342_0", "green folage"], ["1184836_268_1", "forest"], ["1184838_338_230", "green grass"], ["1184839_344_228", "ground"], ["1184840_201_8", "giraffe"], ["1184842_154_1", "tree"], ["1184843_0_1", "branches"], ["1184844_1_0", "tree"], ["1184830_329_150", "yellow leaves"], ["1184845_148_1", "feeding"], ["1184847_317_197", "black tail"], ["1184848_126_7", "giraffes"], ["1184851_328_118", "water"], ["1184852_322_0", "jungle"], ["1184853_237_170", "brown spots"], ["1184855_14_303", "copyright"], ["1184854_1_1", "zoo"], ["1184856_168_155", "tan spots"], ["1184841_126_74", "giraffe"]], "OF": [["1184832_328_1", "1184834_342_0"]], "bright green": [["1184834_342_0"], ["1184830_329_150"]], "full of": [["1184836_268_1", "1184833_282_1"], ["1184836_268_1", "1184833_282_1"]], "in jungle are": [["1184834_342_0", "1184832_328_1"]], "ON": [["1184838_338_230", "1184839_344_228"], ["1184843_0_1", "1184844_1_0"], ["1184847_317_197", "1184840_201_8"], ["1184853_237_170", "1184840_201_8"], ["1184855_14_303", "1184854_1_1"], ["1184856_168_155", "1184841_126_74"], ["1184856_168_155", "1184841_126_74"]], "lush": [["1184838_338_230"]], "feeding on a": [["1184840_201_8", "1184842_154_1"]], "brown": [["1184840_201_8"], ["1184843_0_1"]], "standing": [["1184840_201_8"], ["1184848_126_7"]], "dark brown": [["1184840_201_8"]], "IN": [["1184830_329_150", "1184834_342_0"], ["1184834_342_0", "1184852_322_0"], ["1184848_126_7", "1184854_1_1"]], "bright": [["1184830_329_150"]], "tropical": [["1184830_329_150"]], "are standing": [["1184840_201_8", "1184845_148_1"]], "behind": [["1184833_282_1", "1184848_126_7"], ["1184833_282_1", "1184848_126_7"]], "feeding": [["1184848_126_7"]], "grazing": [["1184848_126_7"]], "at edge of": [["1184851_328_118", "1184852_322_0"]], "copyright": [["1184854_1_1"]], "tan": [["1184841_126_74"]]}, "elements": {"object": ["1184845_148_1", "1184841_126_74", "1184839_344_228", "1184832_328_1", "1184848_126_7", "1184847_317_197", "1184855_14_303", "1184856_168_155", "1184830_329_150", "1184838_338_230", "1184836_268_1", "1184844_1_0", "1184843_0_1", "1184834_342_0", "1184840_201_8", "1184854_1_1", "1184833_282_1", "1184851_328_118", "1184853_237_170", "1184852_322_0", "1184842_154_1"], "label": ["giraffes", "forest", "tree", "ground", "tan spots", "green bushes", "green folage", "trees", "giraffe", "zoo", "feeding", "water", "green grass", "copyright", "brown spots", "yellow leaves", "branches", "jungle", "black tail"]}, "image": {"id": 2397935, "url": "https://cs.stanford.edu/people/rak248/VG_100K_2/2397935.jpg", "width": 500, "height": 333, "coco_id": null, "flickr_id": 4009572412}}