{"sorts": ["object", "label"], "predicates": {"IN": ["object", "object"], "has_label": ["object", "label"], "behind": ["object", "object"], "big": ["object"], "ON": ["object", "object"], "red": ["object"], "white": ["object"], "blue": ["object"]}, "interpretation": {"IN": [["2212376_346_320", "2212377_351_337"], ["2207164_390_104", "2207165_19_3"]], "has_label": [["2212376_346_320", "rhombus signboard"], ["2212377_351_337", "pole"], ["1737295_198_114", "mountain"], ["1737296_267_186", "pine"], ["1737297_205_139", "pine"], ["1737298_117_159", "pine"], ["1707186_231_307", "letter"], ["1707187_223_291", "signboard"], ["2207164_390_104", "cloud"], ["2207165_19_3", "blue sky"]], "behind": [["1737295_198_114", "1737296_267_186"], ["1737295_198_114", "1737297_205_139"], ["1737295_198_114", "1737298_117_159"]], "big": [["1737295_198_114"]], "ON": [["1707186_231_307", "1707187_223_291"]], "red": [["1707187_223_291"]], "white": [["1707186_231_307"], ["2207164_390_104"]], "blue": [["2207165_19_3"]]}, "elements": {"object": ["2212376_346_320", "2212377_351_337", "1737297_205_139", "1737295_198_114", "1707186_231_307", "1737298_117_159", "2207165_19_3", "1707187_223_291", "2207164_390_104", "1737296_267_186"], "label": ["blue sky", "rhombus signboard", "cloud", "signboard", "pine", "letter", "pole", "mountain"]}, "image": {"id": 2351549, "url": "https://cs.stanford.edu/people/rak248/VG_100K/2351549.jpg", "width": 500, "height": 375, "coco_id": null, "flickr_id": 3871385094}}