{"sorts": ["object", "label"], "predicates": {"ON": ["object", "object"], "glass": ["object"], "full": ["object"], "has_label": ["object", "label"], "OF": ["object", "object"], "ripe": ["object"], "green": ["object"], "metal": ["object"], "rippled": ["object"], "white": ["object"], "under": ["object", "object"], "bunch": ["object"], "wooden": ["object"]}, "interpretation": {"ON": [["461246_109_86", "461247_0_3"], ["461252_0_15", "461253_0_1"], ["461243_240_288", "461247_0_3"], ["461243_240_288", "461247_0_3"], ["461254_109_86", "461247_0_3"], ["461247_0_3", "461251_1_17"]], "glass": [["461247_0_3"]], "full": [["461246_109_86"]], "has_label": [["461246_109_86", "basket"], ["461247_0_3", "table"], ["461252_0_15", "hole"], ["461253_0_1", "blinds"], ["461257_2_195", "side"], ["461243_240_288", "limes"], ["461254_109_86", "bowl"], ["461259_193_28", "part"], ["461250_184_22", "leg"], ["461260_353_199", "orange"], ["461244_199_74", "bananas"], ["461251_1_17", "deck"]], "OF": [["461257_2_195", "461247_0_3"], ["461259_193_28", "461250_184_22"]], "ripe": [["461243_240_288"], ["461244_199_74"]], "green": [["461243_240_288"]], "metal": [["461254_109_86"], ["461250_184_22"]], "rippled": [["461254_109_86"]], "white": [["461250_184_22"]], "under": [["461260_353_199", "461244_199_74"], ["461251_1_17", "461247_0_3"]], "bunch": [["461244_199_74"]], "wooden": [["461251_1_17"]]}, "elements": {"object": ["461243_240_288", "461250_184_22", "461253_0_1", "461251_1_17", "461244_199_74", "461259_193_28", "461260_353_199", "461257_2_195", "461246_109_86", "461254_109_86", "461252_0_15", "461247_0_3"], "label": ["leg", "bowl", "orange", "basket", "limes", "hole", "bananas", "part", "deck", "blinds", "side", "table"]}, "image": {"id": 2394769, "url": "https://cs.stanford.edu/people/rak248/VG_100K_2/2394769.jpg", "width": 500, "height": 500, "coco_id": null, "flickr_id": 2081874742}}