{"sorts": ["object", "label"], "predicates": {"has a": ["object", "object"], "empty": ["object"], "clear": ["object"], "white": ["object"], "has_label": ["object", "label"], "IN": ["object", "object"], "green": ["object"], "made of": ["object", "object"], "here": ["object"], "OF": ["object", "object"], "has": ["object", "object"], "with": ["object", "object"], "with a": ["object", "object"], "plastic": ["object"], "yellow": ["object"], "full of": ["object", "object"], "bright": ["object"], "bunched": ["object"], "ON": ["object", "object"], "granite": ["object"]}, "interpretation": {"has a": [["1211707_2_206", "1211708_0_43"]], "empty": [["1211708_0_43"], ["1211707_2_206"]], "clear": [["1211708_0_43"]], "white": [["1211707_2_206"]], "has_label": [["1211707_2_206", "blender"], ["1211708_0_43", "pitcher"], ["1211709_354_216", "orange juice"], ["1211710_355_181", "glass"], ["1211711_367_224", "ice cubes"], ["1211712_353_6", "bottle of rum"], ["1211713_352_56", "glass"], ["1211714_296_0", "bottle"], ["1211715_309_89", "vodka"], ["1211723_110_67", "pineapple"], ["1211722_83_7", "leaves"], ["1211724_375_7", "cap"], ["1211725_56_156", "basket"], ["1211721_66_116", "bananas"], ["1211726_2_3", "countertop"], ["1211719_82_196", "lime"], ["1211717_126_180", "lemon"]], "IN": [["1211709_354_216", "1211710_355_181"], ["1211711_367_224", "1211709_354_216"]], "green": [["1211710_355_181"], ["1211722_83_7"], ["1211719_82_196"]], "made of": [["1211712_353_6", "1211713_352_56"]], "here": [["1211712_353_6"]], "OF": [["1211714_296_0", "1211715_309_89"]], "has": [["1211723_110_67", "1211722_83_7"]], "with": [["1211710_355_181", "1211711_367_224"], ["1211710_355_181", "1211709_354_216"], ["1211723_110_67", "1211722_83_7"], ["1211725_56_156", "1211719_82_196"], ["1211725_56_156", "1211717_126_180"], ["1211725_56_156", "1211721_66_116"]], "with a": [["1211712_353_6", "1211724_375_7"]], "plastic": [["1211724_375_7"]], "yellow": [["1211724_375_7"], ["1211721_66_116"], ["1211717_126_180"]], "full of": [["1211725_56_156", "1211721_66_116"]], "bright": [["1211721_66_116"], ["1211719_82_196"], ["1211717_126_180"]], "bunched": [["1211721_66_116"]], "ON": [["1211707_2_206", "1211726_2_3"], ["1211712_353_6", "1211726_2_3"], ["1211723_110_67", "1211726_2_3"]], "granite": [["1211726_2_3"]]}, "elements": {"object": ["1211707_2_206", "1211714_296_0", "1211722_83_7", "1211719_82_196", "1211708_0_43", "1211710_355_181", "1211725_56_156", "1211713_352_56", "1211717_126_180", "1211721_66_116", "1211712_353_6", "1211723_110_67", "1211715_309_89", "1211726_2_3", "1211711_367_224", "1211724_375_7", "1211709_354_216"], "label": ["bottle", "pineapple", "ice cubes", "pitcher", "cap", "basket", "lemon", "bananas", "leaves", "lime", "blender", "countertop", "glass", "orange juice", "vodka", "bottle of rum"]}, "image": {"id": 2394489, "url": "https://cs.stanford.edu/people/rak248/VG_100K_2/2394489.jpg", "width": 500, "height": 375, "coco_id": null, "flickr_id": 2772878888}}