{"sorts": ["object", "label"], "predicates": {"has_label": ["object", "label"], "orange": ["object"], "brown": ["object"], "wide": ["object"], "pink": ["object"], "marble": ["object"], "red": ["object"], "to_the_right_of": ["object", "object"], "sitting_on": ["object", "object"], "to_the_left_of": ["object", "object"], "holding": ["object", "object"], "wearing": ["object", "object"]}, "elements": {"object": ["1940294", "1847617", "3123046", "2632707", "2329367", "3459454", "3459453", "3506521", "3039304", "3189517", "3738332", "3738333", "3738327", "1965984", "2997257", "3738328", "2202801", "3323687"], "label": ["wall", "hand", "foot", "hand", "letters", "cell_phone", "cell_phone", "sign", "skirt", "shirt", "platform", "step", "sandal", "scarf", "woman", "thumb", "step", "hat"]}, "interpretation": {"has_label": [["1940294", "wall"], ["1847617", "hand"], ["3123046", "foot"], ["2632707", "hand"], ["2329367", "letters"], ["3459454", "cell_phone"], ["3459453", "cell_phone"], ["3506521", "sign"], ["3039304", "skirt"], ["3189517", "shirt"], ["3738332", "platform"], ["3738333", "step"], ["3738327", "sandal"], ["1965984", "scarf"], ["2997257", "woman"], ["3738328", "thumb"], ["2202801", "step"], ["3323687", "hat"]], "orange": [["3189517"]], "brown": [["3323687"]], "wide": [["3738327"]], "pink": [["3039304"]], "marble": [["3738333"], ["2202801"]], "red": [["2329367"]], "to_the_right_of": [["1847617", "3189517"], ["3123046", "3039304"], ["2632707", "3189517"], ["3459454", "3189517"], ["3459453", "3189517"], ["3039304", "1940294"], ["2997257", "1940294"], ["3738328", "3189517"], ["2202801", "3189517"]], "sitting_on": [["2997257", "3738333"], ["2997257", "3738332"]], "to_the_left_of": [["1940294", "2997257"], ["1940294", "3039304"], ["3039304", "3123046"], ["3189517", "3738328"], ["3189517", "2202801"], ["3189517", "2632707"], ["3189517", "1847617"], ["3189517", "3459454"], ["3189517", "3459453"]], "holding": [["2997257", "3459454"], ["2997257", "3459453"]], "wearing": [["2997257", "3039304"], ["2997257", "3189517"], ["2997257", "3323687"]]}}