{"sorts": ["object", "label"], "predicates": {"IN": ["object", "object"], "brown": ["object"], "stuffed": ["object"], "two toned": ["object"], "here": ["object"], "doll": ["object"], "has_label": ["object", "label"], "ON": ["object", "object"], "wood": ["object"], "board": ["object"], "white": ["object"], "in stack": ["object"], "part of a pile": ["object"], "has": ["object", "object"], "up": ["object"], "round": ["object"], "OF": ["object", "object"]}, "interpretation": {"IN": [["780502_45_112", "780503_0_162"], ["780506_243_174", "780503_0_162"], ["780507_276_214", "780506_243_174"], ["780502_45_112", "780503_0_162"]], "brown": [["780502_45_112"], ["780505_5_39"]], "stuffed": [["780502_45_112"]], "two toned": [["780502_45_112"]], "here": [["780502_45_112"], ["780505_5_39"], ["780504_207_1"], ["780506_243_174"]], "doll": [["780502_45_112"]], "has_label": [["780502_45_112", "bear"], ["780503_0_162", "drawer"], ["780504_207_1", "book"], ["780505_5_39", "dresser"], ["780506_243_174", "divider"], ["780507_276_214", "object"], ["780510_98_113", "ear"], ["780508_118_152", "nose"], ["780512_46_193", "paw"], ["780513_45_185", "arm"], ["780514_174_191", "arm"], ["780516_250_2", "reflection"]], "ON": [["780504_207_1", "780505_5_39"], ["780504_207_1", "780505_5_39"], ["780504_207_1", "780505_5_39"], ["780516_250_2", "780504_207_1"]], "wood": [["780505_5_39"]], "board": [["780505_5_39"]], "white": [["780504_207_1"], ["780508_118_152"]], "in stack": [["780504_207_1"]], "part of a pile": [["780504_207_1"]], "has": [["780502_45_112", "780510_98_113"], ["780502_45_112", "780508_118_152"]], "up": [["780510_98_113"]], "round": [["780510_98_113"], ["780508_118_152"]], "OF": [["780512_46_193", "780502_45_112"], ["780513_45_185", "780502_45_112"], ["780514_174_191", "780502_45_112"]]}, "elements": {"object": ["780505_5_39", "780504_207_1", "780516_250_2", "780510_98_113", "780502_45_112", "780503_0_162", "780512_46_193", "780508_118_152", "780507_276_214", "780506_243_174", "780513_45_185", "780514_174_191"], "label": ["book", "ear", "arm", "divider", "object", "bear", "dresser", "paw", "drawer", "reflection", "nose"]}, "image": {"id": 2361654, "url": "https://cs.stanford.edu/people/rak248/VG_100K/2361654.jpg", "width": 500, "height": 333, "coco_id": 346540, "flickr_id": 135680615}}