{"sorts": ["object", "label"], "predicates": {"in front of": ["object", "object"], "brown": ["object"], "sitting": ["object"], "enclosed": ["object"], "dark": ["object"], "big": ["object"], "forward": ["object"], "has_label": ["object", "label"], "has": ["object", "object"], "under": ["object", "object"], "cement": ["object"], "bare": ["object"], "grey": ["object"], "behind": ["object", "object"], "dry": ["object"], "large": ["object"]}, "interpretation": {"in front of": [["488320_0_0", "488316_203_124"], ["488320_0_0", "488316_203_124"]], "brown": [["488316_203_124"]], "sitting": [["488316_203_124"]], "enclosed": [["488316_203_124"]], "dark": [["488316_203_124"]], "big": [["488316_203_124"], ["488317_28_83"]], "forward": [["488320_0_0"]], "has_label": [["488320_0_0", "branch"], ["488316_203_124", "bear"], ["488321_254_248", "claw"], ["488319_3_113", "ground"], ["488322_9_24", "log"], ["488317_28_83", "rock"]], "has": [["488316_203_124", "488321_254_248"]], "under": [["488319_3_113", "488316_203_124"]], "cement": [["488319_3_113"]], "bare": [["488319_3_113"]], "grey": [["488319_3_113"]], "behind": [["488322_9_24", "488316_203_124"], ["488317_28_83", "488316_203_124"]], "dry": [["488322_9_24"]], "large": [["488317_28_83"]]}, "elements": {"object": ["488322_9_24", "488319_3_113", "488317_28_83", "488316_203_124", "488320_0_0", "488321_254_248"], "label": ["branch", "claw", "ground", "log", "rock", "bear"]}, "image": {"id": 2391531, "url": "https://cs.stanford.edu/people/rak248/VG_100K_2/2391531.jpg", "width": 500, "height": 333, "coco_id": null, "flickr_id": 469550020}}