{"sorts": ["object", "label"], "predicates": {"has a": ["object", "object"], "posing": ["object"], "smiling": ["object"], "concerned": ["object"], "has_label": ["object", "label"], "carrying a": ["object", "object"], "red": ["object"], "brown": ["object"], "holding": ["object", "object"], "polished": ["object"], "blue": ["object"], "dark": ["object"], "wearing a": ["object", "object"], "striped": ["object"], "white": ["object"], "short sleeve": ["object"], "making a": ["object", "object"], "scary": ["object"], "WEARING": ["object", "object"], "black": ["object"], "has one red": ["object", "object"], "plastic": ["object"], "large": ["object"], "weird": ["object"], "displayed": ["object"], "posing with a": ["object", "object"], "over": ["object", "object"], "asian": ["object"], "holding onto": ["object", "object"]}, "interpretation": {"has a": [["1159007_149_242", "1159008_257_244"], ["1159007_149_242", "1159010_157_329"], ["1159007_149_242", "1159011_157_329"], ["1159007_149_242", "1159013_268_290"], ["1159007_149_242", "1159014_266_280"], ["1159016_7_99", "1159017_3_104"], ["1159007_149_242", "1159020_170_328"]], "posing": [["1159007_149_242"]], "smiling": [["1159007_149_242"]], "concerned": [["1159007_149_242"]], "has_label": [["1159007_149_242", "girl"], ["1159008_257_244", "head"], ["1159009_264_439", "bag"], ["1159010_157_329", "arm"], ["1159011_157_329", "hand"], ["1159013_268_290", "mouth"], ["1159014_266_280", "nose"], ["1159016_7_99", "bear statue"], ["1159017_3_104", "head"], ["1159019_44_342", "arm"], ["1159020_170_328", "nail"], ["1159022_235_329", "shirt"], ["1159023_263_257", "face"], ["1159024_259_266", "glasses"], ["1159018_5_105", "bear"], ["1159025_74_183", "eye"], ["1159030_285_326", "shoulder"], ["1159029_155_251", "woman"], ["1159033_156_343", "nail polish"]], "carrying a": [["1159007_149_242", "1159009_264_439"]], "red": [["1159009_264_439"], ["1159025_74_183"]], "brown": [["1159016_7_99"], ["1159018_5_105"]], "holding": [["1159007_149_242", "1159019_44_342"]], "polished": [["1159020_170_328"]], "blue": [["1159020_170_328"], ["1159022_235_329"]], "dark": [["1159020_170_328"]], "wearing a": [["1159007_149_242", "1159022_235_329"], ["1159007_149_242", "1159022_235_329"]], "striped": [["1159022_235_329"]], "white": [["1159022_235_329"]], "short sleeve": [["1159022_235_329"]], "making a": [["1159007_149_242", "1159023_263_257"]], "scary": [["1159023_263_257"]], "WEARING": [["1159007_149_242", "1159024_259_266"], ["1159029_155_251", "1159024_259_266"], ["1159007_149_242", "1159024_259_266"], ["1159007_149_242", "1159033_156_343"]], "black": [["1159024_259_266"]], "has one red": [["1159018_5_105", "1159025_74_183"]], "plastic": [["1159018_5_105"]], "large": [["1159018_5_105"]], "weird": [["1159018_5_105"]], "displayed": [["1159018_5_105"]], "posing with a": [["1159007_149_242", "1159018_5_105"]], "over": [["1159009_264_439", "1159030_285_326"]], "asian": [["1159029_155_251"]], "holding onto": [["1159007_149_242", "1159016_7_99"]]}, "elements": {"object": ["1159025_74_183", "1159033_156_343", "1159013_268_290", "1159014_266_280", "1159022_235_329", "1159018_5_105", "1159020_170_328", "1159011_157_329", "1159029_155_251", "1159007_149_242", "1159016_7_99", "1159010_157_329", "1159017_3_104", "1159009_264_439", "1159008_257_244", "1159024_259_266", "1159030_285_326", "1159019_44_342", "1159023_263_257"], "label": ["bag", "shoulder", "girl", "mouth", "glasses", "woman", "face", "eye", "nail polish", "bear", "nail", "arm", "bear statue", "hand", "shirt", "head", "nose"]}, "image": {"id": 2400439, "url": "https://cs.stanford.edu/people/rak248/VG_100K_2/2400439.jpg", "width": 334, "height": 500, "coco_id": 71224, "flickr_id": 8027273225}}