{"sorts": ["object", "label"], "predicates": {"has_label": ["object", "label"], "gray": ["object"], "blue": ["object"], "black": ["object"], "white": ["object"], "skating": ["object"], "sitting": ["object"], "metal": ["object"], "standing": ["object"], "wearing": ["object", "object"], "to_the_left_of": ["object", "object"], "holding": ["object", "object"], "to_the_right_of": ["object", "object"]}, "elements": {"object": ["275857", "275856", "275855", "275854", "275853", "275852", "275851", "275850", "275859", "275858", "275848", "275849", "275861", "275844", "275845", "275846", "275847"], "label": ["pants", "sneakers", "sneakers", "hand", "skateboard", "man", "boy", "t-shirt", "skateboard", "shirt", "pants", "skateboarder", "shirt", "skateboard", "shoe", "shoe", "fence"]}, "interpretation": {"has_label": [["275857", "pants"], ["275856", "sneakers"], ["275855", "sneakers"], ["275854", "hand"], ["275853", "skateboard"], ["275852", "man"], ["275851", "boy"], ["275850", "t-shirt"], ["275859", "skateboard"], ["275858", "shirt"], ["275848", "pants"], ["275849", "skateboarder"], ["275861", "shirt"], ["275844", "skateboard"], ["275845", "shoe"], ["275846", "shoe"], ["275847", "fence"]], "gray": [["275857"]], "blue": [["275856"], ["275855"], ["275861"]], "black": [["275850"], ["275848"]], "white": [["275858"], ["275845"], ["275846"]], "skating": [["275849"]], "sitting": [["275851"]], "metal": [["275847"]], "standing": [["275853"], ["275852"]], "wearing": [["275851", "275858"], ["275849", "275848"], ["275849", "275850"]], "to_the_left_of": [["275857", "275844"], ["275856", "275859"], ["275853", "275844"], ["275853", "275858"], ["275851", "275844"], ["275851", "275852"], ["275858", "275844"], ["275848", "275859"], ["275845", "275852"], ["275845", "275844"], ["275845", "275857"], ["275845", "275853"], ["275846", "275844"], ["275846", "275852"], ["275846", "275853"]], "holding": [["275852", "275853"]], "to_the_right_of": [["275857", "275845"], ["275853", "275846"], ["275853", "275845"], ["275852", "275851"], ["275852", "275845"], ["275852", "275846"], ["275859", "275848"], ["275859", "275856"], ["275858", "275853"], ["275844", "275857"], ["275844", "275853"], ["275844", "275851"], ["275844", "275858"], ["275844", "275846"], ["275844", "275845"]]}}