{"sorts": ["object", "label"], "predicates": {"has_label": ["object", "label"], "gray": ["object"], "blue": ["object"], "black": ["object"], "silver": ["object"], "wood": ["object"], "pink": ["object"], "metal": ["object"], "standing": ["object"], "behind": ["object", "object"], "to_the_right_of": ["object", "object"], "to_the_left_of": ["object", "object"], "on": ["object", "object"], "in_front_of": ["object", "object"], "watching": ["object", "object"], "riding_on": ["object", "object"], "wearing": ["object", "object"]}, "elements": {"object": ["165790", "165792", "165793", "165804", "165806", "165796", "165807", "165798", "165809", "165815", "165810", "165803", "165786", "165799", "165805"], "label": ["bench", "shirt", "football", "skateboard", "pavement", "cowboy_hat", "skateboard", "wheel", "bottle", "boys", "shirt", "shorts", "man", "wheel", "wall"]}, "interpretation": {"has_label": [["165790", "bench"], ["165792", "shirt"], ["165793", "football"], ["165804", "skateboard"], ["165806", "pavement"], ["165796", "cowboy_hat"], ["165807", "skateboard"], ["165798", "wheel"], ["165809", "bottle"], ["165815", "boys"], ["165810", "shirt"], ["165803", "shorts"], ["165786", "man"], ["165799", "wheel"], ["165805", "wall"]], "gray": [["165792"]], "blue": [["165809"]], "black": [["165807"]], "silver": [["165790"]], "wood": [["165790"]], "pink": [["165796"], ["165803"]], "metal": [["165790"]], "standing": [["165815"]], "behind": [["165790", "165786"]], "to_the_right_of": [["165790", "165804"], ["165796", "165786"], ["165807", "165804"], ["165809", "165786"], ["165810", "165786"], ["165810", "165809"], ["165803", "165786"], ["165803", "165809"], ["165786", "165815"], ["165786", "165792"], ["165786", "165804"], ["165786", "165793"]], "to_the_left_of": [["165792", "165786"], ["165793", "165786"], ["165804", "165786"], ["165804", "165807"], ["165804", "165790"], ["165809", "165810"], ["165809", "165803"], ["165815", "165786"], ["165786", "165810"], ["165786", "165803"], ["165786", "165809"], ["165786", "165796"]], "on": [["165790", "165806"], ["165815", "165804"], ["165786", "165807"]], "in_front_of": [["165786", "165790"]], "watching": [["165815", "165786"]], "riding_on": [["165815", "165804"]], "wearing": [["165815", "165792"], ["165815", "165815"]]}}