{"sorts": ["object", "label"], "predicates": {"has_label": ["object", "label"], "sliced": ["object"], "brown": ["object"], "white": ["object"], "wood": ["object"], "round": ["object"], "green": ["object"], "on": ["object", "object"], "to_the_right_of": ["object", "object"], "on_top_of": ["object", "object"], "to_the_left_of": ["object", "object"]}, "elements": {"object": ["1014038", "1014037", "1014035", "1014048", "1014047", "1014045", "1014044"], "label": ["plate", "cheese", "apple", "skin", "nuts", "table", "food"]}, "interpretation": {"has_label": [["1014038", "plate"], ["1014037", "cheese"], ["1014035", "apple"], ["1014048", "skin"], ["1014047", "nuts"], ["1014045", "table"], ["1014044", "food"]], "sliced": [["1014037"], ["1014035"]], "brown": [["1014037"], ["1014045"], ["1014044"]], "white": [["1014038"]], "wood": [["1014045"]], "round": [["1014038"]], "green": [["1014048"]], "on": [["1014037", "1014038"], ["1014035", "1014038"]], "to_the_right_of": [["1014047", "1014037"]], "on_top_of": [["1014038", "1014045"], ["1014037", "1014038"], ["1014035", "1014038"], ["1014044", "1014038"]], "to_the_left_of": [["1014037", "1014047"]]}}