{"sorts": ["object", "label"], "predicates": {"has_label": ["object", "label"], "shiny": ["object"], "gray": ["object"], "small": ["object"], "black": ["object"], "brown": ["object"], "white": ["object"], "wood": ["object"], "apple": ["object"], "open": ["object"], "to_the_right_of": ["object", "object"], "to_the_left_of": ["object", "object"], "on": ["object", "object"], "next_to": ["object", "object"], "near": ["object", "object"]}, "elements": {"object": ["361347", "361345", "361354", "361346", "361352", "361350", "361351", "361366", "361349", "361362", "361361"], "label": ["cord", "computer_mouse", "decoration", "book", "word", "word", "word", "number", "table", "apple", "symbol"]}, "interpretation": {"has_label": [["361347", "cord"], ["361345", "computer_mouse"], ["361354", "decoration"], ["361346", "book"], ["361352", "word"], ["361350", "word"], ["361351", "word"], ["361366", "number"], ["361349", "table"], ["361362", "apple"], ["361361", "symbol"]], "shiny": [["361345"]], "gray": [["361347"]], "small": [["361361"]], "black": [["361352"], ["361350"], ["361351"]], "brown": [["361349"]], "white": [["361345"]], "wood": [["361349"]], "apple": [["361345"]], "open": [["361346"]], "to_the_right_of": [["361347", "361366"], ["361347", "361351"], ["361345", "361350"]], "to_the_left_of": [["361350", "361345"], ["361351", "361347"], ["361366", "361347"]], "on": [["361345", "361349"], ["361346", "361349"]], "next_to": [["361345", "361346"], ["361346", "361345"]], "near": [["361345", "361346"], ["361346", "361345"]]}}