{"sorts": ["object", "label"], "predicates": {"ON": ["object", "object"], "has_label": ["object", "label"], "holding up": ["object", "object"], "white": ["object"], "for": ["object", "object"]}, "interpretation": {"ON": [["1918777_200_134", "3798366_237_299"], ["3208204_296_251", "3798367_195_139"]], "has_label": [["1918777_200_134", "stop sign"], ["3798366_237_299", "pole"], ["2571838_243_300", "pole"], ["2571839_199_139", "sign"], ["3208204_296_251", "trim"], ["3798367_195_139", "sign"], ["2068938_240_294", "pole"]], "holding up": [["2571838_243_300", "2571839_199_139"]], "white": [["3208204_296_251"]], "for": [["2068938_240_294", "3798367_195_139"]]}, "elements": {"object": ["3208204_296_251", "2571839_199_139", "1918777_200_134", "2571838_243_300", "3798367_195_139", "3798366_237_299", "2068938_240_294"], "label": ["pole", "trim", "stop sign", "sign"]}, "image": {"id": 2394462, "url": "https://cs.stanford.edu/people/rak248/VG_100K_2/2394462.jpg", "width": 500, "height": 375, "coco_id": null, "flickr_id": 33512340}}