{"sorts": ["object", "label"], "predicates": {"has_label": ["object", "label"], "sliced": ["object"], "dark": ["object"], "wood": ["object"], "melted": ["object"], "green": ["object"], "to_the_right_of": ["object", "object"], "to_the_left_of": ["object", "object"]}, "elements": {"object": ["2276669", "2105985", "1830532", "1877152", "1877153", "2540677", "1877151", "2276670", "1877154", "2576211", "1953663", "1838856", "1838857", "2251068", "1877147", "2540676", "2665467"], "label": ["vegetable", "tomatoes", "pepper", "tomato", "tomato", "crust", "tomato", "vegetable", "tomato", "cheese", "peppers", "tomato", "tomato", "cheese", "tomato", "crust", "table"]}, "interpretation": {"has_label": [["2276669", "vegetable"], ["2105985", "tomatoes"], ["1830532", "pepper"], ["1877152", "tomato"], ["1877153", "tomato"], ["2540677", "crust"], ["1877151", "tomato"], ["2276670", "vegetable"], ["1877154", "tomato"], ["2576211", "cheese"], ["1953663", "peppers"], ["1838856", "tomato"], ["1838857", "tomato"], ["2251068", "cheese"], ["1877147", "tomato"], ["2540676", "crust"], ["2665467", "table"]], "sliced": [["1953663"], ["1877147"]], "dark": [["2540677"], ["2540676"]], "wood": [["2665467"]], "melted": [["2576211"]], "green": [["2276669"], ["1830532"], ["2276670"]], "to_the_right_of": [["2105985", "2576211"], ["2105985", "2251068"], ["2105985", "1838857"], ["2276670", "1953663"], ["2576211", "1838857"], ["2576211", "2251068"], ["2576211", "2276669"], ["1838857", "2251068"], ["1838857", "2276669"], ["1838857", "1830532"], ["2251068", "2276669"]], "to_the_left_of": [["2276669", "2576211"], ["2276669", "2251068"], ["2276669", "1838857"], ["1830532", "1838857"], ["2576211", "2105985"], ["1953663", "2276670"], ["1838857", "2105985"], ["1838857", "2576211"], ["2251068", "2576211"], ["2251068", "2105985"], ["2251068", "1838857"]]}}