{"sorts": ["object", "label"], "predicates": {"has_label": ["object", "label"], "shiny": ["object"], "small": ["object"], "glass": ["object"], "sliced": ["object"], "white": ["object"], "grilled": ["object"], "tall": ["object"], "round": ["object"], "red": ["object"], "fresh": ["object"], "roasted": ["object"], "baked": ["object"], "large": ["object"], "of": ["object", "object"], "with": ["object", "object"], "in": ["object", "object"], "to_the_right_of": ["object", "object"], "to_the_left_of": ["object", "object"], "on": ["object", "object"], "next_to": ["object", "object"], "near": ["object", "object"]}, "elements": {"object": ["382711", "382710", "382713", "382712", "382706", "382707", "382717", "382705", "382725", "382726", "382727", "382720", "382718", "382715", "382708", "382716", "382714"], "label": ["bread", "table", "napkin", "butter", "glass", "water", "broccoli", "plate", "loaf", "loaf", "container", "napkin", "knife", "spoon", "tomatoes", "bowl", "fork"]}, "interpretation": {"has_label": [["382711", "bread"], ["382710", "table"], ["382713", "napkin"], ["382712", "butter"], ["382706", "glass"], ["382707", "water"], ["382717", "broccoli"], ["382705", "plate"], ["382725", "loaf"], ["382726", "loaf"], ["382727", "container"], ["382720", "napkin"], ["382718", "knife"], ["382715", "spoon"], ["382708", "tomatoes"], ["382716", "bowl"], ["382714", "fork"]], "shiny": [["382715"]], "small": [["382727"]], "glass": [["382710"]], "sliced": [["382708"]], "white": [["382705"], ["382716"]], "grilled": [["382708"]], "tall": [["382706"]], "round": [["382710"], ["382705"], ["382716"]], "red": [["382708"]], "fresh": [["382711"]], "roasted": [["382708"]], "baked": [["382711"], ["382708"]], "large": [["382705"]], "of": [["382706", "382707"]], "with": [["382716", "382717"]], "in": [["382717", "382716"]], "to_the_right_of": [["382711", "382727"], ["382706", "382718"], ["382706", "382726"], ["382706", "382725"], ["382706", "382711"], ["382707", "382725"], ["382707", "382711"], ["382707", "382726"], ["382707", "382718"], ["382717", "382713"], ["382717", "382714"], ["382705", "382713"], ["382705", "382712"], ["382705", "382715"], ["382705", "382714"], ["382705", "382720"], ["382725", "382727"], ["382708", "382705"], ["382708", "382716"], ["382716", "382712"], ["382716", "382715"], ["382716", "382713"], ["382716", "382720"], ["382716", "382714"]], "to_the_left_of": [["382711", "382706"], ["382711", "382707"], ["382713", "382717"], ["382713", "382716"], ["382713", "382705"], ["382712", "382705"], ["382712", "382716"], ["382705", "382708"], ["382725", "382706"], ["382725", "382707"], ["382726", "382707"], ["382726", "382706"], ["382727", "382711"], ["382727", "382725"], ["382720", "382716"], ["382720", "382705"], ["382718", "382707"], ["382718", "382706"], ["382715", "382716"], ["382715", "382705"], ["382716", "382708"], ["382714", "382716"], ["382714", "382717"], ["382714", "382705"]], "on": [["382712", "382720"], ["382706", "382710"], ["382727", "382710"], ["382715", "382713"], ["382714", "382713"]], "next_to": [["382718", "382711"]], "near": [["382711", "382718"]]}}