{"sorts": ["object", "label"], "predicates": {"has_label": ["object", "label"], "pointing": ["object"], "blue": ["object"], "black": ["object"], "brown": ["object"], "white": ["object"], "metal": ["object"], "tilted": ["object"], "of": ["object", "object"], "to_the_left_of": ["object", "object"], "to_the_right_of": ["object", "object"]}, "elements": {"object": ["4203208", "4203236", "4203202", "4203214", "4203183", "4203206", "4203207", "4203210", "4203196", "4203194", "4203193", "4203211", "4203198", "4203218"], "label": ["man", "clock", "window", "hand", "hand", "hair", "jeans", "shirt", "coat", "pole", "pole", "hand", "frame", "person"]}, "interpretation": {"has_label": [["4203208", "man"], ["4203236", "clock"], ["4203202", "window"], ["4203214", "hand"], ["4203183", "hand"], ["4203206", "hair"], ["4203207", "jeans"], ["4203210", "shirt"], ["4203196", "coat"], ["4203194", "pole"], ["4203193", "pole"], ["4203211", "hand"], ["4203198", "frame"], ["4203218", "person"]], "pointing": [["4203183"]], "blue": [["4203207"]], "black": [["4203196"]], "brown": [["4203206"]], "white": [["4203210"]], "metal": [["4203198"]], "tilted": [["4203194"], ["4203193"]], "of": [["4203206", "4203208"], ["4203207", "4203208"]], "to_the_left_of": [["4203183", "4203202"], ["4203183", "4203236"], ["4203194", "4203202"], ["4203211", "4203214"], ["4203218", "4203236"], ["4203218", "4203202"]], "to_the_right_of": [["4203236", "4203218"], ["4203236", "4203183"], ["4203202", "4203218"], ["4203202", "4203183"], ["4203202", "4203194"], ["4203214", "4203211"]]}}