{"sorts": ["object", "label"], "predicates": {"has_label": ["object", "label"], "brown": ["object"], "white": ["object"], "to_the_right_of": ["object", "object"], "to_the_left_of": ["object", "object"], "on": ["object", "object"], "with": ["object", "object"], "wearing": ["object", "object"]}, "elements": {"object": ["4663055", "4663054", "4663051", "4663053", "4663052", "4663037", "4663038"], "label": ["wall", "picture", "man", "shoes", "pants", "cake", "frosting"]}, "interpretation": {"has_label": [["4663055", "wall"], ["4663054", "picture"], ["4663051", "man"], ["4663053", "shoes"], ["4663052", "pants"], ["4663037", "cake"], ["4663038", "frosting"]], "brown": [["4663053"]], "white": [["4663037"]], "to_the_right_of": [["4663037", "4663051"], ["4663038", "4663051"]], "to_the_left_of": [["4663051", "4663038"], ["4663051", "4663037"]], "on": [["4663054", "4663055"]], "with": [["4663037", "4663038"]], "wearing": [["4663051", "4663052"]]}}