{"sorts": ["object", "label"], "predicates": {"has_label": ["object", "label"], "small": ["object"], "pretty": ["object"], "brown": ["object"], "white": ["object"], "wood": ["object"], "mature": ["object"], "round": ["object"], "elderly": ["object"], "green": ["object"], "looking_at": ["object", "object"], "to_the_right_of": ["object", "object"], "to_the_left_of": ["object", "object"], "near": ["object", "object"], "wearing": ["object", "object"]}, "elements": {"object": ["699767", "699781", "699780", "699783", "699782", "699785", "699784", "699787", "699768", "699778", "699779", "699769", "699772", "699773", "699774", "699775", "699777"], "label": ["cake", "ear", "sweater", "collar", "ring", "window", "tag", "eye", "table", "glasses", "paper_towels", "woman", "woman", "dog", "glasses", "plate", "nose"]}, "interpretation": {"has_label": [["699767", "cake"], ["699781", "ear"], ["699780", "sweater"], ["699783", "collar"], ["699782", "ring"], ["699785", "window"], ["699784", "tag"], ["699787", "eye"], ["699768", "table"], ["699778", "glasses"], ["699779", "paper_towels"], ["699769", "woman"], ["699772", "woman"], ["699773", "dog"], ["699774", "glasses"], ["699775", "plate"], ["699777", "nose"]], "small": [["699773"]], "pretty": [["699767"]], "brown": [["699783"], ["699768"], ["699773"], ["699777"]], "white": [["699767"], ["699775"]], "wood": [["699768"]], "mature": [["699772"]], "round": [["699767"]], "elderly": [["699769"]], "green": [["699780"], ["699784"]], "looking_at": [["699769", "699767"]], "to_the_right_of": [["699767", "699783"], ["699767", "699784"], ["699782", "699767"], ["699785", "699780"], ["699785", "699769"], ["699785", "699778"], ["699772", "699777"], ["699772", "699773"], ["699772", "699774"], ["699772", "699780"], ["699772", "699781"], ["699772", "699769"], ["699772", "699787"], ["699772", "699784"], ["699772", "699783"], ["699775", "699767"], ["699775", "699772"]], "to_the_left_of": [["699767", "699775"], ["699767", "699782"], ["699781", "699772"], ["699780", "699785"], ["699780", "699772"], ["699783", "699772"], ["699783", "699767"], ["699784", "699772"], ["699784", "699767"], ["699787", "699772"], ["699778", "699785"], ["699769", "699785"], ["699769", "699772"], ["699772", "699775"], ["699773", "699772"], ["699774", "699772"], ["699777", "699772"]], "near": [["699785", "699768"], ["699768", "699785"], ["699772", "699775"], ["699775", "699772"]], "wearing": [["699769", "699774"], ["699772", "699782"]]}}