{"sorts": ["object", "label"], "predicates": {"has_label": ["object", "label"], "frosted": ["object"], "black": ["object"], "brown": ["object"], "chocolate": ["object"], "white": ["object"], "red": ["object"], "round": ["object"], "pink": ["object"], "green": ["object"], "on": ["object", "object"], "to_the_right_of": ["object", "object"], "in": ["object", "object"], "to_the_left_of": ["object", "object"]}, "elements": {"object": ["1281358", "1281353", "1281357", "1281356", "1281355", "1281362", "1281363", "1281360", "1281361", "1281364", "1281365"], "label": ["plate", "cookie", "head", "ball", "cookie", "cake", "cookie", "shoe", "dessert", "blanket", "sprinkles"]}, "interpretation": {"has_label": [["1281358", "plate"], ["1281353", "cookie"], ["1281357", "head"], ["1281356", "ball"], ["1281355", "cookie"], ["1281362", "cake"], ["1281363", "cookie"], ["1281360", "shoe"], ["1281361", "dessert"], ["1281364", "blanket"], ["1281365", "sprinkles"]], "frosted": [["1281356"]], "black": [["1281363"]], "brown": [["1281356"]], "chocolate": [["1281356"]], "white": [["1281358"], ["1281357"], ["1281362"]], "red": [["1281360"], ["1281364"]], "round": [["1281353"]], "pink": [["1281353"], ["1281361"]], "green": [["1281355"]], "on": [["1281358", "1281364"], ["1281353", "1281358"], ["1281362", "1281358"], ["1281361", "1281358"], ["1281365", "1281355"]], "to_the_right_of": [["1281355", "1281356"], ["1281361", "1281362"], ["1281365", "1281353"]], "in": [["1281362", "1281358"]], "to_the_left_of": [["1281353", "1281365"], ["1281356", "1281355"], ["1281362", "1281361"]]}}