{"sorts": ["object", "label"], "predicates": {"has_label": ["object", "label"], "red": ["object"], "white": ["object"], "to_the_right_of": ["object", "object"], "to_the_left_of": ["object", "object"]}, "elements": {"object": ["2756065", "3210542", "3421782", "3421783", "3421780", "3421781", "3214698", "3421779", "3421778"], "label": ["serving_tray", "cake", "flowers", "flowers", "flowers", "flowers", "utensil", "flowers", "flowers"]}, "interpretation": {"has_label": [["2756065", "serving_tray"], ["3210542", "cake"], ["3421782", "flowers"], ["3421783", "flowers"], ["3421780", "flowers"], ["3421781", "flowers"], ["3214698", "utensil"], ["3421779", "flowers"], ["3421778", "flowers"]], "red": [["3421782"], ["3421780"], ["3421781"], ["3421779"], ["3421778"]], "white": [["3210542"]], "to_the_right_of": [["3210542", "2756065"], ["3421782", "3210542"], ["3421783", "3421781"]], "to_the_left_of": [["2756065", "3210542"], ["3210542", "3421782"], ["3421781", "3421783"]]}}