{"sorts": ["object", "label"], "predicates": {"IN": ["object", "object"], "has_label": ["object", "label"], "long ": ["object"], "wild ": ["object"], "illuminated": ["object"], "tall": ["object"], "green": ["object"], "of a": ["object", "object"], "brown": ["object"], "large": ["object"], "furry ": ["object"], "ON": ["object", "object"], "has": ["object", "object"], "black ": ["object"], "walking though": ["object", "object"], "tall ": ["object"], "OF": ["object", "object"]}, "interpretation": {"IN": [["3886147_279_5", "2792935_4_0"], ["3886146_69_0", "2792935_4_0"], ["3886145_5_2", "2792935_4_0"], ["2465657_0_2", "2792935_4_0"], ["2983320_4_304", "2792935_4_0"], ["3360137_0_0", "3886149_5_3"]], "has_label": [["3886147_279_5", "trees"], ["2792935_4_0", "forest"], ["3886146_69_0", "trees"], ["3886145_5_2", "trees"], ["2465657_0_2", "trees"], ["2983320_4_304", "grass"], ["3390956_117_212", "ear"], ["3512089_104_189", "bear"], ["3390957_130_212", "ear"], ["3384165_175_194", "fur"], ["3360137_0_0", "forest"], ["3886149_5_3", "background"], ["2559075_93_286", "nose"], ["2704013_4_267", "grass"], ["3718878_0_190", "grass"], ["3514628_134_208", "ear"], ["3514630_95_188", "bear"]], "long ": [["2983320_4_304"]], "wild ": [["2983320_4_304"]], "illuminated": [["2983320_4_304"]], "tall": [["2983320_4_304"]], "green": [["2983320_4_304"]], "of a": [["3390956_117_212", "3512089_104_189"], ["3390957_130_212", "3512089_104_189"], ["2559075_93_286", "3512089_104_189"]], "brown": [["3512089_104_189"]], "large": [["3512089_104_189"]], "furry ": [["3512089_104_189"]], "ON": [["3512089_104_189", "2983320_4_304"], ["3512089_104_189", "3718878_0_190"]], "has": [["3512089_104_189", "3384165_175_194"]], "black ": [["2559075_93_286"]], "walking though": [["3512089_104_189", "2704013_4_267"]], "tall ": [["3718878_0_190"]], "OF": [["3514628_134_208", "3514630_95_188"]]}, "elements": {"object": ["3886149_5_3", "2704013_4_267", "3514628_134_208", "3514630_95_188", "2465657_0_2", "3512089_104_189", "3390957_130_212", "3886146_69_0", "3390956_117_212", "2559075_93_286", "2792935_4_0", "3886145_5_2", "2983320_4_304", "3886147_279_5", "3384165_175_194", "3360137_0_0", "3718878_0_190"], "label": ["forest", "trees", "fur", "ear", "grass", "bear", "background", "nose"]}, "image": {"id": 2365096, "url": "https://cs.stanford.edu/people/rak248/VG_100K/2365096.jpg", "width": 500, "height": 500, "coco_id": null, "flickr_id": 8862148129}}