{"sorts": ["object", "label"], "predicates": {"on a": ["object", "object"], "has_label": ["object", "label"], "has": ["object", "object"], "short": ["object"], "WEARING": ["object", "object"]}, "interpretation": {"on a": [["3402643_184_39", "3402644_159_242"]], "has_label": [["3402643_184_39", "woman"], ["3402644_159_242", "skateboard"], ["2451467_181_42", "woman"], ["3929787_200_111", "sleeves"], ["2451468_203_194", "wristbands"]], "has": [["2451467_181_42", "3929787_200_111"]], "short": [["3929787_200_111"]], "WEARING": [["2451467_181_42", "2451468_203_194"]]}, "elements": {"object": ["3402643_184_39", "2451468_203_194", "3402644_159_242", "2451467_181_42", "3929787_200_111"], "label": ["wristbands", "woman", "sleeves", "skateboard"]}, "image": {"id": 2338782, "url": "https://cs.stanford.edu/people/rak248/VG_100K/2338782.jpg", "width": 500, "height": 322, "coco_id": 404557, "flickr_id": 7645655202}}