{"sorts": ["object", "label"], "predicates": {"has_label": ["object", "label"], "shiny": ["object"], "clear": ["object"], "black": ["object"], "brown": ["object"], "white": ["object"], "barefoot": ["object"], "large": ["object"], "standing_on": ["object", "object"], "to_the_right_of": ["object", "object"], "of": ["object", "object"], "to_the_left_of": ["object", "object"]}, "elements": {"object": ["4030116", "4030099", "4030124", "4030062", "4030123", "4030095", "4030120", "4030057", "4030056", "4030102", "4030053", "4030052", "4030050"], "label": ["foot", "floor", "toilet", "toilet", "toilet_seat", "rug", "toilet_brush", "water", "feet", "person", "shorts", "shirt", "lid"]}, "interpretation": {"has_label": [["4030116", "foot"], ["4030099", "floor"], ["4030124", "toilet"], ["4030062", "toilet"], ["4030123", "toilet_seat"], ["4030095", "rug"], ["4030120", "toilet_brush"], ["4030057", "water"], ["4030056", "feet"], ["4030102", "person"], ["4030053", "shorts"], ["4030052", "shirt"], ["4030050", "lid"]], "shiny": [["4030124"], ["4030123"]], "clear": [["4030057"]], "black": [["4030053"]], "brown": [["4030095"]], "white": [["4030124"], ["4030123"], ["4030120"]], "barefoot": [["4030102"]], "large": [["4030052"]], "standing_on": [["4030102", "4030095"]], "to_the_right_of": [["4030120", "4030123"], ["4030056", "4030116"]], "of": [["4030116", "4030102"], ["4030056", "4030102"]], "to_the_left_of": [["4030116", "4030056"], ["4030123", "4030120"]]}}