{"sorts": ["object", "label"], "predicates": {"has_label": ["object", "label"], "bending": ["object"], "splashing": ["object"], "clean": ["object"], "elevated": ["object"], "blue": ["object"], "black": ["object"], "white": ["object"], "dark": ["object"], "flat": ["object"], "surfing": ["object"], "short": ["object"], "standing_on": ["object", "object"], "in": ["object", "object"], "on": ["object", "object"], "riding_on": ["object", "object"], "near": ["object", "object"], "wearing": ["object", "object"]}, "elements": {"object": ["888223", "888231", "888230", "888220", "888221", "888224", "888228"], "label": ["surfboard", "head", "hair", "man", "shorts", "water", "sky"]}, "interpretation": {"has_label": [["888223", "surfboard"], ["888231", "head"], ["888230", "hair"], ["888220", "man"], ["888221", "shorts"], ["888224", "water"], ["888228", "sky"]], "bending": [["888220"]], "splashing": [["888224"]], "clean": [["888224"]], "elevated": [["888224"]], "blue": [["888224"]], "black": [["888221"]], "white": [["888223"], ["888228"]], "dark": [["888230"]], "flat": [["888224"]], "surfing": [["888220"]], "short": [["888223"]], "standing_on": [["888220", "888223"]], "in": [["888220", "888224"]], "on": [["888223", "888224"], ["888220", "888223"]], "riding_on": [["888220", "888223"]], "near": [["888223", "888224"], ["888224", "888223"]], "wearing": [["888220", "888221"]]}}