{"sorts": ["object", "label"], "predicates": {"has_label": ["object", "label"], "flying": ["object"], "blue": ["object"], "black": ["object"], "playing": ["object"], "white": ["object"], "dark": ["object"], "red": ["object"], "hitting": ["object"], "blurry": ["object"], "wearing": ["object", "object"], "to_the_left_of": ["object", "object"], "to_the_right_of": ["object", "object"]}, "elements": {"object": ["392658", "392642", "392636", "392640", "392652", "392646", "392654", "392644", "392632", "392651", "392657", "392637", "392645", "392647", "392656"], "label": ["foot", "windows", "building", "arm", "cap", "racket", "bracelet", "shorts", "woman", "backpack", "foot", "ball", "hair", "shirt", "leg"]}, "interpretation": {"has_label": [["392658", "foot"], ["392642", "windows"], ["392636", "building"], ["392640", "arm"], ["392652", "cap"], ["392646", "racket"], ["392654", "bracelet"], ["392644", "shorts"], ["392632", "woman"], ["392651", "backpack"], ["392657", "foot"], ["392637", "ball"], ["392645", "hair"], ["392647", "shirt"], ["392656", "leg"]], "flying": [["392637"]], "blue": [["392646"]], "black": [["392652"], ["392644"]], "playing": [["392632"]], "white": [["392636"], ["392654"], ["392647"]], "dark": [["392642"]], "red": [["392651"]], "hitting": [["392632"]], "blurry": [["392637"]], "wearing": [["392632", "392654"], ["392632", "392652"]], "to_the_left_of": [["392642", "392645"], ["392642", "392652"], ["392652", "392645"], ["392646", "392632"], ["392646", "392656"], ["392654", "392644"], ["392654", "392656"], ["392657", "392658"], ["392656", "392658"], ["392656", "392644"]], "to_the_right_of": [["392658", "392657"], ["392658", "392656"], ["392652", "392642"], ["392644", "392654"], ["392644", "392656"], ["392632", "392646"], ["392645", "392642"], ["392645", "392652"], ["392656", "392646"], ["392656", "392654"]]}}